run_at,tier,protocol,spec,seq,request,method,url,http_status,ms,expected,success,pin,error
2026-10-06T09:39:33,Certification,REST,runs/cert-rest.yaml,1,AUTH · OKTA Token,POST,shipapi-stg.dsc-nonprod.aws-purolator.com/auth/v1/token,200,938,"2xx, no errors",True,,
2026-10-06T09:39:33,Certification,REST,runs/cert-rest.yaml,2,ESTIMATE · Domestic · Dangerous Goods (sample),POST,shipapi-stg.dsc-nonprod.aws-purolator.com/rate/v1/shipment,200,852,"2xx, no errors",True,,
2026-10-06T09:39:33,Certification,REST,runs/cert-rest.yaml,3,ESTIMATE · Domestic · Adult Signature Required (sample),POST,shipapi-stg.dsc-nonprod.aws-purolator.com/rate/v1/shipment,200,622,"2xx, no errors",True,,
2026-10-06T09:39:33,Certification,REST,runs/cert-rest.yaml,4,ESTIMATE · Domestic · Health Care,POST,shipapi-stg.dsc-nonprod.aws-purolator.com/rate/v1/shipment,400,538,"2xx, no errors",False,,9001-69 Outbound: HealthCare is not valid for this shipment.
2026-10-06T09:39:33,Certification,REST,runs/cert-rest.yaml,5,ESTIMATE · Domestic · Large Packages,POST,shipapi-stg.dsc-nonprod.aws-purolator.com/rate/v1/shipment,200,709,"2xx, no errors",True,,
2026-10-06T09:39:33,Certification,REST,runs/cert-rest.yaml,6,ESTIMATE · Domestic · HFPU + Saturday Del,POST,shipapi-stg.dsc-nonprod.aws-purolator.com/rate/v1/shipment,400,233,"2xx, no errors",False,,"9001-104 Outbound: For domestic outbound shipments, Saturday Delivery must be combined with Purolator Express and be created on a Friday."
2026-10-06T09:39:33,Certification,REST,runs/cert-rest.yaml,7,QUICK ESTIMATE · Domestic · Basic (sample),POST,shipapi-stg.dsc-nonprod.aws-purolator.com/rate/v1/shipment,200,702,"2xx, no errors",True,,
2026-10-06T09:39:33,Certification,REST,runs/cert-rest.yaml,8,ESTIMATE · International · Costa Rica,POST,shipapi-stg.dsc-nonprod.aws-purolator.com/rate/v1/shipment,200,458,"2xx, no errors",True,,
2026-10-06T09:39:33,Certification,REST,runs/cert-rest.yaml,9,ESTIMATE · Domestic · Return Label,POST,shipapi-stg.dsc-nonprod.aws-purolator.com/rate/v1/shipment,200,630,"2xx, no errors",True,,
2026-10-06T09:39:33,Certification,REST,runs/cert-rest.yaml,10,ESTIMATE · Domestic · Express Cheque + Return Label,POST,shipapi-stg.dsc-nonprod.aws-purolator.com/rate/v1/shipment,200,622,"2xx, no errors",True,,
2026-10-06T09:39:33,Certification,REST,runs/cert-rest.yaml,11,ESTIMATE · International · Israel,POST,shipapi-stg.dsc-nonprod.aws-purolator.com/rate/v1/shipment,200,619,"2xx, no errors",True,,
2026-10-06T09:39:33,Certification,REST,runs/cert-rest.yaml,12,ESTIMATE · US · Textile,POST,shipapi-stg.dsc-nonprod.aws-purolator.com/rate/v1/shipment,200,498,"2xx, no errors",True,,
2026-10-06T09:39:33,Certification,REST,runs/cert-rest.yaml,13,ESTIMATE · Domestic · Shipment Date,POST,shipapi-stg.dsc-nonprod.aws-purolator.com/rate/v1/shipment,200,839,"2xx, no errors",True,,
2026-10-06T09:39:33,Certification,REST,runs/cert-rest.yaml,14,ESTIMATE · US · Residential Signature (import sample),POST,shipapi-stg.dsc-nonprod.aws-purolator.com/rate/v1/shipment,200,503,"2xx, no errors",True,,
2026-10-06T09:39:33,Certification,REST,runs/cert-rest.yaml,15,QUICK ESTIMATE · Domestic · Basic,POST,shipapi-stg.dsc-nonprod.aws-purolator.com/rate/v1/shipment,200,735,"2xx, no errors",True,,
2026-10-06T09:39:33,Certification,REST,runs/cert-rest.yaml,16,QUICK ESTIMATE · International · Basic,POST,shipapi-stg.dsc-nonprod.aws-purolator.com/rate/v1/shipment,200,560,"2xx, no errors",True,,
2026-10-06T09:39:33,Certification,REST,runs/cert-rest.yaml,17,QUICK ESTIMATE · US · Basic,POST,shipapi-stg.dsc-nonprod.aws-purolator.com/rate/v1/shipment,200,578,"2xx, no errors",True,,
2026-10-06T09:39:33,Certification,REST,runs/cert-rest.yaml,18,QUICK ESTIMATE · Domestic · Special Handling,POST,shipapi-stg.dsc-nonprod.aws-purolator.com/rate/v1/shipment,200,658,"2xx, no errors",True,,
2026-10-06T09:39:33,Certification,REST,runs/cert-rest.yaml,19,ESTIMATE · Domestic · Basic,POST,shipapi-stg.dsc-nonprod.aws-purolator.com/rate/v1/shipment,200,634,"2xx, no errors",True,,
2026-10-06T09:39:33,Certification,REST,runs/cert-rest.yaml,20,ESTIMATE · Domestic · Beyond Point,POST,shipapi-stg.dsc-nonprod.aws-purolator.com/rate/v1/shipment,200,602,"2xx, no errors",True,,
2026-10-06T09:39:33,Certification,REST,runs/cert-rest.yaml,21,ESTIMATE · Domestic · Residential Delivery,POST,shipapi-stg.dsc-nonprod.aws-purolator.com/rate/v1/shipment,200,573,"2xx, no errors",True,,
2026-10-06T09:39:33,Certification,REST,runs/cert-rest.yaml,22,ESTIMATE · Domestic · Dangerous Goods,POST,shipapi-stg.dsc-nonprod.aws-purolator.com/rate/v1/shipment,200,572,"2xx, no errors",True,,
2026-10-06T09:39:33,Certification,REST,runs/cert-rest.yaml,23,ESTIMATE · Domestic · Express Cheque,POST,shipapi-stg.dsc-nonprod.aws-purolator.com/rate/v1/shipment,200,612,"2xx, no errors",True,,
2026-10-06T09:39:33,Certification,REST,runs/cert-rest.yaml,24,ESTIMATE · International · Basic,POST,shipapi-stg.dsc-nonprod.aws-purolator.com/rate/v1/shipment,200,559,"2xx, no errors",True,,
2026-10-06T09:39:33,Certification,REST,runs/cert-rest.yaml,25,ESTIMATE · International · France,POST,shipapi-stg.dsc-nonprod.aws-purolator.com/rate/v1/shipment,200,597,"2xx, no errors",True,,
2026-10-06T09:39:33,Certification,REST,runs/cert-rest.yaml,26,ESTIMATE · US · Basic,POST,shipapi-stg.dsc-nonprod.aws-purolator.com/rate/v1/shipment,200,458,"2xx, no errors",True,,
2026-10-06T09:39:33,Certification,REST,runs/cert-rest.yaml,27,ESTIMATE · Domestic · Special Handling,POST,shipapi-stg.dsc-nonprod.aws-purolator.com/rate/v1/shipment,200,907,"2xx, no errors",True,,
2026-10-06T09:39:33,Certification,REST,runs/cert-rest.yaml,28,ESTIMATE · Domestic · Adult Signature Required,POST,shipapi-stg.dsc-nonprod.aws-purolator.com/rate/v1/shipment,200,633,"2xx, no errors",True,,
2026-10-06T09:39:33,Certification,REST,runs/cert-rest.yaml,29,SAMPLE · Domestic · Estimate 2-Piece Notification,POST,shipapi-stg.dsc-nonprod.aws-purolator.com/rate/v1/shipment,200,651,"2xx, no errors",True,,
2026-10-06T09:39:33,Certification,REST,runs/cert-rest.yaml,30,SAMPLE · Domestic · Estimate Basic,POST,shipapi-stg.dsc-nonprod.aws-purolator.com/rate/v1/shipment,200,608,"2xx, no errors",True,,
2026-10-06T09:39:33,Certification,REST,runs/cert-rest.yaml,31,SAMPLE · Domestic · Estimate With Return Label,POST,shipapi-stg.dsc-nonprod.aws-purolator.com/rate/v1/shipment,200,754,"2xx, no errors",True,,
2026-10-06T09:39:33,Certification,REST,runs/cert-rest.yaml,32,SAMPLE · Domestic · Estimate Special Handling Additional Handling,POST,shipapi-stg.dsc-nonprod.aws-purolator.com/rate/v1/shipment,200,648,"2xx, no errors",True,,
2026-10-06T09:39:33,Certification,REST,runs/cert-rest.yaml,33,SAMPLE · Domestic · Estimate Special Handling Flat Package,POST,shipapi-stg.dsc-nonprod.aws-purolator.com/rate/v1/shipment,200,605,"2xx, no errors",True,,
2026-10-06T09:39:33,Certification,REST,runs/cert-rest.yaml,34,SAMPLE · Domestic · Estimate Special Handling Large Package,POST,shipapi-stg.dsc-nonprod.aws-purolator.com/rate/v1/shipment,200,607,"2xx, no errors",True,,
2026-10-06T09:39:33,Certification,REST,runs/cert-rest.yaml,35,SAMPLE · Domestic · Estimate Special Handling Oversized,POST,shipapi-stg.dsc-nonprod.aws-purolator.com/rate/v1/shipment,200,590,"2xx, no errors",True,,
2026-10-06T09:39:33,Certification,REST,runs/cert-rest.yaml,36,SAMPLE · Domestic · Estimate Special Handling Residential Area Heavyweight,POST,shipapi-stg.dsc-nonprod.aws-purolator.com/rate/v1/shipment,200,753,"2xx, no errors",True,,
2026-10-06T09:39:33,Certification,REST,runs/cert-rest.yaml,37,SAMPLE · Domestic · Estimate Destination Beyond Point,POST,shipapi-stg.dsc-nonprod.aws-purolator.com/rate/v1/shipment,200,795,"2xx, no errors",True,,
2026-10-06T09:39:33,Certification,REST,runs/cert-rest.yaml,38,SAMPLE · Domestic · Estimate Residential Delivery,POST,shipapi-stg.dsc-nonprod.aws-purolator.com/rate/v1/shipment,200,585,"2xx, no errors",True,,
2026-10-06T09:39:33,Certification,REST,runs/cert-rest.yaml,39,SAMPLE · Domestic · Estimate Express Cheque,POST,shipapi-stg.dsc-nonprod.aws-purolator.com/rate/v1/shipment,200,696,"2xx, no errors",True,,
2026-10-06T09:39:33,Certification,REST,runs/cert-rest.yaml,40,SAMPLE · Domestic · Estimate Express Cheque With Return Label,POST,shipapi-stg.dsc-nonprod.aws-purolator.com/rate/v1/shipment,200,692,"2xx, no errors",True,,
2026-10-06T09:39:33,Certification,REST,runs/cert-rest.yaml,41,SAMPLE · Domestic · Estimate Express Cheque Dangerous Good,POST,shipapi-stg.dsc-nonprod.aws-purolator.com/rate/v1/shipment,200,533,"2xx, no errors",True,,
2026-10-06T09:39:33,Certification,REST,runs/cert-rest.yaml,42,SAMPLE · Domestic · Estimate Dangerous Good FullyRegulated,POST,shipapi-stg.dsc-nonprod.aws-purolator.com/rate/v1/shipment,200,722,"2xx, no errors",True,,
2026-10-06T09:39:33,Certification,REST,runs/cert-rest.yaml,43,SAMPLE · Domestic · Estimate Dangerous Good UN3373,POST,shipapi-stg.dsc-nonprod.aws-purolator.com/rate/v1/shipment,200,691,"2xx, no errors",True,,
2026-10-06T09:39:33,Certification,REST,runs/cert-rest.yaml,44,SAMPLE · Domestic · Estimate Dangerous Good UN1845,POST,shipapi-stg.dsc-nonprod.aws-purolator.com/rate/v1/shipment,200,734,"2xx, no errors",True,,
2026-10-06T09:39:33,Certification,REST,runs/cert-rest.yaml,45,SAMPLE · Domestic · Estimate Dangerous Good LessThan500kgExempt,POST,shipapi-stg.dsc-nonprod.aws-purolator.com/rate/v1/shipment,200,608,"2xx, no errors",True,,
2026-10-06T09:39:33,Certification,REST,runs/cert-rest.yaml,46,SAMPLE · Domestic · Estimate Dangerous Good LimitedQuantities,POST,shipapi-stg.dsc-nonprod.aws-purolator.com/rate/v1/shipment,200,592,"2xx, no errors",True,,
2026-10-06T09:39:33,Certification,REST,runs/cert-rest.yaml,47,SAMPLE · International · Estimate Basic,POST,shipapi-stg.dsc-nonprod.aws-purolator.com/rate/v1/shipment,200,531,"2xx, no errors",True,,
2026-10-06T09:39:33,Certification,REST,runs/cert-rest.yaml,48,SAMPLE · US · Estimate Basic,POST,shipapi-stg.dsc-nonprod.aws-purolator.com/rate/v1/shipment,200,628,"2xx, no errors",True,,
2026-10-06T09:39:33,Certification,REST,runs/cert-rest.yaml,49,SAMPLE · US · Estimate With Textile,POST,shipapi-stg.dsc-nonprod.aws-purolator.com/rate/v1/shipment,200,602,"2xx, no errors",True,,
2026-10-06T09:39:33,Certification,REST,runs/cert-rest.yaml,50,SAMPLE · US · Estimate Dangerous Good,POST,shipapi-stg.dsc-nonprod.aws-purolator.com/rate/v1/shipment,200,564,"2xx, no errors",True,,
2026-10-06T09:39:33,Certification,REST,runs/cert-rest.yaml,51,SAMPLE · Domestic · Quick Estimate Basic,POST,shipapi-stg.dsc-nonprod.aws-purolator.com/rate/v1/shipment,200,671,"2xx, no errors",True,,
2026-10-06T09:39:33,Certification,REST,runs/cert-rest.yaml,52,SAMPLE · Domestic · Quick Estimate Special Handling,POST,shipapi-stg.dsc-nonprod.aws-purolator.com/rate/v1/shipment,200,763,"2xx, no errors",True,,
2026-10-06T09:39:33,Certification,REST,runs/cert-rest.yaml,53,SAMPLE · International · Quick Estimate Basic,POST,shipapi-stg.dsc-nonprod.aws-purolator.com/rate/v1/shipment,200,539,"2xx, no errors",True,,
2026-10-06T09:39:33,Certification,REST,runs/cert-rest.yaml,54,SAMPLE · US · Quick Estimate Basic,POST,shipapi-stg.dsc-nonprod.aws-purolator.com/rate/v1/shipment,200,563,"2xx, no errors",True,,
2026-10-06T09:39:33,Certification,REST,runs/cert-rest.yaml,55,SAMPLE · International · Estimate Germany,POST,shipapi-stg.dsc-nonprod.aws-purolator.com/rate/v1/shipment,200,525,"2xx, no errors",True,,
2026-10-06T09:39:33,Certification,REST,runs/cert-rest.yaml,56,SAMPLE · International · Estimate Germany Bayern,POST,shipapi-stg.dsc-nonprod.aws-purolator.com/rate/v1/shipment,200,517,"2xx, no errors",True,,
2026-10-06T09:39:33,Certification,REST,runs/cert-rest.yaml,57,SAMPLE · International · Estimate Spain,POST,shipapi-stg.dsc-nonprod.aws-purolator.com/rate/v1/shipment,200,515,"2xx, no errors",True,,
2026-10-06T09:39:33,Certification,REST,runs/cert-rest.yaml,58,SAMPLE · International · Estimate Israel,POST,shipapi-stg.dsc-nonprod.aws-purolator.com/rate/v1/shipment,200,435,"2xx, no errors",True,,
2026-10-06T09:39:33,Certification,REST,runs/cert-rest.yaml,59,SAMPLE · International · Estimate Costa Rica,POST,shipapi-stg.dsc-nonprod.aws-purolator.com/rate/v1/shipment,200,529,"2xx, no errors",True,,
2026-10-06T09:39:33,Certification,REST,runs/cert-rest.yaml,60,SAMPLE · US · Estimate Residential Signature,POST,shipapi-stg.dsc-nonprod.aws-purolator.com/rate/v1/shipment,200,616,"2xx, no errors",True,,
2026-10-06T09:39:33,Certification,REST,runs/cert-rest.yaml,61,SAMPLE · US · Estimate Jericho NY,POST,shipapi-stg.dsc-nonprod.aws-purolator.com/rate/v1/shipment,200,509,"2xx, no errors",True,,
2026-10-06T09:39:33,Certification,REST,runs/cert-rest.yaml,62,SAMPLE · Domestic · Estimate Express 1030AM,POST,shipapi-stg.dsc-nonprod.aws-purolator.com/rate/v1/shipment,200,532,"2xx, no errors",True,,
2026-10-06T09:39:33,Certification,REST,runs/cert-rest.yaml,63,ESTIMATE · Domestic · Express 9AM Metric,POST,shipapi-stg.dsc-nonprod.aws-purolator.com/rate/v1/shipment,200,728,"2xx, no errors",True,,
2026-10-06T09:39:33,Certification,REST,runs/cert-rest.yaml,64,ESTIMATE · Domestic · Ground Imperial,POST,shipapi-stg.dsc-nonprod.aws-purolator.com/rate/v1/shipment,200,617,"2xx, no errors",True,,
2026-10-06T09:39:33,Certification,REST,runs/cert-rest.yaml,65,ESTIMATE · Domestic · Multi-Piece with Dimensions,POST,shipapi-stg.dsc-nonprod.aws-purolator.com/rate/v1/shipment,200,734,"2xx, no errors",True,,
2026-10-06T09:39:33,Certification,REST,runs/cert-rest.yaml,66,ESTIMATE · US · Express,POST,shipapi-stg.dsc-nonprod.aws-purolator.com/rate/v1/shipment,200,468,"2xx, no errors",True,,
2026-10-06T09:39:33,Certification,REST,runs/cert-rest.yaml,67,ESTIMATE · Domestic · With Return Shipment,POST,shipapi-stg.dsc-nonprod.aws-purolator.com/rate/v1/shipment,200,837,"2xx, no errors",True,,
2026-10-06T09:39:33,Certification,REST,runs/cert-rest.yaml,68,ESTIMATE · Domestic · Signature Options + Alternatives,POST,shipapi-stg.dsc-nonprod.aws-purolator.com/rate/v1/shipment,200,703,"2xx, no errors",True,,
2026-10-06T09:39:33,Certification,REST,runs/cert-rest.yaml,69,ESTIMATE · Domestic · Published Rates,POST,shipapi-stg.dsc-nonprod.aws-purolator.com/rate/v1/shipment,400,569,"2xx, no errors",False,,9001-99 Outbound: 'PurolatorGround9AM' is invalid.
2026-10-06T09:39:33,Certification,REST,runs/cert-rest.yaml,70,SHIP · Domestic · Dangerous Goods Limited Quantity,POST,shipapi-stg.dsc-nonprod.aws-purolator.com/ship/v1/shipment,200,6406,"2xx, no errors",True,760068291144,
2026-10-06T09:39:33,Certification,REST,runs/cert-rest.yaml,71,SHIP · Domestic · Dangerous Goods Limited Quantity · FR,POST,shipapi-stg.dsc-nonprod.aws-purolator.com/ship/v1/shipment,200,972,"2xx, no errors",True,760068291151,
2026-10-06T09:39:33,Certification,REST,runs/cert-rest.yaml,72,SHIP · Domestic · Dangerous Goods Declaration,POST,shipapi-stg.dsc-nonprod.aws-purolator.com/ship/v1/shipment,200,975,"2xx, no errors",True,,
2026-10-06T09:39:33,Certification,REST,runs/cert-rest.yaml,73,SHIP · Domestic · Dangerous Goods Declaration · FR,POST,shipapi-stg.dsc-nonprod.aws-purolator.com/ship/v1/shipment,200,741,"2xx, no errors",True,,
2026-10-06T09:39:33,Certification,REST,runs/cert-rest.yaml,74,SHIP · Domestic · 2-Piece Multi-Option,POST,shipapi-stg.dsc-nonprod.aws-purolator.com/ship/v1/shipment,200,944,"2xx, no errors",True,760068291185,
2026-10-06T09:39:33,Certification,REST,runs/cert-rest.yaml,75,SHIP · Domestic · 2-Piece Multi-Option · FR,POST,shipapi-stg.dsc-nonprod.aws-purolator.com/ship/v1/shipment,200,1122,"2xx, no errors",True,760068291201,
2026-10-06T09:39:33,Certification,REST,runs/cert-rest.yaml,76,SHIP · Domestic · HFPU + Saturday Del,POST,shipapi-stg.dsc-nonprod.aws-purolator.com/ship/v1/shipment,400,214,"2xx, no errors",False,,"9001-104 Outbound: For domestic outbound shipments, Saturday Delivery must be combined with Purolator Express and be created on a Friday."
2026-10-06T09:39:33,Certification,REST,runs/cert-rest.yaml,77,SHIP · Domestic · HFPU + Saturday Del · FR,POST,shipapi-stg.dsc-nonprod.aws-purolator.com/ship/v1/shipment,400,211,"2xx, no errors",False,,"9001-104 Sortant: Pour les envois sortants nationaux, le service de livraison le samedi doit être combiné au service Purolator Express et la demande doit avoir été créée le vendredi."
2026-10-06T09:39:33,Certification,REST,runs/cert-rest.yaml,78,SHIP · Domestic · Blind Label (sample 2),POST,shipapi-stg.dsc-nonprod.aws-purolator.com/ship/v1/shipment,400,209,"2xx, no errors",False,,9001-276 outbound: 'formOnLabelInformation' is an unknown field.
2026-10-06T09:39:33,Certification,REST,runs/cert-rest.yaml,79,SHIP · Domestic · Blind Label (sample 2) · FR,POST,shipapi-stg.dsc-nonprod.aws-purolator.com/ship/v1/shipment,400,215,"2xx, no errors",False,,9001-276 sortant : 'formOnLabelInformation' est un champ non reconnu.
2026-10-06T09:39:33,Certification,REST,runs/cert-rest.yaml,80,SHIP · Domestic · Chain of Signature,POST,shipapi-stg.dsc-nonprod.aws-purolator.com/ship/v1/shipment,400,560,"2xx, no errors",False,,9001-153 Outbound: ChainOfSignature is not valid for this shipment.
2026-10-06T09:39:33,Certification,REST,runs/cert-rest.yaml,81,SHIP · Domestic · Chain of Signature · FR,POST,shipapi-stg.dsc-nonprod.aws-purolator.com/ship/v1/shipment,400,462,"2xx, no errors",False,,9001-153 Sortant: ChainOfSignature n’est pas valide pour cet envoi.
2026-10-06T09:39:33,Certification,REST,runs/cert-rest.yaml,82,SHIP · Domestic · Express Cheque + Return Label,POST,shipapi-stg.dsc-nonprod.aws-purolator.com/ship/v1/shipment,400,120,"2xx, no errors",False,,9001-321 Express Cheque Shipments/Functionality NOT available currently.
2026-10-06T09:39:33,Certification,REST,runs/cert-rest.yaml,83,SHIP · Domestic · Express Envelope (sample),POST,shipapi-stg.dsc-nonprod.aws-purolator.com/ship/v1/shipment,200,970,"2xx, no errors",True,760068291227,
2026-10-06T09:39:33,Certification,REST,runs/cert-rest.yaml,84,SHIP · Domestic · Express Envelope (sample) · FR,POST,shipapi-stg.dsc-nonprod.aws-purolator.com/ship/v1/shipment,200,900,"2xx, no errors",True,760068291235,
2026-10-06T09:39:33,Certification,REST,runs/cert-rest.yaml,85,SHIP · Domestic · Blind Label (sample),POST,shipapi-stg.dsc-nonprod.aws-purolator.com/ship/v1/shipment,400,214,"2xx, no errors",False,,9001-276 outbound: 'formOnLabelInformation' is an unknown field.
2026-10-06T09:39:33,Certification,REST,runs/cert-rest.yaml,86,SHIP · Domestic · Blind Label (sample) · FR,POST,shipapi-stg.dsc-nonprod.aws-purolator.com/ship/v1/shipment,400,112,"2xx, no errors",False,,9001-276 sortant : 'formOnLabelInformation' est un champ non reconnu.
2026-10-06T09:39:33,Certification,REST,runs/cert-rest.yaml,87,SHIP · Domestic · Basic,POST,shipapi-stg.dsc-nonprod.aws-purolator.com/ship/v1/shipment,200,830,"2xx, no errors",True,760068291243,
2026-10-06T09:39:33,Certification,REST,runs/cert-rest.yaml,88,SHIP · Domestic · Shipment Date,POST,shipapi-stg.dsc-nonprod.aws-purolator.com/ship/v1/shipment,200,825,"2xx, no errors",True,,
2026-10-06T09:39:33,Certification,REST,runs/cert-rest.yaml,89,SHIP · Domestic · Basic · FR,POST,shipapi-stg.dsc-nonprod.aws-purolator.com/ship/v1/shipment,200,945,"2xx, no errors",True,760068291268,
2026-10-06T09:39:33,Certification,REST,runs/cert-rest.yaml,90,SHIP · Domestic · Beyond Point,POST,shipapi-stg.dsc-nonprod.aws-purolator.com/ship/v1/shipment,200,843,"2xx, no errors",True,760068291276,
2026-10-06T09:39:33,Certification,REST,runs/cert-rest.yaml,91,SHIP · US · Shipment Date,POST,shipapi-stg.dsc-nonprod.aws-purolator.com/ship/v1/shipment,200,674,"2xx, no errors",True,,
2026-10-06T09:39:33,Certification,REST,runs/cert-rest.yaml,92,SHIP · Domestic · Beyond Point · FR,POST,shipapi-stg.dsc-nonprod.aws-purolator.com/ship/v1/shipment,200,951,"2xx, no errors",True,760068291292,
2026-10-06T09:39:33,Certification,REST,runs/cert-rest.yaml,93,SHIP · Domestic · Residential Delivery,POST,shipapi-stg.dsc-nonprod.aws-purolator.com/ship/v1/shipment,200,820,"2xx, no errors",True,760068291300,
2026-10-06T09:39:33,Certification,REST,runs/cert-rest.yaml,94,SHIP · Domestic · Residential Delivery · FR,POST,shipapi-stg.dsc-nonprod.aws-purolator.com/ship/v1/shipment,200,909,"2xx, no errors",True,760068291318,
2026-10-06T09:39:33,Certification,REST,runs/cert-rest.yaml,95,SHIP · Domestic · Dangerous Goods,POST,shipapi-stg.dsc-nonprod.aws-purolator.com/ship/v1/shipment,200,881,"2xx, no errors",True,760068291326,
2026-10-06T09:39:33,Certification,REST,runs/cert-rest.yaml,96,SHIP · Domestic · Dangerous Goods · FR,POST,shipapi-stg.dsc-nonprod.aws-purolator.com/ship/v1/shipment,200,853,"2xx, no errors",True,760068291334,
2026-10-06T09:39:33,Certification,REST,runs/cert-rest.yaml,97,SHIP · Domestic · Express Cheque,POST,shipapi-stg.dsc-nonprod.aws-purolator.com/ship/v1/shipment,400,204,"2xx, no errors",False,,9001-321 Express Cheque Shipments/Functionality NOT available currently.
2026-10-06T09:39:33,Certification,REST,runs/cert-rest.yaml,98,SHIP · Domestic · Express Cheque · FR,POST,shipapi-stg.dsc-nonprod.aws-purolator.com/ship/v1/shipment,400,212,"2xx, no errors",False,,"9001-321 Envois Express Chèque, fonctionnalité non offerte pour le moment."
2026-10-06T09:39:33,Certification,REST,runs/cert-rest.yaml,99,SHIP · Domestic · Return Label,POST,shipapi-stg.dsc-nonprod.aws-purolator.com/ship/v1/shipment,200,925,"2xx, no errors",True,760068291342,
2026-10-06T09:39:33,Certification,REST,runs/cert-rest.yaml,100,SHIP · Domestic · Return Label · FR,POST,shipapi-stg.dsc-nonprod.aws-purolator.com/ship/v1/shipment,200,957,"2xx, no errors",True,760068291359,
2026-10-06T09:39:33,Certification,REST,runs/cert-rest.yaml,101,SHIP · International · Basic,POST,shipapi-stg.dsc-nonprod.aws-purolator.com/ship/v1/shipment,200,905,"2xx, no errors",True,760068291367,
2026-10-06T09:39:33,Certification,REST,runs/cert-rest.yaml,102,VALIDATE · Domestic · Express Cheque + Return Label,POST,shipapi-stg.dsc-nonprod.aws-purolator.com/ship/v1/shipment,400,213,"2xx, no errors",False,,9001-321 Express Cheque Shipments/Functionality NOT available currently.
2026-10-06T09:39:33,Certification,REST,runs/cert-rest.yaml,103,SHIP · International · Basic · FR,POST,shipapi-stg.dsc-nonprod.aws-purolator.com/ship/v1/shipment,200,977,"2xx, no errors",True,760068291375,
2026-10-06T09:39:33,Certification,REST,runs/cert-rest.yaml,104,SHIP · International · France,POST,shipapi-stg.dsc-nonprod.aws-purolator.com/ship/v1/shipment,200,879,"2xx, no errors",True,760068291383,
2026-10-06T09:39:33,Certification,REST,runs/cert-rest.yaml,105,SHIP · International · Israel,POST,shipapi-stg.dsc-nonprod.aws-purolator.com/ship/v1/shipment,200,742,"2xx, no errors",True,760068291391,
2026-10-06T09:39:33,Certification,REST,runs/cert-rest.yaml,106,SHIP · International · Costa Rica,POST,shipapi-stg.dsc-nonprod.aws-purolator.com/ship/v1/shipment,400,458,"2xx, no errors",False,,9001-99 Outbound: 'PurolatorExpressInternational' is invalid.
2026-10-06T09:39:33,Certification,REST,runs/cert-rest.yaml,107,SHIP · US · Basic,POST,shipapi-stg.dsc-nonprod.aws-purolator.com/ship/v1/shipment,200,803,"2xx, no errors",True,760068291409,
2026-10-06T09:39:33,Certification,REST,runs/cert-rest.yaml,108,SHIP · US · Basic · FR,POST,shipapi-stg.dsc-nonprod.aws-purolator.com/ship/v1/shipment,200,830,"2xx, no errors",True,760068291417,
2026-10-06T09:39:33,Certification,REST,runs/cert-rest.yaml,109,SHIP · US · Textile,POST,shipapi-stg.dsc-nonprod.aws-purolator.com/ship/v1/shipment,200,848,"2xx, no errors",True,760068291425,
2026-10-06T09:39:33,Certification,REST,runs/cert-rest.yaml,110,SHIP · US · Textile · FR,POST,shipapi-stg.dsc-nonprod.aws-purolator.com/ship/v1/shipment,200,836,"2xx, no errors",True,760068291433,
2026-10-06T09:39:33,Certification,REST,runs/cert-rest.yaml,111,SHIP · Domestic · Blind Shipping,POST,shipapi-stg.dsc-nonprod.aws-purolator.com/ship/v1/shipment,400,235,"2xx, no errors",False,,9001-276 outbound: 'formOnLabelInformation' is an unknown field.
2026-10-06T09:39:33,Certification,REST,runs/cert-rest.yaml,112,VALIDATE · Domestic · Shipment Date,POST,shipapi-stg.dsc-nonprod.aws-purolator.com/ship/v1/shipment,200,418,"2xx, no errors",True,,
2026-10-06T09:39:33,Certification,REST,runs/cert-rest.yaml,113,SHIP · Domestic · Blind Shipping · FR,POST,shipapi-stg.dsc-nonprod.aws-purolator.com/ship/v1/shipment,400,121,"2xx, no errors",False,,9001-276 sortant : 'formOnLabelInformation' est un champ non reconnu.
2026-10-06T09:39:33,Certification,REST,runs/cert-rest.yaml,114,SHIP · Domestic · Special Handling,POST,shipapi-stg.dsc-nonprod.aws-purolator.com/ship/v1/shipment,200,925,"2xx, no errors",True,760068291441,
2026-10-06T09:39:33,Certification,REST,runs/cert-rest.yaml,115,SHIP · Domestic · Special Handling · FR,POST,shipapi-stg.dsc-nonprod.aws-purolator.com/ship/v1/shipment,200,936,"2xx, no errors",True,760068291458,
2026-10-06T09:39:33,Certification,REST,runs/cert-rest.yaml,116,SHIP · Domestic · Adult Signature Required,POST,shipapi-stg.dsc-nonprod.aws-purolator.com/ship/v1/shipment,200,1124,"2xx, no errors",True,760068291466,
2026-10-06T09:39:33,Certification,REST,runs/cert-rest.yaml,117,SHIP · Domestic · Adult Signature Required · FR,POST,shipapi-stg.dsc-nonprod.aws-purolator.com/ship/v1/shipment,200,908,"2xx, no errors",True,760068291474,
2026-10-06T09:39:33,Certification,REST,runs/cert-rest.yaml,118,VALIDATE · Domestic · Basic,POST,shipapi-stg.dsc-nonprod.aws-purolator.com/ship/v1/shipment,200,528,"2xx, no errors",True,,
2026-10-06T09:39:33,Certification,REST,runs/cert-rest.yaml,119,VALIDATE · Domestic · Basic · FR,POST,shipapi-stg.dsc-nonprod.aws-purolator.com/ship/v1/shipment,200,530,"2xx, no errors",True,,
2026-10-06T09:39:33,Certification,REST,runs/cert-rest.yaml,120,VALIDATE · Domestic · Express Cheque,POST,shipapi-stg.dsc-nonprod.aws-purolator.com/ship/v1/shipment,400,208,"2xx, no errors",False,,9001-321 Express Cheque Shipments/Functionality NOT available currently.
2026-10-06T09:39:33,Certification,REST,runs/cert-rest.yaml,121,VALIDATE · Domestic · Express Cheque · FR,POST,shipapi-stg.dsc-nonprod.aws-purolator.com/ship/v1/shipment,400,111,"2xx, no errors",False,,"9001-321 Envois Express Chèque, fonctionnalité non offerte pour le moment."
2026-10-06T09:39:33,Certification,REST,runs/cert-rest.yaml,122,VALIDATE · Domestic · Return Label,POST,shipapi-stg.dsc-nonprod.aws-purolator.com/ship/v1/shipment,200,440,"2xx, no errors",True,,
2026-10-06T09:39:33,Certification,REST,runs/cert-rest.yaml,123,VALIDATE · Domestic · Return Label · FR,POST,shipapi-stg.dsc-nonprod.aws-purolator.com/ship/v1/shipment,200,450,"2xx, no errors",True,,
2026-10-06T09:39:33,Certification,REST,runs/cert-rest.yaml,124,VALIDATE · International · Basic,POST,shipapi-stg.dsc-nonprod.aws-purolator.com/ship/v1/shipment,200,359,"2xx, no errors",True,,
2026-10-06T09:39:33,Certification,REST,runs/cert-rest.yaml,125,VALIDATE · International · Basic · FR,POST,shipapi-stg.dsc-nonprod.aws-purolator.com/ship/v1/shipment,200,446,"2xx, no errors",True,,
2026-10-06T09:39:33,Certification,REST,runs/cert-rest.yaml,126,VALIDATE · US · Basic,POST,shipapi-stg.dsc-nonprod.aws-purolator.com/ship/v1/shipment,200,347,"2xx, no errors",True,,
2026-10-06T09:39:33,Certification,REST,runs/cert-rest.yaml,127,VALIDATE · US · Basic · FR,POST,shipapi-stg.dsc-nonprod.aws-purolator.com/ship/v1/shipment,200,518,"2xx, no errors",True,,
2026-10-06T09:39:33,Certification,REST,runs/cert-rest.yaml,128,VALIDATE · US · Textile,POST,shipapi-stg.dsc-nonprod.aws-purolator.com/ship/v1/shipment,200,441,"2xx, no errors",True,,
2026-10-06T09:39:33,Certification,REST,runs/cert-rest.yaml,129,VALIDATE · US · Textile · FR,POST,shipapi-stg.dsc-nonprod.aws-purolator.com/ship/v1/shipment,200,397,"2xx, no errors",True,,
2026-10-06T09:39:33,Certification,REST,runs/cert-rest.yaml,130,VALIDATE · Domestic · Special Handling,POST,shipapi-stg.dsc-nonprod.aws-purolator.com/ship/v1/shipment,200,438,"2xx, no errors",True,,
2026-10-06T09:39:33,Certification,REST,runs/cert-rest.yaml,131,VALIDATE · Domestic · Special Handling · FR,POST,shipapi-stg.dsc-nonprod.aws-purolator.com/ship/v1/shipment,200,553,"2xx, no errors",True,,
2026-10-06T09:39:33,Certification,REST,runs/cert-rest.yaml,132,SAMPLE · Domestic · Validate Basic,POST,shipapi-stg.dsc-nonprod.aws-purolator.com/ship/v1/shipment,200,882,"2xx, no errors",True,,
2026-10-06T09:39:33,Certification,REST,runs/cert-rest.yaml,133,SAMPLE · Domestic · Validate Express Cheque,POST,shipapi-stg.dsc-nonprod.aws-purolator.com/ship/v1/shipment,400,206,"2xx, no errors",False,,9001-321 Express Cheque Shipments/Functionality NOT available currently.
2026-10-06T09:39:33,Certification,REST,runs/cert-rest.yaml,134,SAMPLE · Domestic · Validate Special Handling Additional Handling,POST,shipapi-stg.dsc-nonprod.aws-purolator.com/ship/v1/shipment,200,416,"2xx, no errors",True,,
2026-10-06T09:39:33,Certification,REST,runs/cert-rest.yaml,135,SAMPLE · Domestic · Validate Special Handling Flat Package,POST,shipapi-stg.dsc-nonprod.aws-purolator.com/ship/v1/shipment,200,450,"2xx, no errors",True,,
2026-10-06T09:39:33,Certification,REST,runs/cert-rest.yaml,136,SAMPLE · Domestic · Validate Collect,POST,shipapi-stg.dsc-nonprod.aws-purolator.com/ship/v1/shipment,200,531,"2xx, no errors",True,,
2026-10-06T09:39:33,Certification,REST,runs/cert-rest.yaml,137,SAMPLE · Domestic · Validate Notification to receiver,POST,shipapi-stg.dsc-nonprod.aws-purolator.com/ship/v1/shipment,200,537,"2xx, no errors",True,,
2026-10-06T09:39:33,Certification,REST,runs/cert-rest.yaml,138,SAMPLE · Domestic · Validate Multiple Pieces,POST,shipapi-stg.dsc-nonprod.aws-purolator.com/ship/v1/shipment,200,524,"2xx, no errors",True,,
2026-10-06T09:39:33,Certification,REST,runs/cert-rest.yaml,139,SAMPLE · Domestic · Validate Adult Signature Required,POST,shipapi-stg.dsc-nonprod.aws-purolator.com/ship/v1/shipment,200,526,"2xx, no errors",True,,
2026-10-06T09:39:33,Certification,REST,runs/cert-rest.yaml,140,SAMPLE · Domestic · Validate With Return Label,POST,shipapi-stg.dsc-nonprod.aws-purolator.com/ship/v1/shipment,200,518,"2xx, no errors",True,,
2026-10-06T09:39:33,Certification,REST,runs/cert-rest.yaml,141,SAMPLE · Domestic · Validate Special Handling Additional Handling 2,POST,shipapi-stg.dsc-nonprod.aws-purolator.com/ship/v1/shipment,200,540,"2xx, no errors",True,,
2026-10-06T09:39:33,Certification,REST,runs/cert-rest.yaml,142,SAMPLE · Domestic · Validate Special Handling Flat Package 2,POST,shipapi-stg.dsc-nonprod.aws-purolator.com/ship/v1/shipment,200,451,"2xx, no errors",True,,
2026-10-06T09:39:33,Certification,REST,runs/cert-rest.yaml,143,SAMPLE · Domestic · Validate Special Handling Oversized,POST,shipapi-stg.dsc-nonprod.aws-purolator.com/ship/v1/shipment,200,459,"2xx, no errors",True,,
2026-10-06T09:39:33,Certification,REST,runs/cert-rest.yaml,144,SAMPLE · Domestic · Validate Special Handling Residential Area Heavyweight,POST,shipapi-stg.dsc-nonprod.aws-purolator.com/ship/v1/shipment,200,463,"2xx, no errors",True,,
2026-10-06T09:39:33,Certification,REST,runs/cert-rest.yaml,145,SAMPLE · Domestic · Validate Adult Signature Required 2,POST,shipapi-stg.dsc-nonprod.aws-purolator.com/ship/v1/shipment,200,521,"2xx, no errors",True,,
2026-10-06T09:39:33,Certification,REST,runs/cert-rest.yaml,146,SAMPLE · Domestic · Validate OSNR,POST,shipapi-stg.dsc-nonprod.aws-purolator.com/ship/v1/shipment,200,509,"2xx, no errors",True,,
2026-10-06T09:39:33,Certification,REST,runs/cert-rest.yaml,147,SAMPLE · Domestic · Validate With Date,POST,shipapi-stg.dsc-nonprod.aws-purolator.com/ship/v1/shipment,200,528,"2xx, no errors",True,,
2026-10-06T09:39:33,Certification,REST,runs/cert-rest.yaml,148,SAMPLE · Domestic · Validate QuickShip,POST,shipapi-stg.dsc-nonprod.aws-purolator.com/ship/v1/shipment,400,733,"2xx, no errors",False,,9001-99 Outbound: 'PurolatorQuickShip' is invalid.
2026-10-06T09:39:33,Certification,REST,runs/cert-rest.yaml,149,SAMPLE · Domestic · Validate Blind,POST,shipapi-stg.dsc-nonprod.aws-purolator.com/ship/v1/shipment,400,214,"2xx, no errors",False,,9001-276 outbound: 'formOnLabelInformation' is an unknown field.
2026-10-06T09:39:33,Certification,REST,runs/cert-rest.yaml,150,SAMPLE · Domestic · Validate Dangerous Good,POST,shipapi-stg.dsc-nonprod.aws-purolator.com/ship/v1/shipment,200,519,"2xx, no errors",True,,
2026-10-06T09:39:33,Certification,REST,runs/cert-rest.yaml,151,SAMPLE · US · Validate Dangerous Goods,POST,shipapi-stg.dsc-nonprod.aws-purolator.com/ship/v1/shipment,200,441,"2xx, no errors",True,,
2026-10-06T09:39:33,Certification,REST,runs/cert-rest.yaml,152,SAMPLE · Domestic · Ship Basic,POST,shipapi-stg.dsc-nonprod.aws-purolator.com/ship/v1/shipment,200,1053,"2xx, no errors",True,760068291482,
2026-10-06T09:39:33,Certification,REST,runs/cert-rest.yaml,153,SAMPLE · Domestic · Ship Express Cheque,POST,shipapi-stg.dsc-nonprod.aws-purolator.com/ship/v1/shipment,400,119,"2xx, no errors",False,,9001-321 Express Cheque Shipments/Functionality NOT available currently.
2026-10-06T09:39:33,Certification,REST,runs/cert-rest.yaml,154,SAMPLE · Domestic · Ship Special Handling Additional Handling,POST,shipapi-stg.dsc-nonprod.aws-purolator.com/ship/v1/shipment,200,795,"2xx, no errors",True,,
2026-10-06T09:39:33,Certification,REST,runs/cert-rest.yaml,155,SAMPLE · Domestic · Ship Special Handling Flat Package,POST,shipapi-stg.dsc-nonprod.aws-purolator.com/ship/v1/shipment,200,757,"2xx, no errors",True,,
2026-10-06T09:39:33,Certification,REST,runs/cert-rest.yaml,156,SAMPLE · Domestic · Ship Collect,POST,shipapi-stg.dsc-nonprod.aws-purolator.com/ship/v1/shipment,200,939,"2xx, no errors",True,760068291524,
2026-10-06T09:39:33,Certification,REST,runs/cert-rest.yaml,157,SAMPLE · Domestic · Ship Notification to receiver,POST,shipapi-stg.dsc-nonprod.aws-purolator.com/ship/v1/shipment,200,805,"2xx, no errors",True,,
2026-10-06T09:39:33,Certification,REST,runs/cert-rest.yaml,158,SAMPLE · Domestic · Ship Multiple Pieces,POST,shipapi-stg.dsc-nonprod.aws-purolator.com/ship/v1/shipment,200,836,"2xx, no errors",True,,
2026-10-06T09:39:33,Certification,REST,runs/cert-rest.yaml,159,SAMPLE · Domestic · Ship Adult Signature Required,POST,shipapi-stg.dsc-nonprod.aws-purolator.com/ship/v1/shipment,200,782,"2xx, no errors",True,,
2026-10-06T09:39:33,Certification,REST,runs/cert-rest.yaml,160,SAMPLE · Domestic · Ship With Return Label,POST,shipapi-stg.dsc-nonprod.aws-purolator.com/ship/v1/shipment,200,810,"2xx, no errors",True,,
2026-10-06T09:39:33,Certification,REST,runs/cert-rest.yaml,161,SAMPLE · Domestic · Ship Special Handling Additional Handling 2,POST,shipapi-stg.dsc-nonprod.aws-purolator.com/ship/v1/shipment,200,1046,"2xx, no errors",True,,
2026-10-06T09:39:33,Certification,REST,runs/cert-rest.yaml,162,SAMPLE · Domestic · Ship Special Handling Flat Package 2,POST,shipapi-stg.dsc-nonprod.aws-purolator.com/ship/v1/shipment,200,816,"2xx, no errors",True,,
2026-10-06T09:39:33,Certification,REST,runs/cert-rest.yaml,163,SAMPLE · Domestic · Ship Special Handling Oversized,POST,shipapi-stg.dsc-nonprod.aws-purolator.com/ship/v1/shipment,200,763,"2xx, no errors",True,,
2026-10-06T09:39:33,Certification,REST,runs/cert-rest.yaml,164,SAMPLE · Domestic · Ship Special Handling Residential Area Heavyweight,POST,shipapi-stg.dsc-nonprod.aws-purolator.com/ship/v1/shipment,200,854,"2xx, no errors",True,,
2026-10-06T09:39:33,Certification,REST,runs/cert-rest.yaml,165,SAMPLE · Domestic · Ship Adult Signature Required 2,POST,shipapi-stg.dsc-nonprod.aws-purolator.com/ship/v1/shipment,200,689,"2xx, no errors",True,,
2026-10-06T09:39:33,Certification,REST,runs/cert-rest.yaml,166,SAMPLE · Domestic · Ship OSNR,POST,shipapi-stg.dsc-nonprod.aws-purolator.com/ship/v1/shipment,200,707,"2xx, no errors",True,,
2026-10-06T09:39:33,Certification,REST,runs/cert-rest.yaml,167,SAMPLE · Domestic · Ship With Date,POST,shipapi-stg.dsc-nonprod.aws-purolator.com/ship/v1/shipment,200,773,"2xx, no errors",True,,
2026-10-06T09:39:33,Certification,REST,runs/cert-rest.yaml,168,SAMPLE · Domestic · Ship QuickShip,POST,shipapi-stg.dsc-nonprod.aws-purolator.com/ship/v1/shipment,400,431,"2xx, no errors",False,,9001-99 Outbound: 'PurolatorQuickShip' is invalid.
2026-10-06T09:39:33,Certification,REST,runs/cert-rest.yaml,169,SAMPLE · Domestic · Ship Blind,POST,shipapi-stg.dsc-nonprod.aws-purolator.com/ship/v1/shipment,400,119,"2xx, no errors",False,,9001-276 outbound: 'formOnLabelInformation' is an unknown field.
2026-10-06T09:39:33,Certification,REST,runs/cert-rest.yaml,170,SAMPLE · Domestic · Ship Dangerous Good,POST,shipapi-stg.dsc-nonprod.aws-purolator.com/ship/v1/shipment,200,709,"2xx, no errors",True,,
2026-10-06T09:39:33,Certification,REST,runs/cert-rest.yaml,171,SAMPLE · Domestic · Ship Dangerous Good 2,POST,shipapi-stg.dsc-nonprod.aws-purolator.com/ship/v1/shipment,200,832,"2xx, no errors",True,,
2026-10-06T09:39:33,Certification,REST,runs/cert-rest.yaml,172,SAMPLE · US · Ship Dangerous Goods,POST,shipapi-stg.dsc-nonprod.aws-purolator.com/ship/v1/shipment,200,944,"2xx, no errors",True,760068291664,
2026-10-06T09:39:33,Certification,REST,runs/cert-rest.yaml,173,SAMPLE · US · Ship Jericho NY,POST,shipapi-stg.dsc-nonprod.aws-purolator.com/ship/v1/shipment,200,856,"2xx, no errors",True,760068291680,
2026-10-06T09:39:33,Certification,REST,runs/cert-rest.yaml,174,SHIP · Domestic · Express 9AM Metric Dropoff,POST,shipapi-stg.dsc-nonprod.aws-purolator.com/ship/v1/shipment,200,952,"2xx, no errors",True,,
2026-10-06T09:39:33,Certification,REST,runs/cert-rest.yaml,175,SHIP · Domestic · Express 1030AM Prescheduled,POST,shipapi-stg.dsc-nonprod.aws-purolator.com/ship/v1/shipment,200,694,"2xx, no errors",True,,
2026-10-06T09:39:33,Certification,REST,runs/cert-rest.yaml,176,VALIDATE · Domestic · Express Evening,POST,shipapi-stg.dsc-nonprod.aws-purolator.com/ship/v1/shipment,400,578,"2xx, no errors",False,,9001-99 Outbound: 'PurolatorExpressEvening' is invalid.
2026-10-06T09:39:33,Certification,REST,runs/cert-rest.yaml,177,SHIP · Domestic · Ground Prescheduled Imperial,POST,shipapi-stg.dsc-nonprod.aws-purolator.com/ship/v1/shipment,200,901,"2xx, no errors",True,,
2026-10-06T09:39:33,Certification,REST,runs/cert-rest.yaml,178,SHIP · Domestic · Ground 9AM Metric,POST,shipapi-stg.dsc-nonprod.aws-purolator.com/ship/v1/shipment,200,791,"2xx, no errors",True,,
2026-10-06T09:39:33,Certification,REST,runs/cert-rest.yaml,179,SHIP · Domestic · Express 2-Piece,POST,shipapi-stg.dsc-nonprod.aws-purolator.com/ship/v1/shipment,200,993,"2xx, no errors",True,,
2026-10-06T09:39:33,Certification,REST,runs/cert-rest.yaml,180,SHIP · Domestic · Ground 3-Piece,POST,shipapi-stg.dsc-nonprod.aws-purolator.com/ship/v1/shipment,200,952,"2xx, no errors",True,,
2026-10-06T09:39:33,Certification,REST,runs/cert-rest.yaml,181,SHIP · Domestic · Label ZPL Thermal URL,POST,shipapi-stg.dsc-nonprod.aws-purolator.com/ship/v1/shipment,200,854,"2xx, no errors",True,760068291789,
2026-10-06T09:39:33,Certification,REST,runs/cert-rest.yaml,182,SHIP · Domestic · Residential Signature + Declared Value + Saturday,POST,shipapi-stg.dsc-nonprod.aws-purolator.com/ship/v1/shipment,400,301,"2xx, no errors",False,,"9001-104 Outbound: For domestic outbound shipments, Saturday Delivery must be combined with Purolator Express and be created on a Friday."
2026-10-06T09:39:33,Certification,REST,runs/cert-rest.yaml,183,SHIP · Domestic · Package Special Handling Additional Handling,POST,shipapi-stg.dsc-nonprod.aws-purolator.com/ship/v1/shipment,200,876,"2xx, no errors",True,,
2026-10-06T09:39:33,Certification,REST,runs/cert-rest.yaml,184,SHIP · Domestic · Third Party with Billing Address,POST,shipapi-stg.dsc-nonprod.aws-purolator.com/ship/v1/shipment,200,877,"2xx, no errors",True,,
2026-10-06T09:39:33,Certification,REST,runs/cert-rest.yaml,185,SHIP · Domestic · Express + Ground Return,POST,shipapi-stg.dsc-nonprod.aws-purolator.com/ship/v1/shipment,200,1563,"2xx, no errors",True,,
2026-10-06T09:39:33,Certification,REST,runs/cert-rest.yaml,186,SHIP · US · Express Cross-Border,POST,shipapi-stg.dsc-nonprod.aws-purolator.com/ship/v1/shipment,200,887,"2xx, no errors",True,,
2026-10-06T09:39:33,Certification,REST,runs/cert-rest.yaml,187,VALIDATE · US · Ground,POST,shipapi-stg.dsc-nonprod.aws-purolator.com/ship/v1/shipment,200,364,"2xx, no errors",True,,
2026-10-06T09:39:33,Certification,REST,runs/cert-rest.yaml,188,VALIDATE · International · Express Documents Only,POST,shipapi-stg.dsc-nonprod.aws-purolator.com/ship/v1/shipment,200,473,"2xx, no errors",True,,
2026-10-06T09:39:33,Certification,REST,runs/cert-rest.yaml,189,VOID SHIP · By PIN,PUT,shipapi-stg.dsc-nonprod.aws-purolator.com/ship/v1/shipment,200,1888,"2xx, no errors",True,,
2026-10-06T09:39:33,Certification,REST,runs/cert-rest.yaml,190,VOID SHIP · Alternate shipmentPin Key,PUT,shipapi-stg.dsc-nonprod.aws-purolator.com/ship/v1/shipment,200,406,"2xx, no errors",True,,
2026-10-06T09:39:33,Certification,REST,runs/cert-rest.yaml,191,VOID SHIP · Cancel Shipment,PUT,shipapi-stg.dsc-nonprod.aws-purolator.com/ship/v1/shipment,200,438,"2xx, no errors",True,,
2026-10-06T09:39:33,Certification,REST,runs/cert-rest.yaml,192,SAMPLE · Domestic · Void Ship Basic,PUT,shipapi-stg.dsc-nonprod.aws-purolator.com/ship/v1/shipment,200,312,"2xx, no errors",True,,
2026-10-06T09:39:33,Certification,REST,runs/cert-rest.yaml,193,RETURN · Domestic · Large Package,POST,shipapi-stg.dsc-nonprod.aws-purolator.com/ship/v1/shipment,200,989,"2xx, no errors",True,760068291847,
2026-10-06T09:39:33,Certification,REST,runs/cert-rest.yaml,194,RETURN · Domestic · Large Package · FR,POST,shipapi-stg.dsc-nonprod.aws-purolator.com/ship/v1/shipment,200,984,"2xx, no errors",True,760068291854,
2026-10-06T09:39:33,Certification,REST,runs/cert-rest.yaml,195,RETURN · Domestic · Basic,POST,shipapi-stg.dsc-nonprod.aws-purolator.com/ship/v1/shipment,200,923,"2xx, no errors",True,760068291862,
2026-10-06T09:39:33,Certification,REST,runs/cert-rest.yaml,196,RETURN · Domestic · Basic · FR,POST,shipapi-stg.dsc-nonprod.aws-purolator.com/ship/v1/shipment,200,950,"2xx, no errors",True,760068291870,
2026-10-06T09:39:33,Certification,REST,runs/cert-rest.yaml,197,RETURN · Domestic · Special Handling,POST,shipapi-stg.dsc-nonprod.aws-purolator.com/ship/v1/shipment,200,890,"2xx, no errors",True,760068291888,
2026-10-06T09:39:33,Certification,REST,runs/cert-rest.yaml,198,RETURN · Domestic · Special Handling · FR,POST,shipapi-stg.dsc-nonprod.aws-purolator.com/ship/v1/shipment,200,902,"2xx, no errors",True,760068291896,
2026-10-06T09:39:33,Certification,REST,runs/cert-rest.yaml,199,VALIDATE RETURN · Domestic · Basic,POST,shipapi-stg.dsc-nonprod.aws-purolator.com/ship/v1/shipment,200,442,"2xx, no errors",True,,
2026-10-06T09:39:33,Certification,REST,runs/cert-rest.yaml,200,VALIDATE RETURN · Domestic · Basic · FR,POST,shipapi-stg.dsc-nonprod.aws-purolator.com/ship/v1/shipment,200,431,"2xx, no errors",True,,
2026-10-06T09:39:33,Certification,REST,runs/cert-rest.yaml,201,VALIDATE RETURN · Domestic · Special Handling,POST,shipapi-stg.dsc-nonprod.aws-purolator.com/ship/v1/shipment,200,552,"2xx, no errors",True,,
2026-10-06T09:39:33,Certification,REST,runs/cert-rest.yaml,202,VALIDATE RETURN · Domestic · Special Handling · FR,POST,shipapi-stg.dsc-nonprod.aws-purolator.com/ship/v1/shipment,200,522,"2xx, no errors",True,,
2026-10-06T09:39:33,Certification,REST,runs/cert-rest.yaml,203,SAMPLE · Domestic · Validate Return 2-Piece Notification,POST,shipapi-stg.dsc-nonprod.aws-purolator.com/ship/v1/shipment,200,449,"2xx, no errors",True,,
2026-10-06T09:39:33,Certification,REST,runs/cert-rest.yaml,204,SAMPLE · Domestic · Validate Return Basic,POST,shipapi-stg.dsc-nonprod.aws-purolator.com/ship/v1/shipment,200,524,"2xx, no errors",True,,
2026-10-06T09:39:33,Certification,REST,runs/cert-rest.yaml,205,SAMPLE · Domestic · Validate Return Special Handling Additional Handling,POST,shipapi-stg.dsc-nonprod.aws-purolator.com/ship/v1/shipment,200,567,"2xx, no errors",True,,
2026-10-06T09:39:33,Certification,REST,runs/cert-rest.yaml,206,SAMPLE · Domestic · Validate Return Special Handling Flat Package,POST,shipapi-stg.dsc-nonprod.aws-purolator.com/ship/v1/shipment,200,539,"2xx, no errors",True,,
2026-10-06T09:39:33,Certification,REST,runs/cert-rest.yaml,207,SAMPLE · Domestic · Validate Return Special Handling Large Package,POST,shipapi-stg.dsc-nonprod.aws-purolator.com/ship/v1/shipment,200,515,"2xx, no errors",True,,
2026-10-06T09:39:33,Certification,REST,runs/cert-rest.yaml,208,SAMPLE · Domestic · Validate Return Special Handling Oversized,POST,shipapi-stg.dsc-nonprod.aws-purolator.com/ship/v1/shipment,200,440,"2xx, no errors",True,,
2026-10-06T09:39:33,Certification,REST,runs/cert-rest.yaml,209,SAMPLE · Domestic · Validate Return Special Handling Residential Area Heavyweight,POST,shipapi-stg.dsc-nonprod.aws-purolator.com/ship/v1/shipment,200,423,"2xx, no errors",True,,
2026-10-06T09:39:33,Certification,REST,runs/cert-rest.yaml,210,SAMPLE · Domestic · Validate Return Special Handling Residential Delivery,POST,shipapi-stg.dsc-nonprod.aws-purolator.com/ship/v1/shipment,200,447,"2xx, no errors",True,,
2026-10-06T09:39:33,Certification,REST,runs/cert-rest.yaml,211,RETURN · Domestic · Express RMS,POST,shipapi-stg.dsc-nonprod.aws-purolator.com/ship/v1/shipment,200,892,"2xx, no errors",True,,
2026-10-06T09:39:33,Certification,REST,runs/cert-rest.yaml,212,TRACK · Another Account's Shipment,POST,shipapi-stg.dsc-nonprod.aws-purolator.com/track/v1/shipment,400,737,"2xx, no errors",False,,9001-19 Error occurred during processing. Please refer to the logs
2026-10-06T09:39:33,Certification,REST,runs/cert-rest.yaml,213,TRACK · Last Event,POST,shipapi-stg.dsc-nonprod.aws-purolator.com/track/v1/shipment,400,291,"2xx, no errors",False,,9001-19 Error occurred during processing. Please refer to the logs
2026-10-06T09:39:33,Certification,REST,runs/cert-rest.yaml,214,TRACK · Full Event History,POST,shipapi-stg.dsc-nonprod.aws-purolator.com/track/v1/shipment,400,286,"2xx, no errors",False,,9001-19 Error occurred during processing. Please refer to the logs
2026-10-06T09:39:33,Certification,REST,runs/cert-rest.yaml,215,TRACK V2 · Single PIN,POST,shipapi-stg.dsc-nonprod.aws-purolator.com/track/v1/shipment,200,2485,"2xx, no errors",True,760068291482,
2026-10-06T09:39:33,Certification,REST,runs/cert-rest.yaml,216,TRACK · Delivery Details,POST,shipapi-stg.dsc-nonprod.aws-purolator.com/track/v1/shipment,200,2218,"2xx, no errors",True,760068291482,
2026-10-06T09:39:33,Certification,REST,runs/cert-rest.yaml,217,TRACK V2 · Multiple PINs,POST,shipapi-stg.dsc-nonprod.aws-purolator.com/track/v1/shipment,200,1430,"2xx, no errors",True,760068291482,
2026-10-06T09:39:33,Certification,REST,runs/cert-rest.yaml,218,TRACK · By PIN,POST,shipapi-stg.dsc-nonprod.aws-purolator.com/track/v1/shipment,200,2213,"2xx, no errors",True,760068291482,
2026-10-06T09:39:33,Certification,REST,runs/cert-rest.yaml,219,TRACK V2 · Reference,POST,shipapi-stg.dsc-nonprod.aws-purolator.com/track/v1/shipment,200,356,"2xx, no errors",True,,
2026-10-06T09:39:33,Certification,REST,runs/cert-rest.yaml,220,TRACK · By Reference,POST,shipapi-stg.dsc-nonprod.aws-purolator.com/track/v1/shipment,400,199,"2xx, no errors",False,,9001-20 Tracking ID is mandatory in Tracking Request
2026-10-06T09:39:33,Certification,REST,runs/cert-rest.yaml,221,TRACK V2 · Proof of delivery,POST,shipapi-stg.dsc-nonprod.aws-purolator.com/track/v1/shipment,200,3459,"2xx, no errors",True,760068291482,
2026-10-06T09:39:33,Certification,REST,runs/cert-rest.yaml,222,TRACK V2 · Shipment view,POST,shipapi-stg.dsc-nonprod.aws-purolator.com/track/v1/shipment,400,278,"2xx, no errors",False,,9001-19 Error occurred during processing. Please refer to the logs
2026-10-06T09:39:33,Certification,REST,runs/cert-rest.yaml,223,TRACK V2 · Date range,POST,shipapi-stg.dsc-nonprod.aws-purolator.com/track/v1/shipment,200,438,"2xx, no errors",True,,
2026-10-06T09:39:33,Certification,REST,runs/cert-rest.yaml,224,TRACK V2 · Account and destination,POST,shipapi-stg.dsc-nonprod.aws-purolator.com/track/v1/shipment,200,2235,"2xx, no errors",True,760068291482,
2026-10-06T09:39:33,Certification,REST,runs/cert-rest.yaml,225,TRACK V2 · Event sort order,POST,shipapi-stg.dsc-nonprod.aws-purolator.com/track/v1/shipment,200,2195,"2xx, no errors",True,760068291482,
2026-10-06T09:39:33,Certification,REST,runs/cert-rest.yaml,226,SAMPLE · Domestic · Track By PIN,POST,shipapi-stg.dsc-nonprod.aws-purolator.com/track/v1/shipment,200,2371,"2xx, no errors",True,760068291482,
2026-10-06T09:39:33,Certification,REST,runs/cert-rest.yaml,227,SAMPLE · Domestic · Track Delivery Details,POST,shipapi-stg.dsc-nonprod.aws-purolator.com/track/v1/shipment,200,2028,"2xx, no errors",True,760068291482,
2026-10-06T09:39:33,Certification,REST,runs/cert-rest.yaml,228,SAMPLE · Domestic · Track V2 By Reference,POST,shipapi-stg.dsc-nonprod.aws-purolator.com/track/v1/shipment,400,336,"2xx, no errors",False,,9001-19 Error occurred during processing. Please refer to the logs
2026-10-06T09:39:33,Certification,REST,runs/cert-rest.yaml,229,SAMPLE · Domestic · Track V2 Proof of Delivery,POST,shipapi-stg.dsc-nonprod.aws-purolator.com/track/v1/shipment,400,288,"2xx, no errors",False,,9001-19 Error occurred during processing. Please refer to the logs
2026-10-06T09:39:33,Certification,REST,runs/cert-rest.yaml,230,SAMPLE · Domestic · Track V2 Last Event,POST,shipapi-stg.dsc-nonprod.aws-purolator.com/track/v1/shipment,400,225,"2xx, no errors",False,,9001-19 Error occurred during processing. Please refer to the logs
2026-10-06T09:39:33,Certification,REST,runs/cert-rest.yaml,231,TRACK · By shipmentPIN,POST,shipapi-stg.dsc-nonprod.aws-purolator.com/track/v1/shipment,200,2135,"2xx, no errors",True,760068291482,
2026-10-06T09:39:33,Certification,REST,runs/cert-rest.yaml,232,TRACK · POD Image Ascending Events,POST,shipapi-stg.dsc-nonprod.aws-purolator.com/track/v1/shipment,200,2116,"2xx, no errors",True,760068291482,
2026-10-06T09:39:33,Certification,REST,runs/cert-rest.yaml,233,TRACK · By Reference with Account Dates and Postal Code,POST,shipapi-stg.dsc-nonprod.aws-purolator.com/track/v1/shipment,200,747,"2xx, no errors",True,,
2026-10-06T09:39:33,Certification,REST,runs/cert-rest.yaml,234,TRACK · Batch 2 PINs French,POST,shipapi-stg.dsc-nonprod.aws-purolator.com/track/v1/shipment,200,1743,"2xx, no errors",True,760068291482,
2026-10-06T09:39:33,Certification,REST,runs/cert-rest.yaml,235,LOCATE · By Address,GET,shipapi-stg.dsc-nonprod.aws-purolator.com/locator/v1/address,400,331,"2xx, no errors",False,,"9001-01 There is some issue in the request, Please try again later."
2026-10-06T09:39:33,Certification,REST,runs/cert-rest.yaml,236,LOCATE · By City,GET,shipapi-stg.dsc-nonprod.aws-purolator.com/locator/v1/address,200,865,"2xx, no errors",True,,
2026-10-06T09:39:33,Certification,REST,runs/cert-rest.yaml,237,SAMPLE · Domestic · Locate By Address,GET,shipapi-stg.dsc-nonprod.aws-purolator.com/locator/v1/address,400,349,"2xx, no errors",False,,"9001-01 There is some issue in the request, Please try again later."
2026-10-06T09:39:33,Certification,REST,runs/cert-rest.yaml,238,SAMPLE · Domestic · Locate By City,GET,shipapi-stg.dsc-nonprod.aws-purolator.com/locator/v1/address,200,838,"2xx, no errors",True,,
2026-10-06T09:39:33,Certification,REST,runs/cert-rest.yaml,239,SAMPLE · Domestic · Locate By Postal Code,GET,shipapi-stg.dsc-nonprod.aws-purolator.com/locator/v1/address,200,999,"2xx, no errors",True,,
2026-10-06T09:39:33,Certification,REST,runs/cert-rest.yaml,240,LOCATE · By Postal Code,GET,shipapi-stg.dsc-nonprod.aws-purolator.com/locator/v1/address,200,451,"2xx, no errors",True,,
2026-10-06T09:39:33,Certification,REST,runs/cert-rest.yaml,241,LOCATE · By Address with Filters,GET,shipapi-stg.dsc-nonprod.aws-purolator.com/locator/v1/address,400,305,"2xx, no errors",False,,"9001-01 There is some issue in the request, Please try again later."
2026-10-06T09:39:33,Certification,REST,runs/cert-rest.yaml,242,LOCATE · By City with Hours (French),GET,shipapi-stg.dsc-nonprod.aws-purolator.com/locator/v1/address,200,731,"2xx, no errors",True,,
2026-10-06T09:39:33,Certification,REST,runs/cert-rest.yaml,243,DOCUMENTS · Domestic · Chain of Signature Bill of Lading,POST,shipapi-stg.dsc-nonprod.aws-purolator.com/ship/v1/documents,400,1869,"2xx, no errors",False,,9001-306 PIN 335307265058 is invalid.
2026-10-06T09:39:33,Certification,REST,runs/cert-rest.yaml,244,DOCUMENTS · Domestic · QR Code,POST,shipapi-stg.dsc-nonprod.aws-purolator.com/ship/v1/documents,400,334,"2xx, no errors",False,,9001-312 Unsupport Document Type.
2026-10-06T09:39:33,Certification,REST,runs/cert-rest.yaml,245,DOCUMENTS · Domestic · Dangerous Goods Declaration (sample),POST,shipapi-stg.dsc-nonprod.aws-purolator.com/ship/v1/documents,200,1364,"2xx, no errors",True,760068291649,
2026-10-06T09:39:33,Certification,REST,runs/cert-rest.yaml,246,DOCUMENTS · Domestic · All Documents (sample),POST,shipapi-stg.dsc-nonprod.aws-purolator.com/ship/v1/documents,200,295,"2xx, no errors",True,760068291557,
2026-10-06T09:39:33,Certification,REST,runs/cert-rest.yaml,247,"DOCUMENTS · Domestic · Bill of Lading (Thermal, sample)",POST,shipapi-stg.dsc-nonprod.aws-purolator.com/ship/v1/documents,200,589,"2xx, no errors",True,760068291482,
2026-10-06T09:39:33,Certification,REST,runs/cert-rest.yaml,248,DOCUMENTS · Domestic · Bill of Lading,POST,shipapi-stg.dsc-nonprod.aws-purolator.com/ship/v1/documents,200,312,"2xx, no errors",True,760068291557,
2026-10-06T09:39:33,Certification,REST,runs/cert-rest.yaml,249,DOCUMENTS · Domestic · Bill of Lading (Thermal),POST,shipapi-stg.dsc-nonprod.aws-purolator.com/ship/v1/documents,200,450,"2xx, no errors",True,760068291482,
2026-10-06T09:39:33,Certification,REST,runs/cert-rest.yaml,250,DOCUMENTS · US · Bill of Lading,POST,shipapi-stg.dsc-nonprod.aws-purolator.com/ship/v1/documents,200,398,"2xx, no errors",True,760068291284,
2026-10-06T09:39:33,Certification,REST,runs/cert-rest.yaml,251,DOCUMENTS · Domestic · Dangerous Goods Declaration,POST,shipapi-stg.dsc-nonprod.aws-purolator.com/ship/v1/documents,200,389,"2xx, no errors",True,760068291649,
2026-10-06T09:39:33,Certification,REST,runs/cert-rest.yaml,252,DOCUMENTS · International · Customs Invoice,POST,shipapi-stg.dsc-nonprod.aws-purolator.com/ship/v1/documents,400,230,"2xx, no errors",False,,9001-312 Unsupport Document Type.
2026-10-06T09:39:33,Certification,REST,runs/cert-rest.yaml,253,MANIFEST · Shipment Manifest Document,POST,shipapi-stg.dsc-nonprod.aws-purolator.com/ship/v1/documents/summary-manifest,200,5809,"2xx, no errors",True,,
2026-10-06T09:39:33,Certification,REST,runs/cert-rest.yaml,254,CONSOLIDATE · Close Manifest,POST,shipapi-stg.dsc-nonprod.aws-purolator.com/ship/v1/manifest,200,3957,"2xx, no errors",True,,
2026-10-06T09:39:33,Certification,REST,runs/cert-rest.yaml,255,DOCUMENTS · International · Bill of Lading,POST,shipapi-stg.dsc-nonprod.aws-purolator.com/ship/v1/documents,200,416,"2xx, no errors",True,760068291284,
2026-10-06T09:39:33,Certification,REST,runs/cert-rest.yaml,256,SAMPLE · Domestic · Documents Bill of Lading PDF,POST,shipapi-stg.dsc-nonprod.aws-purolator.com/ship/v1/documents,200,396,"2xx, no errors",True,760068291557,
2026-10-06T09:39:33,Certification,REST,runs/cert-rest.yaml,257,SAMPLE · Domestic · Documents Bill of Lading Thermal PDF,POST,shipapi-stg.dsc-nonprod.aws-purolator.com/ship/v1/documents,200,457,"2xx, no errors",True,760068291482,
2026-10-06T09:39:33,Certification,REST,runs/cert-rest.yaml,258,SAMPLE · Domestic · Documents Bill of Lading Thermal ZPL,POST,shipapi-stg.dsc-nonprod.aws-purolator.com/ship/v1/documents,200,427,"2xx, no errors",True,760068291482,
2026-10-06T09:39:33,Certification,REST,runs/cert-rest.yaml,259,SAMPLE · Domestic · Documents Chain of Signature Bill of Lading PDF,POST,shipapi-stg.dsc-nonprod.aws-purolator.com/ship/v1/documents,400,229,"2xx, no errors",False,,9001-312 Unsupport Document Type.
2026-10-06T09:39:33,Certification,REST,runs/cert-rest.yaml,260,SAMPLE · International · Documents Bill of Lading PDF,POST,shipapi-stg.dsc-nonprod.aws-purolator.com/ship/v1/documents,400,148,"2xx, no errors",False,,9001-312 Unsupport Document Type.
2026-10-06T09:39:33,Certification,REST,runs/cert-rest.yaml,261,SAMPLE · Domestic · Documents QR Code,POST,shipapi-stg.dsc-nonprod.aws-purolator.com/ship/v1/documents,400,140,"2xx, no errors",False,,9001-312 Unsupport Document Type.
2026-10-06T09:39:33,Certification,REST,runs/cert-rest.yaml,262,SAMPLE · Domestic · Documents Dangerous Goods Declaration,POST,shipapi-stg.dsc-nonprod.aws-purolator.com/ship/v1/documents,200,371,"2xx, no errors",True,760068291649,
2026-10-06T09:39:33,Certification,REST,runs/cert-rest.yaml,263,SAMPLE · Domestic · Documents Bill of Lading PDF Multiple Labels,POST,shipapi-stg.dsc-nonprod.aws-purolator.com/ship/v1/documents,200,352,"2xx, no errors",True,760068291482,
2026-10-06T09:39:33,Certification,REST,runs/cert-rest.yaml,264,SAMPLE · Domestic · Documents Express Cheque Receipt Thermal ZPL,POST,shipapi-stg.dsc-nonprod.aws-purolator.com/ship/v1/documents,400,132,"2xx, no errors",False,,9001-312 Unsupport Document Type.
2026-10-06T09:39:33,Certification,REST,runs/cert-rest.yaml,265,SAMPLE · Domestic · Manifest Shipment Manifest Document,POST,shipapi-stg.dsc-nonprod.aws-purolator.com/ship/v1/documents/summary-manifest,200,498,"2xx, no errors",True,,
2026-10-06T09:39:33,Certification,REST,runs/cert-rest.yaml,266,SAMPLE · Domestic · Consolidate Basic,POST,shipapi-stg.dsc-nonprod.aws-purolator.com/ship/v1/manifest,400,257,"2xx, no errors",False,,9001-08 Manifest item has already been closed or is in the manifesting phase.
2026-10-06T09:39:33,Certification,REST,runs/cert-rest.yaml,267,DOCUMENTS · All Types by PIN,POST,shipapi-stg.dsc-nonprod.aws-purolator.com/ship/v1/documents,200,508,"2xx, no errors",True,760068291482,
2026-10-06T09:39:33,Certification,REST,runs/cert-rest.yaml,268,DOCUMENTS · Domestic · Bill of Lading Filter,POST,shipapi-stg.dsc-nonprod.aws-purolator.com/ship/v1/documents,400,152,"2xx, no errors",False,,9001-312 Unsupport Document Type.
2026-10-06T09:39:33,Certification,REST,runs/cert-rest.yaml,269,DOCUMENTS · Batch 2 PINs,POST,shipapi-stg.dsc-nonprod.aws-purolator.com/ship/v1/documents,200,581,"2xx, no errors",True,760068291482,
2026-10-06T09:39:33,Certification,REST,runs/cert-rest.yaml,270,MANIFEST · Summary Manifest Today,POST,shipapi-stg.dsc-nonprod.aws-purolator.com/ship/v1/documents/summary-manifest,200,981,"2xx, no errors",True,,
2026-10-06T09:39:33,Certification,REST,runs/cert-rest.yaml,271,MANIFEST · Empty Day (not closed),POST,shipapi-stg.dsc-nonprod.aws-purolator.com/ship/v1/documents/summary-manifest,200,503,"2xx, no errors",True,,
2026-10-06T09:39:33,Certification,REST,runs/cert-rest.yaml,272,AUTH · Wrong Scope (expect 400),POST,shipapi-stg.dsc-nonprod.aws-purolator.com/auth/v1/token,400,205,400,True,,
2026-10-06T09:39:33,Certification,REST,runs/cert-rest.yaml,273,AUTH · Missing grant_type (expect 400),POST,shipapi-stg.dsc-nonprod.aws-purolator.com/auth/v1/token,400,203,400,True,,
2026-10-06T09:39:33,Certification,REST,runs/cert-rest.yaml,274,AUTH · Bad Basic Credentials (expect 401),POST,shipapi-stg.dsc-nonprod.aws-purolator.com/auth/v1/token,400,126,401,False,,
2026-10-06T09:39:33,Certification,REST,runs/cert-rest.yaml,275,VOID SHIP · Wrong Method POST (support trap),POST,shipapi-stg.dsc-nonprod.aws-purolator.com/ship/v1/shipment,400,218,"2xx, no errors",False,,9001-293 shipmentDocuments is a mandatory field. | 9001-150 Invalid request: 'Outbound shipment' is required. | 9001-276 'shipmentPIN' is an unknown field.
2026-10-06T09:39:33,Certification,REST,runs/cert-rest.yaml,276,VOID SHIP · Unknown PIN (expect 400),PUT,shipapi-stg.dsc-nonprod.aws-purolator.com/ship/v1/shipment,400,257,400,True,,9001-08 Failed to void shipment.
2026-10-06T09:39:33,Certification,REST,runs/cert-rest.yaml,277,VOID SHIP · Missing shipmentPIN (expect 400),PUT,shipapi-stg.dsc-nonprod.aws-purolator.com/ship/v1/shipment,400,197,400,True,,9001-07 Shipment PIN is mandatory.
2026-10-06T09:39:33,Certification,REST,runs/cert-rest.yaml,278,DOCUMENTS · Unknown PIN (expect 400),POST,shipapi-stg.dsc-nonprod.aws-purolator.com/ship/v1/documents,400,162,400,True,,9001-306 PIN 000000000000 is invalid.
2026-10-06T09:39:33,Certification,REST,runs/cert-rest.yaml,279,DOCUMENTS · Missing documentCriteria (expect 400),POST,shipapi-stg.dsc-nonprod.aws-purolator.com/ship/v1/documents,400,197,400,True,,9001-304 Document criteria is mandatory.
2026-10-06T09:39:33,Certification,REST,runs/cert-rest.yaml,280,CONSOLIDATE · Missing accountNumber (expect 400),POST,shipapi-stg.dsc-nonprod.aws-purolator.com/ship/v1/manifest,400,199,400,True,,9001-07 The account number is a mandatory field.
2026-10-06T09:39:33,Certification,REST,runs/cert-rest.yaml,281,MANIFEST · Date Older Than 10 Days (expect 400),POST,shipapi-stg.dsc-nonprod.aws-purolator.com/ship/v1/documents/summary-manifest,400,223,400,True,,"9001-319 Invalid Manifest Date. Date must be between Saturday, September 26, 2026 and Tuesday, October 06, 2026."
2026-10-06T09:39:33,Certification,REST,runs/cert-rest.yaml,282,MANIFEST · Future Date (expect 400),POST,shipapi-stg.dsc-nonprod.aws-purolator.com/ship/v1/documents/summary-manifest,400,196,400,True,,"9001-319 Invalid Manifest Date. Date must be between Saturday, September 26, 2026 and Tuesday, October 06, 2026."
2026-10-06T09:39:33,Certification,REST,runs/cert-rest.yaml,283,MANIFEST · Missing manifestDate (expect 400),POST,shipapi-stg.dsc-nonprod.aws-purolator.com/ship/v1/documents/summary-manifest,400,198,400,True,,9001-317 Date parameter cannot be an empty string. Valid Format is YYYY-MM-DD
2026-10-06T09:39:33,Certification,REST,runs/cert-rest.yaml,284,SHIP · Missing serviceId (expect 400),POST,shipapi-stg.dsc-nonprod.aws-purolator.com/ship/v1/shipment,400,120,400,True,,9001-50 Outbound: Service id is a mandatory field.
2026-10-06T09:39:33,Certification,REST,runs/cert-rest.yaml,285,SHIP · totalPackages Mismatch (expect 400),POST,shipapi-stg.dsc-nonprod.aws-purolator.com/ship/v1/shipment,200,989,400,False,,
2026-10-06T09:39:33,Certification,REST,runs/cert-rest.yaml,286,SHIP · Invalid serviceId (expect 400),POST,shipapi-stg.dsc-nonprod.aws-purolator.com/ship/v1/shipment,400,212,400,True,,"9001-51 Outbound: Invalid service id: 'NotARealServiceId'. Valid values are: PurolatorExpress, PurolatorExpress9AM, PurolatorExpress10:30AM, PurolatorExpress12PM, PurolatorExpressEvening, PurolatorExpressEnvelope, PurolatorExpressEnvelope9AM, PurolatorExpressEnvelope10:30AM, PurolatorExpressEnvelope12PM,  PurolatorExpressEnvelopeEvening, PurolatorExpressPack, PurolatorExpressPack9AM, PurolatorExpressPack10:30AM, PurolatorExpressPack12PM, PurolatorExpressPackEvening, PurolatorExpressBox, PurolatorExpressBox9AM, PurolatorExpressBox10:30AM, PurolatorExpressBox12PM, PurolatorExpressBoxEvening, PurolatorGround, PurolatorGround9AM, PurolatorGround10:30AM, PurolatorGroundEvening, PurolatorExpressU.S., PurolatorExpressU.S.9AM, PurolatorExpressU.S.10:30AM, PurolatorExpressU.S.12PM, PurolatorExpressEnvelopeU.S., PurolatorExpressEnvelopeU.S.9AM, PurolatorExpressEnvelopeU.S.10:30AM, PurolatorExpressEnvelopeU.S.12PM, PurolatorExpressPackU.S., PurolatorExpressPackU.S.9AM, PurolatorExpressPackU.S.10:30AM, PurolatorExpressPackU.S.12PM, PurolatorExpressBoxU.S., PurolatorExpressBoxU.S.9AM, PurolatorExpressBoxU.S.10:30AM, PurolatorExpressBoxU.S.12PM, PurolatorGroundU.S., PurolatorExpressInternational, PurolatorExpressInternational9AM, PurolatorExpressInternational10:30AM, PurolatorExpressInternational12PM, PurolatorExpressEnvelopeInternational, PurolatorExpressEnvelopeInternational9AM, PurolatorExpressEnvelopeInternational10:30AM, PurolatorExpressEnvelopeInternational12PM, PurolatorExpressPackInternational, PurolatorExpressPackInternational9AM, PurolatorExpressPackInternational10:30AM, PurolatorExpressPackInternational12PM, PurolatorExpressBoxInternational, PurolatorExpressBoxInternational9AM, PurolatorExpressBoxInternational10:30AM, PurolatorExpressBoxInternational12PM, PurolatorQuickShip, PurolatorStandard."
2026-10-06T09:39:33,Certification,REST,runs/cert-rest.yaml,287,SHIP · Missing outboundShipment (expect 400),POST,shipapi-stg.dsc-nonprod.aws-purolator.com/ship/v1/shipment,400,216,400,True,,9001-150 Invalid request: 'Outbound shipment' is required.
2026-10-06T09:39:33,Certification,REST,runs/cert-rest.yaml,288,SHIP · Invalid Bearer Token (expect 401),POST,shipapi-stg.dsc-nonprod.aws-purolator.com/ship/v1/shipment,403,193,401,False,,
2026-10-06T09:39:33,Certification,REST,runs/cert-rest.yaml,289,SHIP · Missing x-api-key (expect 401),POST,shipapi-stg.dsc-nonprod.aws-purolator.com/ship/v1/shipment,401,178,401,True,,
2026-10-06T09:39:33,Certification,REST,runs/cert-rest.yaml,290,SHIP · Wrong x-api-key (expect 401),POST,shipapi-stg.dsc-nonprod.aws-purolator.com/ship/v1/shipment,403,244,401,False,,
2026-10-06T09:39:33,Certification,REST,runs/cert-rest.yaml,291,VALIDATE · Domestic · validateOnly Returns No PIN,POST,shipapi-stg.dsc-nonprod.aws-purolator.com/ship/v1/shipment,200,571,"2xx, no errors",True,,
2026-10-06T09:39:33,Certification,REST,runs/cert-rest.yaml,292,SHIP · shipmentDate Beyond 10 Days (expect 400),POST,shipapi-stg.dsc-nonprod.aws-purolator.com/ship/v1/shipment,400,214,400,True,,9001-11 Invalid shipment date. Date must be between 2026-10-06 and 2026-10-16.
2026-10-06T09:39:33,Certification,REST,runs/cert-rest.yaml,293,SHIP · Domestic · Language FR Header,POST,shipapi-stg.dsc-nonprod.aws-purolator.com/ship/v1/shipment,200,956,"2xx, no errors",True,,
2026-10-06T09:39:33,Certification,REST,runs/cert-rest.yaml,294,ESTIMATE · Missing Bearer Token (expect 401),POST,shipapi-stg.dsc-nonprod.aws-purolator.com/rate/v1/shipment,200,714,401,False,,
2026-10-06T09:39:33,Certification,REST,runs/cert-rest.yaml,295,ESTIMATE · Missing x-api-key (expect 401),POST,shipapi-stg.dsc-nonprod.aws-purolator.com/rate/v1/shipment,401,181,401,True,,
2026-10-06T09:39:33,Certification,REST,runs/cert-rest.yaml,296,ESTIMATE · Invalid serviceId (expect 400),POST,shipapi-stg.dsc-nonprod.aws-purolator.com/rate/v1/shipment,400,126,400,True,,"9001-51 Outbound: Invalid service id: 'NotARealProduct'. Valid values are: PurolatorExpress, PurolatorExpress9AM, PurolatorExpress10:30AM, PurolatorExpress12PM, PurolatorExpressEvening, PurolatorExpressEnvelope, PurolatorExpressEnvelope9AM, PurolatorExpressEnvelope10:30AM, PurolatorExpressEnvelope12PM,  PurolatorExpressEnvelopeEvening, PurolatorExpressPack, PurolatorExpressPack9AM, PurolatorExpressPack10:30AM, PurolatorExpressPack12PM, PurolatorExpressPackEvening, PurolatorExpressBox, PurolatorExpressBox9AM, PurolatorExpressBox10:30AM, PurolatorExpressBox12PM, PurolatorExpressBoxEvening, PurolatorGround, PurolatorGround9AM, PurolatorGround10:30AM, PurolatorGroundEvening, PurolatorExpressU.S., PurolatorExpressU.S.9AM, PurolatorExpressU.S.10:30AM, PurolatorExpressU.S.12PM, PurolatorExpressEnvelopeU.S., PurolatorExpressEnvelopeU.S.9AM, PurolatorExpressEnvelopeU.S.10:30AM, PurolatorExpressEnvelopeU.S.12PM, PurolatorExpressPackU.S., PurolatorExpressPackU.S.9AM, PurolatorExpressPackU.S.10:30AM, PurolatorExpressPackU.S.12PM, PurolatorExpressBoxU.S., PurolatorExpressBoxU.S.9AM, PurolatorExpressBoxU.S.10:30AM, PurolatorExpressBoxU.S.12PM, PurolatorGroundU.S., PurolatorExpressInternational, PurolatorExpressInternational9AM, PurolatorExpressInternational10:30AM, PurolatorExpressInternational12PM, PurolatorExpressEnvelopeInternational, PurolatorExpressEnvelopeInternational9AM, PurolatorExpressEnvelopeInternational10:30AM, PurolatorExpressEnvelopeInternational12PM, PurolatorExpressPackInternational, PurolatorExpressPackInternational9AM, PurolatorExpressPackInternational10:30AM, PurolatorExpressPackInternational12PM, PurolatorExpressBoxInternational, PurolatorExpressBoxInternational9AM, PurolatorExpressBoxInternational10:30AM, PurolatorExpressBoxInternational12PM, PurolatorQuickShip, PurolatorStandard."
2026-10-06T09:39:33,Certification,REST,runs/cert-rest.yaml,297,ESTIMATE · Invalid Postal Code (expect 400),POST,shipapi-stg.dsc-nonprod.aws-purolator.com/rate/v1/shipment,400,350,400,True,,9001-32 Outbound: Invalid receiver postal code format. The expected format is: LNL NLN.
2026-10-06T09:39:33,Certification,REST,runs/cert-rest.yaml,298,ESTIMATE · Missing outboundShipment (expect 400),POST,shipapi-stg.dsc-nonprod.aws-purolator.com/rate/v1/shipment,400,211,400,True,,9001-150 Invalid request: 'Outbound shipment' is required.
2026-10-06T09:39:33,Certification,REST,runs/cert-rest.yaml,299,ESTIMATE · Missing totalWeight (expect 400),POST,shipapi-stg.dsc-nonprod.aws-purolator.com/rate/v1/shipment,400,109,400,True,,9001-56 Outbound: Total weight is a mandatory field.
2026-10-06T09:39:33,Certification,REST,runs/cert-rest.yaml,300,TRACK · Unknown trackingId (OAS example),POST,shipapi-stg.dsc-nonprod.aws-purolator.com/track/v1/shipment,200,1160,"2xx, no errors",True,,
2026-10-06T09:39:33,Certification,REST,runs/cert-rest.yaml,301,TRACK · Missing trackingId (expect 400),POST,shipapi-stg.dsc-nonprod.aws-purolator.com/track/v1/shipment,400,199,400,True,,9001-20 Tracking ID is mandatory in Tracking Request
2026-10-06T09:39:33,Certification,REST,runs/cert-rest.yaml,302,TRACK · Invalid Bearer Token,POST,shipapi-stg.dsc-nonprod.aws-purolator.com/track/v1/shipment,403,83,"2xx, no errors",False,,
2026-10-06T09:39:33,Certification,REST,runs/cert-rest.yaml,303,LOCATE · Missing language (expect 400),GET,shipapi-stg.dsc-nonprod.aws-purolator.com/locator/v1/address,200,834,400,False,,
2026-10-06T09:39:33,Certification,REST,runs/cert-rest.yaml,304,LOCATE · Missing requestReference (expect 400),GET,shipapi-stg.dsc-nonprod.aws-purolator.com/locator/v1/address,200,913,400,False,,
2026-10-06T09:39:33,Certification,REST,runs/cert-rest.yaml,305,LOCATE · Invalid Bearer Token (expect 401),GET,shipapi-stg.dsc-nonprod.aws-purolator.com/locator/v1/address,403,294,401,False,,
2026-10-06T09:39:33,Certification,REST,runs/cert-products.yaml,1,AUTH · OKTA Token,POST,shipapi-stg.dsc-nonprod.aws-purolator.com/auth/v1/token,200,854,"2xx, no errors",True,,
2026-10-06T09:39:33,Certification,REST,runs/cert-products.yaml,2,PRODUCT · PurolatorExpress,POST,shipapi-stg.dsc-nonprod.aws-purolator.com/ship/v1/shipment,200,946,"2xx, no errors",True,760068288777,
2026-10-06T09:39:33,Certification,REST,runs/cert-products.yaml,3,PRODUCT · PurolatorExpress · FR,POST,shipapi-stg.dsc-nonprod.aws-purolator.com/ship/v1/shipment,200,941,"2xx, no errors",True,760068288785,
2026-10-06T09:39:33,Certification,REST,runs/cert-products.yaml,4,PRODUCT · PurolatorExpress9AM,POST,shipapi-stg.dsc-nonprod.aws-purolator.com/ship/v1/shipment,200,931,"2xx, no errors",True,760068288793,
2026-10-06T09:39:33,Certification,REST,runs/cert-products.yaml,5,PRODUCT · PurolatorExpress9AM · FR,POST,shipapi-stg.dsc-nonprod.aws-purolator.com/ship/v1/shipment,200,949,"2xx, no errors",True,760068288801,
2026-10-06T09:39:33,Certification,REST,runs/cert-products.yaml,6,PRODUCT · PurolatorExpress1030AM,POST,shipapi-stg.dsc-nonprod.aws-purolator.com/ship/v1/shipment,200,834,"2xx, no errors",True,760068288819,
2026-10-06T09:39:33,Certification,REST,runs/cert-products.yaml,7,PRODUCT · PurolatorExpress1030AM · FR,POST,shipapi-stg.dsc-nonprod.aws-purolator.com/ship/v1/shipment,200,932,"2xx, no errors",True,760068288827,
2026-10-06T09:39:33,Certification,REST,runs/cert-products.yaml,8,PRODUCT · PurolatorExpress12PM,POST,shipapi-stg.dsc-nonprod.aws-purolator.com/ship/v1/shipment,200,841,"2xx, no errors",True,760068288835,
2026-10-06T09:39:33,Certification,REST,runs/cert-products.yaml,9,PRODUCT · PurolatorExpress12PM · FR,POST,shipapi-stg.dsc-nonprod.aws-purolator.com/ship/v1/shipment,200,963,"2xx, no errors",True,760068288843,
2026-10-06T09:39:33,Certification,REST,runs/cert-products.yaml,10,PRODUCT · PurolatorExpressEvening,POST,shipapi-stg.dsc-nonprod.aws-purolator.com/ship/v1/shipment,400,515,"2xx, no errors",False,,9001-99 Outbound: 'PurolatorExpressEvening' is invalid.
2026-10-06T09:39:33,Certification,REST,runs/cert-products.yaml,11,PRODUCT · PurolatorExpressEvening · FR,POST,shipapi-stg.dsc-nonprod.aws-purolator.com/ship/v1/shipment,400,566,"2xx, no errors",False,,9001-99 Sortant: 'PurolatorExpressEvening' est invalide.
2026-10-06T09:39:33,Certification,REST,runs/cert-products.yaml,12,PRODUCT · PurolatorExpressEnvelope,POST,shipapi-stg.dsc-nonprod.aws-purolator.com/ship/v1/shipment,200,914,"2xx, no errors",True,760068288850,
2026-10-06T09:39:33,Certification,REST,runs/cert-products.yaml,13,PRODUCT · PurolatorExpressEnvelope · FR,POST,shipapi-stg.dsc-nonprod.aws-purolator.com/ship/v1/shipment,200,1059,"2xx, no errors",True,760068288868,
2026-10-06T09:39:33,Certification,REST,runs/cert-products.yaml,14,PRODUCT · PurolatorExpressEnvelope9AM,POST,shipapi-stg.dsc-nonprod.aws-purolator.com/ship/v1/shipment,200,881,"2xx, no errors",True,760068288876,
2026-10-06T09:39:33,Certification,REST,runs/cert-products.yaml,15,PRODUCT · PurolatorExpressEnvelope9AM · FR,POST,shipapi-stg.dsc-nonprod.aws-purolator.com/ship/v1/shipment,200,897,"2xx, no errors",True,760068288884,
2026-10-06T09:39:33,Certification,REST,runs/cert-products.yaml,16,PRODUCT · PurolatorExpressEnvelope1030AM,POST,shipapi-stg.dsc-nonprod.aws-purolator.com/ship/v1/shipment,200,905,"2xx, no errors",True,760068288892,
2026-10-06T09:39:33,Certification,REST,runs/cert-products.yaml,17,PRODUCT · PurolatorExpressEnvelope1030AM · FR,POST,shipapi-stg.dsc-nonprod.aws-purolator.com/ship/v1/shipment,200,974,"2xx, no errors",True,760068288900,
2026-10-06T09:39:33,Certification,REST,runs/cert-products.yaml,18,PRODUCT · PurolatorExpressEnvelope12PM,POST,shipapi-stg.dsc-nonprod.aws-purolator.com/ship/v1/shipment,200,830,"2xx, no errors",True,760068288918,
2026-10-06T09:39:33,Certification,REST,runs/cert-products.yaml,19,PRODUCT · PurolatorExpressEnvelope12PM · FR,POST,shipapi-stg.dsc-nonprod.aws-purolator.com/ship/v1/shipment,200,880,"2xx, no errors",True,760068288926,
2026-10-06T09:39:33,Certification,REST,runs/cert-products.yaml,20,PRODUCT · PurolatorExpressEnvelopeEvening,POST,shipapi-stg.dsc-nonprod.aws-purolator.com/ship/v1/shipment,400,432,"2xx, no errors",False,,9001-99 Outbound: 'PurolatorExpressEnvelopeEvening' is invalid.
2026-10-06T09:39:33,Certification,REST,runs/cert-products.yaml,21,PRODUCT · PurolatorExpressEnvelopeEvening · FR,POST,shipapi-stg.dsc-nonprod.aws-purolator.com/ship/v1/shipment,400,532,"2xx, no errors",False,,9001-99 Sortant: 'PurolatorExpressEnvelopeEvening' est invalide.
2026-10-06T09:39:33,Certification,REST,runs/cert-products.yaml,22,PRODUCT · PurolatorExpressPack,POST,shipapi-stg.dsc-nonprod.aws-purolator.com/ship/v1/shipment,200,971,"2xx, no errors",True,760068288934,
2026-10-06T09:39:33,Certification,REST,runs/cert-products.yaml,23,PRODUCT · PurolatorExpressPack · FR,POST,shipapi-stg.dsc-nonprod.aws-purolator.com/ship/v1/shipment,200,971,"2xx, no errors",True,760068288942,
2026-10-06T09:39:33,Certification,REST,runs/cert-products.yaml,24,PRODUCT · PurolatorExpressPack9AM,POST,shipapi-stg.dsc-nonprod.aws-purolator.com/ship/v1/shipment,200,922,"2xx, no errors",True,760068288959,
2026-10-06T09:39:33,Certification,REST,runs/cert-products.yaml,25,PRODUCT · PurolatorExpressPack9AM · FR,POST,shipapi-stg.dsc-nonprod.aws-purolator.com/ship/v1/shipment,200,959,"2xx, no errors",True,760068288967,
2026-10-06T09:39:33,Certification,REST,runs/cert-products.yaml,26,PRODUCT · PurolatorExpressPack1030AM,POST,shipapi-stg.dsc-nonprod.aws-purolator.com/ship/v1/shipment,200,906,"2xx, no errors",True,760068288975,
2026-10-06T09:39:33,Certification,REST,runs/cert-products.yaml,27,PRODUCT · PurolatorExpressPack1030AM · FR,POST,shipapi-stg.dsc-nonprod.aws-purolator.com/ship/v1/shipment,200,969,"2xx, no errors",True,760068288983,
2026-10-06T09:39:33,Certification,REST,runs/cert-products.yaml,28,PRODUCT · PurolatorExpressPack12PM,POST,shipapi-stg.dsc-nonprod.aws-purolator.com/ship/v1/shipment,200,962,"2xx, no errors",True,760068288991,
2026-10-06T09:39:33,Certification,REST,runs/cert-products.yaml,29,PRODUCT · PurolatorExpressPack12PM · FR,POST,shipapi-stg.dsc-nonprod.aws-purolator.com/ship/v1/shipment,200,897,"2xx, no errors",True,760068289007,
2026-10-06T09:39:33,Certification,REST,runs/cert-products.yaml,30,PRODUCT · PurolatorExpressPackEvening,POST,shipapi-stg.dsc-nonprod.aws-purolator.com/ship/v1/shipment,400,526,"2xx, no errors",False,,9001-99 Outbound: 'PurolatorExpressPackEvening' is invalid.
2026-10-06T09:39:33,Certification,REST,runs/cert-products.yaml,31,PRODUCT · PurolatorExpressPackEvening · FR,POST,shipapi-stg.dsc-nonprod.aws-purolator.com/ship/v1/shipment,400,533,"2xx, no errors",False,,9001-99 Sortant: 'PurolatorExpressPackEvening' est invalide.
2026-10-06T09:39:33,Certification,REST,runs/cert-products.yaml,32,PRODUCT · PurolatorExpressBox,POST,shipapi-stg.dsc-nonprod.aws-purolator.com/ship/v1/shipment,200,943,"2xx, no errors",True,760068289015,
2026-10-06T09:39:33,Certification,REST,runs/cert-products.yaml,33,PRODUCT · PurolatorExpressBox · FR,POST,shipapi-stg.dsc-nonprod.aws-purolator.com/ship/v1/shipment,200,962,"2xx, no errors",True,760068289023,
2026-10-06T09:39:33,Certification,REST,runs/cert-products.yaml,34,PRODUCT · PurolatorExpressBox9AM,POST,shipapi-stg.dsc-nonprod.aws-purolator.com/ship/v1/shipment,200,837,"2xx, no errors",True,760068289031,
2026-10-06T09:39:33,Certification,REST,runs/cert-products.yaml,35,PRODUCT · PurolatorExpressBox9AM · FR,POST,shipapi-stg.dsc-nonprod.aws-purolator.com/ship/v1/shipment,200,1040,"2xx, no errors",True,760068289049,
2026-10-06T09:39:33,Certification,REST,runs/cert-products.yaml,36,PRODUCT · PurolatorExpressBox1030AM,POST,shipapi-stg.dsc-nonprod.aws-purolator.com/ship/v1/shipment,200,918,"2xx, no errors",True,760068289056,
2026-10-06T09:39:33,Certification,REST,runs/cert-products.yaml,37,PRODUCT · PurolatorExpressBox1030AM · FR,POST,shipapi-stg.dsc-nonprod.aws-purolator.com/ship/v1/shipment,200,1077,"2xx, no errors",True,760068289064,
2026-10-06T09:39:33,Certification,REST,runs/cert-products.yaml,38,PRODUCT · PurolatorExpressBox12PM,POST,shipapi-stg.dsc-nonprod.aws-purolator.com/ship/v1/shipment,200,867,"2xx, no errors",True,760068289072,
2026-10-06T09:39:33,Certification,REST,runs/cert-products.yaml,39,PRODUCT · PurolatorExpressBox12PM · FR,POST,shipapi-stg.dsc-nonprod.aws-purolator.com/ship/v1/shipment,200,900,"2xx, no errors",True,760068289080,
2026-10-06T09:39:33,Certification,REST,runs/cert-products.yaml,40,PRODUCT · PurolatorExpressBoxEvening,POST,shipapi-stg.dsc-nonprod.aws-purolator.com/ship/v1/shipment,400,537,"2xx, no errors",False,,9001-99 Outbound: 'PurolatorExpressBoxEvening' is invalid.
2026-10-06T09:39:33,Certification,REST,runs/cert-products.yaml,41,PRODUCT · PurolatorExpressBoxEvening · FR,POST,shipapi-stg.dsc-nonprod.aws-purolator.com/ship/v1/shipment,400,850,"2xx, no errors",False,,9001-99 Sortant: 'PurolatorExpressBoxEvening' est invalide.
2026-10-06T09:39:33,Certification,REST,runs/cert-products.yaml,42,PRODUCT · PurolatorGround,POST,shipapi-stg.dsc-nonprod.aws-purolator.com/ship/v1/shipment,200,845,"2xx, no errors",True,760068289098,
2026-10-06T09:39:33,Certification,REST,runs/cert-products.yaml,43,PRODUCT · PurolatorGround · FR,POST,shipapi-stg.dsc-nonprod.aws-purolator.com/ship/v1/shipment,200,887,"2xx, no errors",True,760068289106,
2026-10-06T09:39:33,Certification,REST,runs/cert-products.yaml,44,PRODUCT · PurolatorGround9AM,POST,shipapi-stg.dsc-nonprod.aws-purolator.com/ship/v1/shipment,400,447,"2xx, no errors",False,,9001-99 Outbound: 'PurolatorGround9AM' is invalid.
2026-10-06T09:39:33,Certification,REST,runs/cert-products.yaml,45,PRODUCT · PurolatorGround9AM · FR,POST,shipapi-stg.dsc-nonprod.aws-purolator.com/ship/v1/shipment,400,541,"2xx, no errors",False,,9001-99 Sortant: 'PurolatorGround9AM' est invalide.
2026-10-06T09:39:33,Certification,REST,runs/cert-products.yaml,46,PRODUCT · PurolatorGround1030AM,POST,shipapi-stg.dsc-nonprod.aws-purolator.com/ship/v1/shipment,400,435,"2xx, no errors",False,,9001-99 Outbound: 'PurolatorGround10:30AM' is invalid.
2026-10-06T09:39:33,Certification,REST,runs/cert-products.yaml,47,PRODUCT · PurolatorGround1030AM · FR,POST,shipapi-stg.dsc-nonprod.aws-purolator.com/ship/v1/shipment,400,526,"2xx, no errors",False,,9001-99 Sortant: 'PurolatorGround10:30AM' est invalide.
2026-10-06T09:39:33,Certification,REST,runs/cert-products.yaml,48,PRODUCT · PurolatorGroundDistribution,POST,shipapi-stg.dsc-nonprod.aws-purolator.com/ship/v1/shipment,400,112,"2xx, no errors",False,,"9001-51 Outbound: Invalid service id: 'PurolatorGroundDistribution'. Valid values are: PurolatorExpress, PurolatorExpress9AM, PurolatorExpress10:30AM, PurolatorExpress12PM, PurolatorExpressEvening, PurolatorExpressEnvelope, PurolatorExpressEnvelope9AM, PurolatorExpressEnvelope10:30AM, PurolatorExpressEnvelope12PM,  PurolatorExpressEnvelopeEvening, PurolatorExpressPack, PurolatorExpressPack9AM, PurolatorExpressPack10:30AM, PurolatorExpressPack12PM, PurolatorExpressPackEvening, PurolatorExpressBox, PurolatorExpressBox9AM, PurolatorExpressBox10:30AM, PurolatorExpressBox12PM, PurolatorExpressBoxEvening, PurolatorGround, PurolatorGround9AM, PurolatorGround10:30AM, PurolatorGroundEvening, PurolatorExpressU.S., PurolatorExpressU.S.9AM, PurolatorExpressU.S.10:30AM, PurolatorExpressU.S.12PM, PurolatorExpressEnvelopeU.S., PurolatorExpressEnvelopeU.S.9AM, PurolatorExpressEnvelopeU.S.10:30AM, PurolatorExpressEnvelopeU.S.12PM, PurolatorExpressPackU.S., PurolatorExpressPackU.S.9AM, PurolatorExpressPackU.S.10:30AM, PurolatorExpressPackU.S.12PM, PurolatorExpressBoxU.S., PurolatorExpressBoxU.S.9AM, PurolatorExpressBoxU.S.10:30AM, PurolatorExpressBoxU.S.12PM, PurolatorGroundU.S., PurolatorExpressInternational, PurolatorExpressInternational9AM, PurolatorExpressInternational10:30AM, PurolatorExpressInternational12PM, PurolatorExpressEnvelopeInternational, PurolatorExpressEnvelopeInternational9AM, PurolatorExpressEnvelopeInternational10:30AM, PurolatorExpressEnvelopeInternational12PM, PurolatorExpressPackInternational, PurolatorExpressPackInternational9AM, PurolatorExpressPackInternational10:30AM, PurolatorExpressPackInternational12PM, PurolatorExpressBoxInternational, PurolatorExpressBoxInternational9AM, PurolatorExpressBoxInternational10:30AM, PurolatorExpressBoxInternational12PM, PurolatorQuickShip, PurolatorStandard."
2026-10-06T09:39:33,Certification,REST,runs/cert-products.yaml,49,PRODUCT · PurolatorGroundDistribution · FR,POST,shipapi-stg.dsc-nonprod.aws-purolator.com/ship/v1/shipment,400,205,"2xx, no errors",False,,"9001-51 Sortant: Le service est invalide: 'PurolatorGroundDistribution'. Les valeurs valides sont: PurolatorExpress, PurolatorExpress9AM, PurolatorExpress10:30AM, PurolatorExpress12PM, PurolatorExpressEvening, PurolatorExpressEnvelope, PurolatorExpressEnvelope9AM, PurolatorExpressEnvelope10:30AM, PurolatorExpressEnvelope12PM,  PurolatorExpressEnvelopeEvening, PurolatorExpressPack, PurolatorExpressPack9AM, PurolatorExpressPack10:30AM, PurolatorExpressPack12PM, PurolatorExpressPackEvening, PurolatorExpressBox, PurolatorExpressBox9AM, PurolatorExpressBox10:30AM, PurolatorExpressBox12PM, PurolatorExpressBoxEvening, PurolatorGround, PurolatorGround9AM, PurolatorGround10:30AM, PurolatorGroundEvening, PurolatorExpressU.S., PurolatorExpressU.S.9AM, PurolatorExpressU.S.10:30AM, PurolatorExpressU.S.12PM, PurolatorExpressEnvelopeU.S., PurolatorExpressEnvelopeU.S.9AM, PurolatorExpressEnvelopeU.S.10:30AM, PurolatorExpressEnvelopeU.S.12PM, PurolatorExpressPackU.S., PurolatorExpressPackU.S.9AM, PurolatorExpressPackU.S.10:30AM, PurolatorExpressPackU.S.12PM, PurolatorExpressBoxU.S., PurolatorExpressBoxU.S.9AM, PurolatorExpressBoxU.S.10:30AM, PurolatorExpressBoxU.S.12PM, PurolatorGroundU.S., PurolatorExpressInternational, PurolatorExpressInternational9AM, PurolatorExpressInternational10:30AM, PurolatorExpressInternational12PM, PurolatorExpressEnvelopeInternational, PurolatorExpressEnvelopeInternational9AM, PurolatorExpressEnvelopeInternational10:30AM, PurolatorExpressEnvelopeInternational12PM, PurolatorExpressPackInternational, PurolatorExpressPackInternational9AM, PurolatorExpressPackInternational10:30AM, PurolatorExpressPackInternational12PM, PurolatorExpressBoxInternational, PurolatorExpressBoxInternational9AM, PurolatorExpressBoxInternational10:30AM, PurolatorExpressBoxInternational12PM, PurolatorQuickShip, PurolatorStandard."
2026-10-06T09:39:33,Certification,REST,runs/cert-products.yaml,50,PRODUCT · PurolatorGroundEvening,POST,shipapi-stg.dsc-nonprod.aws-purolator.com/ship/v1/shipment,400,508,"2xx, no errors",False,,9001-99 Outbound: 'PurolatorGroundEvening' is invalid.
2026-10-06T09:39:33,Certification,REST,runs/cert-products.yaml,51,PRODUCT · PurolatorGroundEvening · FR,POST,shipapi-stg.dsc-nonprod.aws-purolator.com/ship/v1/shipment,400,467,"2xx, no errors",False,,9001-99 Sortant: 'PurolatorGroundEvening' est invalide.
2026-10-06T09:39:33,Certification,REST,runs/cert-products.yaml,52,PRODUCT · PurolatorExpressReturns,POST,shipapi-stg.dsc-nonprod.aws-purolator.com/ship/v1/shipment,400,119,"2xx, no errors",False,,"9001-51 Outbound: Invalid service id: 'PurolatorExpressReturns'. Valid values are: PurolatorExpress, PurolatorExpress9AM, PurolatorExpress10:30AM, PurolatorExpress12PM, PurolatorExpressEvening, PurolatorExpressEnvelope, PurolatorExpressEnvelope9AM, PurolatorExpressEnvelope10:30AM, PurolatorExpressEnvelope12PM,  PurolatorExpressEnvelopeEvening, PurolatorExpressPack, PurolatorExpressPack9AM, PurolatorExpressPack10:30AM, PurolatorExpressPack12PM, PurolatorExpressPackEvening, PurolatorExpressBox, PurolatorExpressBox9AM, PurolatorExpressBox10:30AM, PurolatorExpressBox12PM, PurolatorExpressBoxEvening, PurolatorGround, PurolatorGround9AM, PurolatorGround10:30AM, PurolatorGroundEvening, PurolatorExpressU.S., PurolatorExpressU.S.9AM, PurolatorExpressU.S.10:30AM, PurolatorExpressU.S.12PM, PurolatorExpressEnvelopeU.S., PurolatorExpressEnvelopeU.S.9AM, PurolatorExpressEnvelopeU.S.10:30AM, PurolatorExpressEnvelopeU.S.12PM, PurolatorExpressPackU.S., PurolatorExpressPackU.S.9AM, PurolatorExpressPackU.S.10:30AM, PurolatorExpressPackU.S.12PM, PurolatorExpressBoxU.S., PurolatorExpressBoxU.S.9AM, PurolatorExpressBoxU.S.10:30AM, PurolatorExpressBoxU.S.12PM, PurolatorGroundU.S., PurolatorExpressInternational, PurolatorExpressInternational9AM, PurolatorExpressInternational10:30AM, PurolatorExpressInternational12PM, PurolatorExpressEnvelopeInternational, PurolatorExpressEnvelopeInternational9AM, PurolatorExpressEnvelopeInternational10:30AM, PurolatorExpressEnvelopeInternational12PM, PurolatorExpressPackInternational, PurolatorExpressPackInternational9AM, PurolatorExpressPackInternational10:30AM, PurolatorExpressPackInternational12PM, PurolatorExpressBoxInternational, PurolatorExpressBoxInternational9AM, PurolatorExpressBoxInternational10:30AM, PurolatorExpressBoxInternational12PM, PurolatorQuickShip, PurolatorStandard."
2026-10-06T09:39:33,Certification,REST,runs/cert-products.yaml,53,PRODUCT · PurolatorGroundRegional,POST,shipapi-stg.dsc-nonprod.aws-purolator.com/ship/v1/shipment,400,112,"2xx, no errors",False,,"9001-51 Outbound: Invalid service id: 'PurolatorGroundRegional'. Valid values are: PurolatorExpress, PurolatorExpress9AM, PurolatorExpress10:30AM, PurolatorExpress12PM, PurolatorExpressEvening, PurolatorExpressEnvelope, PurolatorExpressEnvelope9AM, PurolatorExpressEnvelope10:30AM, PurolatorExpressEnvelope12PM,  PurolatorExpressEnvelopeEvening, PurolatorExpressPack, PurolatorExpressPack9AM, PurolatorExpressPack10:30AM, PurolatorExpressPack12PM, PurolatorExpressPackEvening, PurolatorExpressBox, PurolatorExpressBox9AM, PurolatorExpressBox10:30AM, PurolatorExpressBox12PM, PurolatorExpressBoxEvening, PurolatorGround, PurolatorGround9AM, PurolatorGround10:30AM, PurolatorGroundEvening, PurolatorExpressU.S., PurolatorExpressU.S.9AM, PurolatorExpressU.S.10:30AM, PurolatorExpressU.S.12PM, PurolatorExpressEnvelopeU.S., PurolatorExpressEnvelopeU.S.9AM, PurolatorExpressEnvelopeU.S.10:30AM, PurolatorExpressEnvelopeU.S.12PM, PurolatorExpressPackU.S., PurolatorExpressPackU.S.9AM, PurolatorExpressPackU.S.10:30AM, PurolatorExpressPackU.S.12PM, PurolatorExpressBoxU.S., PurolatorExpressBoxU.S.9AM, PurolatorExpressBoxU.S.10:30AM, PurolatorExpressBoxU.S.12PM, PurolatorGroundU.S., PurolatorExpressInternational, PurolatorExpressInternational9AM, PurolatorExpressInternational10:30AM, PurolatorExpressInternational12PM, PurolatorExpressEnvelopeInternational, PurolatorExpressEnvelopeInternational9AM, PurolatorExpressEnvelopeInternational10:30AM, PurolatorExpressEnvelopeInternational12PM, PurolatorExpressPackInternational, PurolatorExpressPackInternational9AM, PurolatorExpressPackInternational10:30AM, PurolatorExpressPackInternational12PM, PurolatorExpressBoxInternational, PurolatorExpressBoxInternational9AM, PurolatorExpressBoxInternational10:30AM, PurolatorExpressBoxInternational12PM, PurolatorQuickShip, PurolatorStandard."
2026-10-06T09:39:33,Certification,REST,runs/cert-products.yaml,54,PRODUCT · PurolatorExpressReturns · FR,POST,shipapi-stg.dsc-nonprod.aws-purolator.com/ship/v1/shipment,400,204,"2xx, no errors",False,,"9001-51 Sortant: Le service est invalide: 'PurolatorExpressReturns'. Les valeurs valides sont: PurolatorExpress, PurolatorExpress9AM, PurolatorExpress10:30AM, PurolatorExpress12PM, PurolatorExpressEvening, PurolatorExpressEnvelope, PurolatorExpressEnvelope9AM, PurolatorExpressEnvelope10:30AM, PurolatorExpressEnvelope12PM,  PurolatorExpressEnvelopeEvening, PurolatorExpressPack, PurolatorExpressPack9AM, PurolatorExpressPack10:30AM, PurolatorExpressPack12PM, PurolatorExpressPackEvening, PurolatorExpressBox, PurolatorExpressBox9AM, PurolatorExpressBox10:30AM, PurolatorExpressBox12PM, PurolatorExpressBoxEvening, PurolatorGround, PurolatorGround9AM, PurolatorGround10:30AM, PurolatorGroundEvening, PurolatorExpressU.S., PurolatorExpressU.S.9AM, PurolatorExpressU.S.10:30AM, PurolatorExpressU.S.12PM, PurolatorExpressEnvelopeU.S., PurolatorExpressEnvelopeU.S.9AM, PurolatorExpressEnvelopeU.S.10:30AM, PurolatorExpressEnvelopeU.S.12PM, PurolatorExpressPackU.S., PurolatorExpressPackU.S.9AM, PurolatorExpressPackU.S.10:30AM, PurolatorExpressPackU.S.12PM, PurolatorExpressBoxU.S., PurolatorExpressBoxU.S.9AM, PurolatorExpressBoxU.S.10:30AM, PurolatorExpressBoxU.S.12PM, PurolatorGroundU.S., PurolatorExpressInternational, PurolatorExpressInternational9AM, PurolatorExpressInternational10:30AM, PurolatorExpressInternational12PM, PurolatorExpressEnvelopeInternational, PurolatorExpressEnvelopeInternational9AM, PurolatorExpressEnvelopeInternational10:30AM, PurolatorExpressEnvelopeInternational12PM, PurolatorExpressPackInternational, PurolatorExpressPackInternational9AM, PurolatorExpressPackInternational10:30AM, PurolatorExpressPackInternational12PM, PurolatorExpressBoxInternational, PurolatorExpressBoxInternational9AM, PurolatorExpressBoxInternational10:30AM, PurolatorExpressBoxInternational12PM, PurolatorQuickShip, PurolatorStandard."
2026-10-06T09:39:33,Certification,REST,runs/cert-products.yaml,55,PRODUCT · PurolatorGroundRegional · FR,POST,shipapi-stg.dsc-nonprod.aws-purolator.com/ship/v1/shipment,400,215,"2xx, no errors",False,,"9001-51 Sortant: Le service est invalide: 'PurolatorGroundRegional'. Les valeurs valides sont: PurolatorExpress, PurolatorExpress9AM, PurolatorExpress10:30AM, PurolatorExpress12PM, PurolatorExpressEvening, PurolatorExpressEnvelope, PurolatorExpressEnvelope9AM, PurolatorExpressEnvelope10:30AM, PurolatorExpressEnvelope12PM,  PurolatorExpressEnvelopeEvening, PurolatorExpressPack, PurolatorExpressPack9AM, PurolatorExpressPack10:30AM, PurolatorExpressPack12PM, PurolatorExpressPackEvening, PurolatorExpressBox, PurolatorExpressBox9AM, PurolatorExpressBox10:30AM, PurolatorExpressBox12PM, PurolatorExpressBoxEvening, PurolatorGround, PurolatorGround9AM, PurolatorGround10:30AM, PurolatorGroundEvening, PurolatorExpressU.S., PurolatorExpressU.S.9AM, PurolatorExpressU.S.10:30AM, PurolatorExpressU.S.12PM, PurolatorExpressEnvelopeU.S., PurolatorExpressEnvelopeU.S.9AM, PurolatorExpressEnvelopeU.S.10:30AM, PurolatorExpressEnvelopeU.S.12PM, PurolatorExpressPackU.S., PurolatorExpressPackU.S.9AM, PurolatorExpressPackU.S.10:30AM, PurolatorExpressPackU.S.12PM, PurolatorExpressBoxU.S., PurolatorExpressBoxU.S.9AM, PurolatorExpressBoxU.S.10:30AM, PurolatorExpressBoxU.S.12PM, PurolatorGroundU.S., PurolatorExpressInternational, PurolatorExpressInternational9AM, PurolatorExpressInternational10:30AM, PurolatorExpressInternational12PM, PurolatorExpressEnvelopeInternational, PurolatorExpressEnvelopeInternational9AM, PurolatorExpressEnvelopeInternational10:30AM, PurolatorExpressEnvelopeInternational12PM, PurolatorExpressPackInternational, PurolatorExpressPackInternational9AM, PurolatorExpressPackInternational10:30AM, PurolatorExpressPackInternational12PM, PurolatorExpressBoxInternational, PurolatorExpressBoxInternational9AM, PurolatorExpressBoxInternational10:30AM, PurolatorExpressBoxInternational12PM, PurolatorQuickShip, PurolatorStandard."
2026-10-06T09:39:33,Certification,REST,runs/cert-products.yaml,56,PRODUCT · PurolatorGroundReturns,POST,shipapi-stg.dsc-nonprod.aws-purolator.com/ship/v1/shipment,400,230,"2xx, no errors",False,,"9001-51 Outbound: Invalid service id: 'PurolatorGroundReturns'. Valid values are: PurolatorExpress, PurolatorExpress9AM, PurolatorExpress10:30AM, PurolatorExpress12PM, PurolatorExpressEvening, PurolatorExpressEnvelope, PurolatorExpressEnvelope9AM, PurolatorExpressEnvelope10:30AM, PurolatorExpressEnvelope12PM,  PurolatorExpressEnvelopeEvening, PurolatorExpressPack, PurolatorExpressPack9AM, PurolatorExpressPack10:30AM, PurolatorExpressPack12PM, PurolatorExpressPackEvening, PurolatorExpressBox, PurolatorExpressBox9AM, PurolatorExpressBox10:30AM, PurolatorExpressBox12PM, PurolatorExpressBoxEvening, PurolatorGround, PurolatorGround9AM, PurolatorGround10:30AM, PurolatorGroundEvening, PurolatorExpressU.S., PurolatorExpressU.S.9AM, PurolatorExpressU.S.10:30AM, PurolatorExpressU.S.12PM, PurolatorExpressEnvelopeU.S., PurolatorExpressEnvelopeU.S.9AM, PurolatorExpressEnvelopeU.S.10:30AM, PurolatorExpressEnvelopeU.S.12PM, PurolatorExpressPackU.S., PurolatorExpressPackU.S.9AM, PurolatorExpressPackU.S.10:30AM, PurolatorExpressPackU.S.12PM, PurolatorExpressBoxU.S., PurolatorExpressBoxU.S.9AM, PurolatorExpressBoxU.S.10:30AM, PurolatorExpressBoxU.S.12PM, PurolatorGroundU.S., PurolatorExpressInternational, PurolatorExpressInternational9AM, PurolatorExpressInternational10:30AM, PurolatorExpressInternational12PM, PurolatorExpressEnvelopeInternational, PurolatorExpressEnvelopeInternational9AM, PurolatorExpressEnvelopeInternational10:30AM, PurolatorExpressEnvelopeInternational12PM, PurolatorExpressPackInternational, PurolatorExpressPackInternational9AM, PurolatorExpressPackInternational10:30AM, PurolatorExpressPackInternational12PM, PurolatorExpressBoxInternational, PurolatorExpressBoxInternational9AM, PurolatorExpressBoxInternational10:30AM, PurolatorExpressBoxInternational12PM, PurolatorQuickShip, PurolatorStandard."
2026-10-06T09:39:33,Certification,REST,runs/cert-products.yaml,57,PRODUCT · PurolatorQuickShip,POST,shipapi-stg.dsc-nonprod.aws-purolator.com/ship/v1/shipment,400,523,"2xx, no errors",False,,9001-99 Outbound: 'PurolatorQuickShip' is invalid.
2026-10-06T09:39:33,Certification,REST,runs/cert-products.yaml,58,PRODUCT · PurolatorGroundReturns · FR,POST,shipapi-stg.dsc-nonprod.aws-purolator.com/ship/v1/shipment,400,254,"2xx, no errors",False,,"9001-51 Sortant: Le service est invalide: 'PurolatorGroundReturns'. Les valeurs valides sont: PurolatorExpress, PurolatorExpress9AM, PurolatorExpress10:30AM, PurolatorExpress12PM, PurolatorExpressEvening, PurolatorExpressEnvelope, PurolatorExpressEnvelope9AM, PurolatorExpressEnvelope10:30AM, PurolatorExpressEnvelope12PM,  PurolatorExpressEnvelopeEvening, PurolatorExpressPack, PurolatorExpressPack9AM, PurolatorExpressPack10:30AM, PurolatorExpressPack12PM, PurolatorExpressPackEvening, PurolatorExpressBox, PurolatorExpressBox9AM, PurolatorExpressBox10:30AM, PurolatorExpressBox12PM, PurolatorExpressBoxEvening, PurolatorGround, PurolatorGround9AM, PurolatorGround10:30AM, PurolatorGroundEvening, PurolatorExpressU.S., PurolatorExpressU.S.9AM, PurolatorExpressU.S.10:30AM, PurolatorExpressU.S.12PM, PurolatorExpressEnvelopeU.S., PurolatorExpressEnvelopeU.S.9AM, PurolatorExpressEnvelopeU.S.10:30AM, PurolatorExpressEnvelopeU.S.12PM, PurolatorExpressPackU.S., PurolatorExpressPackU.S.9AM, PurolatorExpressPackU.S.10:30AM, PurolatorExpressPackU.S.12PM, PurolatorExpressBoxU.S., PurolatorExpressBoxU.S.9AM, PurolatorExpressBoxU.S.10:30AM, PurolatorExpressBoxU.S.12PM, PurolatorGroundU.S., PurolatorExpressInternational, PurolatorExpressInternational9AM, PurolatorExpressInternational10:30AM, PurolatorExpressInternational12PM, PurolatorExpressEnvelopeInternational, PurolatorExpressEnvelopeInternational9AM, PurolatorExpressEnvelopeInternational10:30AM, PurolatorExpressEnvelopeInternational12PM, PurolatorExpressPackInternational, PurolatorExpressPackInternational9AM, PurolatorExpressPackInternational10:30AM, PurolatorExpressPackInternational12PM, PurolatorExpressBoxInternational, PurolatorExpressBoxInternational9AM, PurolatorExpressBoxInternational10:30AM, PurolatorExpressBoxInternational12PM, PurolatorQuickShip, PurolatorStandard."
2026-10-06T09:39:33,Certification,REST,runs/cert-products.yaml,59,PRODUCT · PurolatorQuickShip · FR,POST,shipapi-stg.dsc-nonprod.aws-purolator.com/ship/v1/shipment,400,649,"2xx, no errors",False,,9001-99 Sortant: 'PurolatorQuickShip' est invalide.
2026-10-06T09:39:33,Certification,REST,runs/cert-products.yaml,60,PRODUCT · PurolatorDeffered,POST,shipapi-stg.dsc-nonprod.aws-purolator.com/ship/v1/shipment,400,208,"2xx, no errors",False,,"9001-51 Outbound: Invalid service id: 'PurolatorDeffered'. Valid values are: PurolatorExpress, PurolatorExpress9AM, PurolatorExpress10:30AM, PurolatorExpress12PM, PurolatorExpressEvening, PurolatorExpressEnvelope, PurolatorExpressEnvelope9AM, PurolatorExpressEnvelope10:30AM, PurolatorExpressEnvelope12PM,  PurolatorExpressEnvelopeEvening, PurolatorExpressPack, PurolatorExpressPack9AM, PurolatorExpressPack10:30AM, PurolatorExpressPack12PM, PurolatorExpressPackEvening, PurolatorExpressBox, PurolatorExpressBox9AM, PurolatorExpressBox10:30AM, PurolatorExpressBox12PM, PurolatorExpressBoxEvening, PurolatorGround, PurolatorGround9AM, PurolatorGround10:30AM, PurolatorGroundEvening, PurolatorExpressU.S., PurolatorExpressU.S.9AM, PurolatorExpressU.S.10:30AM, PurolatorExpressU.S.12PM, PurolatorExpressEnvelopeU.S., PurolatorExpressEnvelopeU.S.9AM, PurolatorExpressEnvelopeU.S.10:30AM, PurolatorExpressEnvelopeU.S.12PM, PurolatorExpressPackU.S., PurolatorExpressPackU.S.9AM, PurolatorExpressPackU.S.10:30AM, PurolatorExpressPackU.S.12PM, PurolatorExpressBoxU.S., PurolatorExpressBoxU.S.9AM, PurolatorExpressBoxU.S.10:30AM, PurolatorExpressBoxU.S.12PM, PurolatorGroundU.S., PurolatorExpressInternational, PurolatorExpressInternational9AM, PurolatorExpressInternational10:30AM, PurolatorExpressInternational12PM, PurolatorExpressEnvelopeInternational, PurolatorExpressEnvelopeInternational9AM, PurolatorExpressEnvelopeInternational10:30AM, PurolatorExpressEnvelopeInternational12PM, PurolatorExpressPackInternational, PurolatorExpressPackInternational9AM, PurolatorExpressPackInternational10:30AM, PurolatorExpressPackInternational12PM, PurolatorExpressBoxInternational, PurolatorExpressBoxInternational9AM, PurolatorExpressBoxInternational10:30AM, PurolatorExpressBoxInternational12PM, PurolatorQuickShip, PurolatorStandard."
2026-10-06T09:39:33,Certification,REST,runs/cert-products.yaml,61,PRODUCT · PurolatorStandard,POST,shipapi-stg.dsc-nonprod.aws-purolator.com/ship/v1/shipment,200,915,"2xx, no errors",True,760068289114,
2026-10-06T09:39:33,Certification,REST,runs/cert-products.yaml,62,PRODUCT · PurolatorDeffered · FR,POST,shipapi-stg.dsc-nonprod.aws-purolator.com/ship/v1/shipment,400,211,"2xx, no errors",False,,"9001-51 Sortant: Le service est invalide: 'PurolatorDeffered'. Les valeurs valides sont: PurolatorExpress, PurolatorExpress9AM, PurolatorExpress10:30AM, PurolatorExpress12PM, PurolatorExpressEvening, PurolatorExpressEnvelope, PurolatorExpressEnvelope9AM, PurolatorExpressEnvelope10:30AM, PurolatorExpressEnvelope12PM,  PurolatorExpressEnvelopeEvening, PurolatorExpressPack, PurolatorExpressPack9AM, PurolatorExpressPack10:30AM, PurolatorExpressPack12PM, PurolatorExpressPackEvening, PurolatorExpressBox, PurolatorExpressBox9AM, PurolatorExpressBox10:30AM, PurolatorExpressBox12PM, PurolatorExpressBoxEvening, PurolatorGround, PurolatorGround9AM, PurolatorGround10:30AM, PurolatorGroundEvening, PurolatorExpressU.S., PurolatorExpressU.S.9AM, PurolatorExpressU.S.10:30AM, PurolatorExpressU.S.12PM, PurolatorExpressEnvelopeU.S., PurolatorExpressEnvelopeU.S.9AM, PurolatorExpressEnvelopeU.S.10:30AM, PurolatorExpressEnvelopeU.S.12PM, PurolatorExpressPackU.S., PurolatorExpressPackU.S.9AM, PurolatorExpressPackU.S.10:30AM, PurolatorExpressPackU.S.12PM, PurolatorExpressBoxU.S., PurolatorExpressBoxU.S.9AM, PurolatorExpressBoxU.S.10:30AM, PurolatorExpressBoxU.S.12PM, PurolatorGroundU.S., PurolatorExpressInternational, PurolatorExpressInternational9AM, PurolatorExpressInternational10:30AM, PurolatorExpressInternational12PM, PurolatorExpressEnvelopeInternational, PurolatorExpressEnvelopeInternational9AM, PurolatorExpressEnvelopeInternational10:30AM, PurolatorExpressEnvelopeInternational12PM, PurolatorExpressPackInternational, PurolatorExpressPackInternational9AM, PurolatorExpressPackInternational10:30AM, PurolatorExpressPackInternational12PM, PurolatorExpressBoxInternational, PurolatorExpressBoxInternational9AM, PurolatorExpressBoxInternational10:30AM, PurolatorExpressBoxInternational12PM, PurolatorQuickShip, PurolatorStandard."
2026-10-06T09:39:33,Certification,REST,runs/cert-products.yaml,63,PRODUCT · PurolatorStandard · FR,POST,shipapi-stg.dsc-nonprod.aws-purolator.com/ship/v1/shipment,200,971,"2xx, no errors",True,760068289122,
2026-10-06T09:39:33,Certification,REST,runs/cert-products.yaml,64,PRODUCT · PurolatorExpressU.S.,POST,shipapi-stg.dsc-nonprod.aws-purolator.com/ship/v1/shipment,200,821,"2xx, no errors",True,760068289130,
2026-10-06T09:39:33,Certification,REST,runs/cert-products.yaml,65,PRODUCT · PurolatorExpressU.S. · FR,POST,shipapi-stg.dsc-nonprod.aws-purolator.com/ship/v1/shipment,200,827,"2xx, no errors",True,760068289148,
2026-10-06T09:39:33,Certification,REST,runs/cert-products.yaml,66,PRODUCT · PurolatorExpressU.S.9AM,POST,shipapi-stg.dsc-nonprod.aws-purolator.com/ship/v1/shipment,200,862,"2xx, no errors",True,760068289155,
2026-10-06T09:39:33,Certification,REST,runs/cert-products.yaml,67,PRODUCT · PurolatorExpressU.S.9AM · FR,POST,shipapi-stg.dsc-nonprod.aws-purolator.com/ship/v1/shipment,200,848,"2xx, no errors",True,760068289163,
2026-10-06T09:39:33,Certification,REST,runs/cert-products.yaml,68,PRODUCT · PurolatorExpressU.S.1030AM,POST,shipapi-stg.dsc-nonprod.aws-purolator.com/ship/v1/shipment,200,865,"2xx, no errors",True,760068289171,
2026-10-06T09:39:33,Certification,REST,runs/cert-products.yaml,69,PRODUCT · PurolatorExpressU.S.1030AM · FR,POST,shipapi-stg.dsc-nonprod.aws-purolator.com/ship/v1/shipment,200,745,"2xx, no errors",True,760068289189,
2026-10-06T09:39:33,Certification,REST,runs/cert-products.yaml,70,PRODUCT · PurolatorExpressU.S.12PM,POST,shipapi-stg.dsc-nonprod.aws-purolator.com/ship/v1/shipment,400,432,"2xx, no errors",False,,9001-99 Outbound: 'PurolatorExpressU.S.12:00' is invalid.
2026-10-06T09:39:33,Certification,REST,runs/cert-products.yaml,71,PRODUCT · PurolatorExpressU.S.12PM · FR,POST,shipapi-stg.dsc-nonprod.aws-purolator.com/ship/v1/shipment,400,343,"2xx, no errors",False,,9001-99 Sortant: 'PurolatorExpressU.S.12:00' est invalide.
2026-10-06T09:39:33,Certification,REST,runs/cert-products.yaml,72,PRODUCT · PurolatorExpressEnvelopeU.S.,POST,shipapi-stg.dsc-nonprod.aws-purolator.com/ship/v1/shipment,200,944,"2xx, no errors",True,760068289197,
2026-10-06T09:39:33,Certification,REST,runs/cert-products.yaml,73,PRODUCT · PurolatorExpressEnvelopeU.S. · FR,POST,shipapi-stg.dsc-nonprod.aws-purolator.com/ship/v1/shipment,200,864,"2xx, no errors",True,760068289205,
2026-10-06T09:39:33,Certification,REST,runs/cert-products.yaml,74,PRODUCT · PurolatorExpressEnvelopeU.S.9AM,POST,shipapi-stg.dsc-nonprod.aws-purolator.com/ship/v1/shipment,200,826,"2xx, no errors",True,760068289213,
2026-10-06T09:39:33,Certification,REST,runs/cert-products.yaml,75,PRODUCT · PurolatorExpressEnvelopeU.S.9AM · FR,POST,shipapi-stg.dsc-nonprod.aws-purolator.com/ship/v1/shipment,200,857,"2xx, no errors",True,760068289221,
2026-10-06T09:39:33,Certification,REST,runs/cert-products.yaml,76,PRODUCT · PurolatorExpressEnvelopeU.S.1030AM,POST,shipapi-stg.dsc-nonprod.aws-purolator.com/ship/v1/shipment,200,816,"2xx, no errors",True,760068289239,
2026-10-06T09:39:33,Certification,REST,runs/cert-products.yaml,77,PRODUCT · PurolatorExpressEnvelopeU.S.1030AM · FR,POST,shipapi-stg.dsc-nonprod.aws-purolator.com/ship/v1/shipment,200,807,"2xx, no errors",True,760068289247,
2026-10-06T09:39:33,Certification,REST,runs/cert-products.yaml,78,PRODUCT · PurolatorExpressEnvelopeU.S.12PM,POST,shipapi-stg.dsc-nonprod.aws-purolator.com/ship/v1/shipment,400,469,"2xx, no errors",False,,9001-99 Outbound: 'PurolatorExpressU.S.Envelope12:00' is invalid.
2026-10-06T09:39:33,Certification,REST,runs/cert-products.yaml,79,PRODUCT · PurolatorExpressEnvelopeU.S.12PM · FR,POST,shipapi-stg.dsc-nonprod.aws-purolator.com/ship/v1/shipment,400,469,"2xx, no errors",False,,9001-99 Sortant: 'PurolatorExpressU.S.Envelope12:00' est invalide.
2026-10-06T09:39:33,Certification,REST,runs/cert-products.yaml,80,PRODUCT · PurolatorExpressPackU.S.,POST,shipapi-stg.dsc-nonprod.aws-purolator.com/ship/v1/shipment,200,820,"2xx, no errors",True,760068289254,
2026-10-06T09:39:33,Certification,REST,runs/cert-products.yaml,81,PRODUCT · PurolatorExpressPackU.S. · FR,POST,shipapi-stg.dsc-nonprod.aws-purolator.com/ship/v1/shipment,200,837,"2xx, no errors",True,760068289262,
2026-10-06T09:39:33,Certification,REST,runs/cert-products.yaml,82,PRODUCT · PurolatorExpressPackU.S.9AM,POST,shipapi-stg.dsc-nonprod.aws-purolator.com/ship/v1/shipment,200,879,"2xx, no errors",True,760068289270,
2026-10-06T09:39:33,Certification,REST,runs/cert-products.yaml,83,PRODUCT · PurolatorExpressPackU.S.9AM · FR,POST,shipapi-stg.dsc-nonprod.aws-purolator.com/ship/v1/shipment,200,857,"2xx, no errors",True,760068289288,
2026-10-06T09:39:33,Certification,REST,runs/cert-products.yaml,84,PRODUCT · PurolatorExpressPackU.S.1030AM,POST,shipapi-stg.dsc-nonprod.aws-purolator.com/ship/v1/shipment,200,804,"2xx, no errors",True,760068289296,
2026-10-06T09:39:33,Certification,REST,runs/cert-products.yaml,85,PRODUCT · PurolatorExpressPackU.S.1030AM · FR,POST,shipapi-stg.dsc-nonprod.aws-purolator.com/ship/v1/shipment,200,820,"2xx, no errors",True,760068289304,
2026-10-06T09:39:33,Certification,REST,runs/cert-products.yaml,86,PRODUCT · PurolatorExpressPackU.S.12PM,POST,shipapi-stg.dsc-nonprod.aws-purolator.com/ship/v1/shipment,400,444,"2xx, no errors",False,,9001-99 Outbound: 'PurolatorExpressU.S.Pack12:00' is invalid.
2026-10-06T09:39:33,Certification,REST,runs/cert-products.yaml,87,PRODUCT · PurolatorExpressPackU.S.12PM · FR,POST,shipapi-stg.dsc-nonprod.aws-purolator.com/ship/v1/shipment,400,358,"2xx, no errors",False,,9001-99 Sortant: 'PurolatorExpressU.S.Pack12:00' est invalide.
2026-10-06T09:39:33,Certification,REST,runs/cert-products.yaml,88,PRODUCT · PurolatorExpressBoxU.S.,POST,shipapi-stg.dsc-nonprod.aws-purolator.com/ship/v1/shipment,200,826,"2xx, no errors",True,760068289312,
2026-10-06T09:39:33,Certification,REST,runs/cert-products.yaml,89,PRODUCT · PurolatorExpressBoxU.S. · FR,POST,shipapi-stg.dsc-nonprod.aws-purolator.com/ship/v1/shipment,200,762,"2xx, no errors",True,760068289320,
2026-10-06T09:39:33,Certification,REST,runs/cert-products.yaml,90,PRODUCT · PurolatorExpressBoxU.S.9AM,POST,shipapi-stg.dsc-nonprod.aws-purolator.com/ship/v1/shipment,200,892,"2xx, no errors",True,760068289338,
2026-10-06T09:39:33,Certification,REST,runs/cert-products.yaml,91,PRODUCT · PurolatorExpressBoxU.S.9AM · FR,POST,shipapi-stg.dsc-nonprod.aws-purolator.com/ship/v1/shipment,200,845,"2xx, no errors",True,760068289346,
2026-10-06T09:39:33,Certification,REST,runs/cert-products.yaml,92,PRODUCT · PurolatorExpressBoxU.S.1030AM,POST,shipapi-stg.dsc-nonprod.aws-purolator.com/ship/v1/shipment,200,789,"2xx, no errors",True,760068289353,
2026-10-06T09:39:33,Certification,REST,runs/cert-products.yaml,93,PRODUCT · PurolatorExpressBoxU.S.1030AM · FR,POST,shipapi-stg.dsc-nonprod.aws-purolator.com/ship/v1/shipment,200,873,"2xx, no errors",True,760068289361,
2026-10-06T09:39:33,Certification,REST,runs/cert-products.yaml,94,PRODUCT · PurolatorExpressBoxU.S.12PM,POST,shipapi-stg.dsc-nonprod.aws-purolator.com/ship/v1/shipment,400,456,"2xx, no errors",False,,9001-99 Outbound: 'PurolatorExpressU.S.Box12:00' is invalid.
2026-10-06T09:39:33,Certification,REST,runs/cert-products.yaml,95,PRODUCT · PurolatorExpressBoxU.S.12PM · FR,POST,shipapi-stg.dsc-nonprod.aws-purolator.com/ship/v1/shipment,400,490,"2xx, no errors",False,,9001-99 Sortant: 'PurolatorExpressU.S.Box12:00' est invalide.
2026-10-06T09:39:33,Certification,REST,runs/cert-products.yaml,96,PRODUCT · PurolatorGroundU.S.,POST,shipapi-stg.dsc-nonprod.aws-purolator.com/ship/v1/shipment,200,881,"2xx, no errors",True,760068289379,
2026-10-06T09:39:33,Certification,REST,runs/cert-products.yaml,97,PRODUCT · PurolatorGroundU.S. · FR,POST,shipapi-stg.dsc-nonprod.aws-purolator.com/ship/v1/shipment,200,838,"2xx, no errors",True,760068289387,
2026-10-06T09:39:33,Certification,REST,runs/cert-products.yaml,98,PRODUCT · PurolatorExpressU.S.,POST,shipapi-stg.dsc-nonprod.aws-purolator.com/ship/v1/shipment,200,847,"2xx, no errors",True,760068289395,
2026-10-06T09:39:33,Certification,REST,runs/cert-products.yaml,99,PRODUCT · PurolatorExpressU.S. · FR,POST,shipapi-stg.dsc-nonprod.aws-purolator.com/ship/v1/shipment,200,718,"2xx, no errors",True,760068289403,
2026-10-06T09:39:33,Certification,REST,runs/cert-products.yaml,100,PRODUCT · PurolatorExpressU.S.9AM,POST,shipapi-stg.dsc-nonprod.aws-purolator.com/ship/v1/shipment,200,859,"2xx, no errors",True,760068289411,
2026-10-06T09:39:33,Certification,REST,runs/cert-products.yaml,101,PRODUCT · PurolatorExpressU.S.9AM · FR,POST,shipapi-stg.dsc-nonprod.aws-purolator.com/ship/v1/shipment,200,857,"2xx, no errors",True,760068289429,
2026-10-06T09:39:33,Certification,REST,runs/cert-products.yaml,102,PRODUCT · PurolatorExpressU.S.1030AM,POST,shipapi-stg.dsc-nonprod.aws-purolator.com/ship/v1/shipment,200,841,"2xx, no errors",True,760068289437,
2026-10-06T09:39:33,Certification,REST,runs/cert-products.yaml,103,PRODUCT · PurolatorExpressU.S.1030AM · FR,POST,shipapi-stg.dsc-nonprod.aws-purolator.com/ship/v1/shipment,200,856,"2xx, no errors",True,760068289445,
2026-10-06T09:39:33,Certification,REST,runs/cert-products.yaml,104,PRODUCT · PurolatorExpressU.S.1200,POST,shipapi-stg.dsc-nonprod.aws-purolator.com/ship/v1/shipment,400,117,"2xx, no errors",False,,"9001-51 Outbound: Invalid service id: 'PurolatorExpressU.S.12:00'. Valid values are: PurolatorExpress, PurolatorExpress9AM, PurolatorExpress10:30AM, PurolatorExpress12PM, PurolatorExpressEvening, PurolatorExpressEnvelope, PurolatorExpressEnvelope9AM, PurolatorExpressEnvelope10:30AM, PurolatorExpressEnvelope12PM,  PurolatorExpressEnvelopeEvening, PurolatorExpressPack, PurolatorExpressPack9AM, PurolatorExpressPack10:30AM, PurolatorExpressPack12PM, PurolatorExpressPackEvening, PurolatorExpressBox, PurolatorExpressBox9AM, PurolatorExpressBox10:30AM, PurolatorExpressBox12PM, PurolatorExpressBoxEvening, PurolatorGround, PurolatorGround9AM, PurolatorGround10:30AM, PurolatorGroundEvening, PurolatorExpressU.S., PurolatorExpressU.S.9AM, PurolatorExpressU.S.10:30AM, PurolatorExpressU.S.12PM, PurolatorExpressEnvelopeU.S., PurolatorExpressEnvelopeU.S.9AM, PurolatorExpressEnvelopeU.S.10:30AM, PurolatorExpressEnvelopeU.S.12PM, PurolatorExpressPackU.S., PurolatorExpressPackU.S.9AM, PurolatorExpressPackU.S.10:30AM, PurolatorExpressPackU.S.12PM, PurolatorExpressBoxU.S., PurolatorExpressBoxU.S.9AM, PurolatorExpressBoxU.S.10:30AM, PurolatorExpressBoxU.S.12PM, PurolatorGroundU.S., PurolatorExpressInternational, PurolatorExpressInternational9AM, PurolatorExpressInternational10:30AM, PurolatorExpressInternational12PM, PurolatorExpressEnvelopeInternational, PurolatorExpressEnvelopeInternational9AM, PurolatorExpressEnvelopeInternational10:30AM, PurolatorExpressEnvelopeInternational12PM, PurolatorExpressPackInternational, PurolatorExpressPackInternational9AM, PurolatorExpressPackInternational10:30AM, PurolatorExpressPackInternational12PM, PurolatorExpressBoxInternational, PurolatorExpressBoxInternational9AM, PurolatorExpressBoxInternational10:30AM, PurolatorExpressBoxInternational12PM, PurolatorQuickShip, PurolatorStandard."
2026-10-06T09:39:33,Certification,REST,runs/cert-products.yaml,105,PRODUCT · PurolatorExpressU.S.1200 · FR,POST,shipapi-stg.dsc-nonprod.aws-purolator.com/ship/v1/shipment,400,214,"2xx, no errors",False,,"9001-51 Sortant: Le service est invalide: 'PurolatorExpressU.S.12:00'. Les valeurs valides sont: PurolatorExpress, PurolatorExpress9AM, PurolatorExpress10:30AM, PurolatorExpress12PM, PurolatorExpressEvening, PurolatorExpressEnvelope, PurolatorExpressEnvelope9AM, PurolatorExpressEnvelope10:30AM, PurolatorExpressEnvelope12PM,  PurolatorExpressEnvelopeEvening, PurolatorExpressPack, PurolatorExpressPack9AM, PurolatorExpressPack10:30AM, PurolatorExpressPack12PM, PurolatorExpressPackEvening, PurolatorExpressBox, PurolatorExpressBox9AM, PurolatorExpressBox10:30AM, PurolatorExpressBox12PM, PurolatorExpressBoxEvening, PurolatorGround, PurolatorGround9AM, PurolatorGround10:30AM, PurolatorGroundEvening, PurolatorExpressU.S., PurolatorExpressU.S.9AM, PurolatorExpressU.S.10:30AM, PurolatorExpressU.S.12PM, PurolatorExpressEnvelopeU.S., PurolatorExpressEnvelopeU.S.9AM, PurolatorExpressEnvelopeU.S.10:30AM, PurolatorExpressEnvelopeU.S.12PM, PurolatorExpressPackU.S., PurolatorExpressPackU.S.9AM, PurolatorExpressPackU.S.10:30AM, PurolatorExpressPackU.S.12PM, PurolatorExpressBoxU.S., PurolatorExpressBoxU.S.9AM, PurolatorExpressBoxU.S.10:30AM, PurolatorExpressBoxU.S.12PM, PurolatorGroundU.S., PurolatorExpressInternational, PurolatorExpressInternational9AM, PurolatorExpressInternational10:30AM, PurolatorExpressInternational12PM, PurolatorExpressEnvelopeInternational, PurolatorExpressEnvelopeInternational9AM, PurolatorExpressEnvelopeInternational10:30AM, PurolatorExpressEnvelopeInternational12PM, PurolatorExpressPackInternational, PurolatorExpressPackInternational9AM, PurolatorExpressPackInternational10:30AM, PurolatorExpressPackInternational12PM, PurolatorExpressBoxInternational, PurolatorExpressBoxInternational9AM, PurolatorExpressBoxInternational10:30AM, PurolatorExpressBoxInternational12PM, PurolatorQuickShip, PurolatorStandard."
2026-10-06T09:39:33,Certification,REST,runs/cert-products.yaml,106,PRODUCT · PurolatorExpressEnvelopeU.S.,POST,shipapi-stg.dsc-nonprod.aws-purolator.com/ship/v1/shipment,200,869,"2xx, no errors",True,760068289452,
2026-10-06T09:39:33,Certification,REST,runs/cert-products.yaml,107,PRODUCT · PurolatorExpressEnvelopeU.S. · FR,POST,shipapi-stg.dsc-nonprod.aws-purolator.com/ship/v1/shipment,200,941,"2xx, no errors",True,760068289460,
2026-10-06T09:39:33,Certification,REST,runs/cert-products.yaml,108,PRODUCT · PurolatorExpressU.S.Envelope9AM,POST,shipapi-stg.dsc-nonprod.aws-purolator.com/ship/v1/shipment,400,205,"2xx, no errors",False,,"9001-51 Outbound: Invalid service id: 'PurolatorExpressU.S.Envelope9AM'. Valid values are: PurolatorExpress, PurolatorExpress9AM, PurolatorExpress10:30AM, PurolatorExpress12PM, PurolatorExpressEvening, PurolatorExpressEnvelope, PurolatorExpressEnvelope9AM, PurolatorExpressEnvelope10:30AM, PurolatorExpressEnvelope12PM,  PurolatorExpressEnvelopeEvening, PurolatorExpressPack, PurolatorExpressPack9AM, PurolatorExpressPack10:30AM, PurolatorExpressPack12PM, PurolatorExpressPackEvening, PurolatorExpressBox, PurolatorExpressBox9AM, PurolatorExpressBox10:30AM, PurolatorExpressBox12PM, PurolatorExpressBoxEvening, PurolatorGround, PurolatorGround9AM, PurolatorGround10:30AM, PurolatorGroundEvening, PurolatorExpressU.S., PurolatorExpressU.S.9AM, PurolatorExpressU.S.10:30AM, PurolatorExpressU.S.12PM, PurolatorExpressEnvelopeU.S., PurolatorExpressEnvelopeU.S.9AM, PurolatorExpressEnvelopeU.S.10:30AM, PurolatorExpressEnvelopeU.S.12PM, PurolatorExpressPackU.S., PurolatorExpressPackU.S.9AM, PurolatorExpressPackU.S.10:30AM, PurolatorExpressPackU.S.12PM, PurolatorExpressBoxU.S., PurolatorExpressBoxU.S.9AM, PurolatorExpressBoxU.S.10:30AM, PurolatorExpressBoxU.S.12PM, PurolatorGroundU.S., PurolatorExpressInternational, PurolatorExpressInternational9AM, PurolatorExpressInternational10:30AM, PurolatorExpressInternational12PM, PurolatorExpressEnvelopeInternational, PurolatorExpressEnvelopeInternational9AM, PurolatorExpressEnvelopeInternational10:30AM, PurolatorExpressEnvelopeInternational12PM, PurolatorExpressPackInternational, PurolatorExpressPackInternational9AM, PurolatorExpressPackInternational10:30AM, PurolatorExpressPackInternational12PM, PurolatorExpressBoxInternational, PurolatorExpressBoxInternational9AM, PurolatorExpressBoxInternational10:30AM, PurolatorExpressBoxInternational12PM, PurolatorQuickShip, PurolatorStandard."
2026-10-06T09:39:33,Certification,REST,runs/cert-products.yaml,109,PRODUCT · PurolatorExpressU.S.Envelope9AM · FR,POST,shipapi-stg.dsc-nonprod.aws-purolator.com/ship/v1/shipment,400,209,"2xx, no errors",False,,"9001-51 Sortant: Le service est invalide: 'PurolatorExpressU.S.Envelope9AM'. Les valeurs valides sont: PurolatorExpress, PurolatorExpress9AM, PurolatorExpress10:30AM, PurolatorExpress12PM, PurolatorExpressEvening, PurolatorExpressEnvelope, PurolatorExpressEnvelope9AM, PurolatorExpressEnvelope10:30AM, PurolatorExpressEnvelope12PM,  PurolatorExpressEnvelopeEvening, PurolatorExpressPack, PurolatorExpressPack9AM, PurolatorExpressPack10:30AM, PurolatorExpressPack12PM, PurolatorExpressPackEvening, PurolatorExpressBox, PurolatorExpressBox9AM, PurolatorExpressBox10:30AM, PurolatorExpressBox12PM, PurolatorExpressBoxEvening, PurolatorGround, PurolatorGround9AM, PurolatorGround10:30AM, PurolatorGroundEvening, PurolatorExpressU.S., PurolatorExpressU.S.9AM, PurolatorExpressU.S.10:30AM, PurolatorExpressU.S.12PM, PurolatorExpressEnvelopeU.S., PurolatorExpressEnvelopeU.S.9AM, PurolatorExpressEnvelopeU.S.10:30AM, PurolatorExpressEnvelopeU.S.12PM, PurolatorExpressPackU.S., PurolatorExpressPackU.S.9AM, PurolatorExpressPackU.S.10:30AM, PurolatorExpressPackU.S.12PM, PurolatorExpressBoxU.S., PurolatorExpressBoxU.S.9AM, PurolatorExpressBoxU.S.10:30AM, PurolatorExpressBoxU.S.12PM, PurolatorGroundU.S., PurolatorExpressInternational, PurolatorExpressInternational9AM, PurolatorExpressInternational10:30AM, PurolatorExpressInternational12PM, PurolatorExpressEnvelopeInternational, PurolatorExpressEnvelopeInternational9AM, PurolatorExpressEnvelopeInternational10:30AM, PurolatorExpressEnvelopeInternational12PM, PurolatorExpressPackInternational, PurolatorExpressPackInternational9AM, PurolatorExpressPackInternational10:30AM, PurolatorExpressPackInternational12PM, PurolatorExpressBoxInternational, PurolatorExpressBoxInternational9AM, PurolatorExpressBoxInternational10:30AM, PurolatorExpressBoxInternational12PM, PurolatorQuickShip, PurolatorStandard."
2026-10-06T09:39:33,Certification,REST,runs/cert-products.yaml,110,PRODUCT · PurolatorExpressU.S.Envelope1030AM,POST,shipapi-stg.dsc-nonprod.aws-purolator.com/ship/v1/shipment,400,213,"2xx, no errors",False,,"9001-51 Outbound: Invalid service id: 'PurolatorExpressU.S.Envelope10:30AM'. Valid values are: PurolatorExpress, PurolatorExpress9AM, PurolatorExpress10:30AM, PurolatorExpress12PM, PurolatorExpressEvening, PurolatorExpressEnvelope, PurolatorExpressEnvelope9AM, PurolatorExpressEnvelope10:30AM, PurolatorExpressEnvelope12PM,  PurolatorExpressEnvelopeEvening, PurolatorExpressPack, PurolatorExpressPack9AM, PurolatorExpressPack10:30AM, PurolatorExpressPack12PM, PurolatorExpressPackEvening, PurolatorExpressBox, PurolatorExpressBox9AM, PurolatorExpressBox10:30AM, PurolatorExpressBox12PM, PurolatorExpressBoxEvening, PurolatorGround, PurolatorGround9AM, PurolatorGround10:30AM, PurolatorGroundEvening, PurolatorExpressU.S., PurolatorExpressU.S.9AM, PurolatorExpressU.S.10:30AM, PurolatorExpressU.S.12PM, PurolatorExpressEnvelopeU.S., PurolatorExpressEnvelopeU.S.9AM, PurolatorExpressEnvelopeU.S.10:30AM, PurolatorExpressEnvelopeU.S.12PM, PurolatorExpressPackU.S., PurolatorExpressPackU.S.9AM, PurolatorExpressPackU.S.10:30AM, PurolatorExpressPackU.S.12PM, PurolatorExpressBoxU.S., PurolatorExpressBoxU.S.9AM, PurolatorExpressBoxU.S.10:30AM, PurolatorExpressBoxU.S.12PM, PurolatorGroundU.S., PurolatorExpressInternational, PurolatorExpressInternational9AM, PurolatorExpressInternational10:30AM, PurolatorExpressInternational12PM, PurolatorExpressEnvelopeInternational, PurolatorExpressEnvelopeInternational9AM, PurolatorExpressEnvelopeInternational10:30AM, PurolatorExpressEnvelopeInternational12PM, PurolatorExpressPackInternational, PurolatorExpressPackInternational9AM, PurolatorExpressPackInternational10:30AM, PurolatorExpressPackInternational12PM, PurolatorExpressBoxInternational, PurolatorExpressBoxInternational9AM, PurolatorExpressBoxInternational10:30AM, PurolatorExpressBoxInternational12PM, PurolatorQuickShip, PurolatorStandard."
2026-10-06T09:39:33,Certification,REST,runs/cert-products.yaml,111,PRODUCT · PurolatorExpressU.S.Envelope1030AM · FR,POST,shipapi-stg.dsc-nonprod.aws-purolator.com/ship/v1/shipment,400,124,"2xx, no errors",False,,"9001-51 Sortant: Le service est invalide: 'PurolatorExpressU.S.Envelope10:30AM'. Les valeurs valides sont: PurolatorExpress, PurolatorExpress9AM, PurolatorExpress10:30AM, PurolatorExpress12PM, PurolatorExpressEvening, PurolatorExpressEnvelope, PurolatorExpressEnvelope9AM, PurolatorExpressEnvelope10:30AM, PurolatorExpressEnvelope12PM,  PurolatorExpressEnvelopeEvening, PurolatorExpressPack, PurolatorExpressPack9AM, PurolatorExpressPack10:30AM, PurolatorExpressPack12PM, PurolatorExpressPackEvening, PurolatorExpressBox, PurolatorExpressBox9AM, PurolatorExpressBox10:30AM, PurolatorExpressBox12PM, PurolatorExpressBoxEvening, PurolatorGround, PurolatorGround9AM, PurolatorGround10:30AM, PurolatorGroundEvening, PurolatorExpressU.S., PurolatorExpressU.S.9AM, PurolatorExpressU.S.10:30AM, PurolatorExpressU.S.12PM, PurolatorExpressEnvelopeU.S., PurolatorExpressEnvelopeU.S.9AM, PurolatorExpressEnvelopeU.S.10:30AM, PurolatorExpressEnvelopeU.S.12PM, PurolatorExpressPackU.S., PurolatorExpressPackU.S.9AM, PurolatorExpressPackU.S.10:30AM, PurolatorExpressPackU.S.12PM, PurolatorExpressBoxU.S., PurolatorExpressBoxU.S.9AM, PurolatorExpressBoxU.S.10:30AM, PurolatorExpressBoxU.S.12PM, PurolatorGroundU.S., PurolatorExpressInternational, PurolatorExpressInternational9AM, PurolatorExpressInternational10:30AM, PurolatorExpressInternational12PM, PurolatorExpressEnvelopeInternational, PurolatorExpressEnvelopeInternational9AM, PurolatorExpressEnvelopeInternational10:30AM, PurolatorExpressEnvelopeInternational12PM, PurolatorExpressPackInternational, PurolatorExpressPackInternational9AM, PurolatorExpressPackInternational10:30AM, PurolatorExpressPackInternational12PM, PurolatorExpressBoxInternational, PurolatorExpressBoxInternational9AM, PurolatorExpressBoxInternational10:30AM, PurolatorExpressBoxInternational12PM, PurolatorQuickShip, PurolatorStandard."
2026-10-06T09:39:33,Certification,REST,runs/cert-products.yaml,112,PRODUCT · PurolatorExpressU.S.Envelope1200,POST,shipapi-stg.dsc-nonprod.aws-purolator.com/ship/v1/shipment,400,117,"2xx, no errors",False,,"9001-51 Outbound: Invalid service id: 'PurolatorExpressU.S.Envelope12:00'. Valid values are: PurolatorExpress, PurolatorExpress9AM, PurolatorExpress10:30AM, PurolatorExpress12PM, PurolatorExpressEvening, PurolatorExpressEnvelope, PurolatorExpressEnvelope9AM, PurolatorExpressEnvelope10:30AM, PurolatorExpressEnvelope12PM,  PurolatorExpressEnvelopeEvening, PurolatorExpressPack, PurolatorExpressPack9AM, PurolatorExpressPack10:30AM, PurolatorExpressPack12PM, PurolatorExpressPackEvening, PurolatorExpressBox, PurolatorExpressBox9AM, PurolatorExpressBox10:30AM, PurolatorExpressBox12PM, PurolatorExpressBoxEvening, PurolatorGround, PurolatorGround9AM, PurolatorGround10:30AM, PurolatorGroundEvening, PurolatorExpressU.S., PurolatorExpressU.S.9AM, PurolatorExpressU.S.10:30AM, PurolatorExpressU.S.12PM, PurolatorExpressEnvelopeU.S., PurolatorExpressEnvelopeU.S.9AM, PurolatorExpressEnvelopeU.S.10:30AM, PurolatorExpressEnvelopeU.S.12PM, PurolatorExpressPackU.S., PurolatorExpressPackU.S.9AM, PurolatorExpressPackU.S.10:30AM, PurolatorExpressPackU.S.12PM, PurolatorExpressBoxU.S., PurolatorExpressBoxU.S.9AM, PurolatorExpressBoxU.S.10:30AM, PurolatorExpressBoxU.S.12PM, PurolatorGroundU.S., PurolatorExpressInternational, PurolatorExpressInternational9AM, PurolatorExpressInternational10:30AM, PurolatorExpressInternational12PM, PurolatorExpressEnvelopeInternational, PurolatorExpressEnvelopeInternational9AM, PurolatorExpressEnvelopeInternational10:30AM, PurolatorExpressEnvelopeInternational12PM, PurolatorExpressPackInternational, PurolatorExpressPackInternational9AM, PurolatorExpressPackInternational10:30AM, PurolatorExpressPackInternational12PM, PurolatorExpressBoxInternational, PurolatorExpressBoxInternational9AM, PurolatorExpressBoxInternational10:30AM, PurolatorExpressBoxInternational12PM, PurolatorQuickShip, PurolatorStandard."
2026-10-06T09:39:33,Certification,REST,runs/cert-products.yaml,113,PRODUCT · PurolatorExpressU.S.Envelope1200 · FR,POST,shipapi-stg.dsc-nonprod.aws-purolator.com/ship/v1/shipment,400,123,"2xx, no errors",False,,"9001-51 Sortant: Le service est invalide: 'PurolatorExpressU.S.Envelope12:00'. Les valeurs valides sont: PurolatorExpress, PurolatorExpress9AM, PurolatorExpress10:30AM, PurolatorExpress12PM, PurolatorExpressEvening, PurolatorExpressEnvelope, PurolatorExpressEnvelope9AM, PurolatorExpressEnvelope10:30AM, PurolatorExpressEnvelope12PM,  PurolatorExpressEnvelopeEvening, PurolatorExpressPack, PurolatorExpressPack9AM, PurolatorExpressPack10:30AM, PurolatorExpressPack12PM, PurolatorExpressPackEvening, PurolatorExpressBox, PurolatorExpressBox9AM, PurolatorExpressBox10:30AM, PurolatorExpressBox12PM, PurolatorExpressBoxEvening, PurolatorGround, PurolatorGround9AM, PurolatorGround10:30AM, PurolatorGroundEvening, PurolatorExpressU.S., PurolatorExpressU.S.9AM, PurolatorExpressU.S.10:30AM, PurolatorExpressU.S.12PM, PurolatorExpressEnvelopeU.S., PurolatorExpressEnvelopeU.S.9AM, PurolatorExpressEnvelopeU.S.10:30AM, PurolatorExpressEnvelopeU.S.12PM, PurolatorExpressPackU.S., PurolatorExpressPackU.S.9AM, PurolatorExpressPackU.S.10:30AM, PurolatorExpressPackU.S.12PM, PurolatorExpressBoxU.S., PurolatorExpressBoxU.S.9AM, PurolatorExpressBoxU.S.10:30AM, PurolatorExpressBoxU.S.12PM, PurolatorGroundU.S., PurolatorExpressInternational, PurolatorExpressInternational9AM, PurolatorExpressInternational10:30AM, PurolatorExpressInternational12PM, PurolatorExpressEnvelopeInternational, PurolatorExpressEnvelopeInternational9AM, PurolatorExpressEnvelopeInternational10:30AM, PurolatorExpressEnvelopeInternational12PM, PurolatorExpressPackInternational, PurolatorExpressPackInternational9AM, PurolatorExpressPackInternational10:30AM, PurolatorExpressPackInternational12PM, PurolatorExpressBoxInternational, PurolatorExpressBoxInternational9AM, PurolatorExpressBoxInternational10:30AM, PurolatorExpressBoxInternational12PM, PurolatorQuickShip, PurolatorStandard."
2026-10-06T09:39:33,Certification,REST,runs/cert-products.yaml,114,PRODUCT · PurolatorExpressPackU.S.,POST,shipapi-stg.dsc-nonprod.aws-purolator.com/ship/v1/shipment,200,715,"2xx, no errors",True,760068289478,
2026-10-06T09:39:33,Certification,REST,runs/cert-products.yaml,115,PRODUCT · PurolatorExpressPackU.S. · FR,POST,shipapi-stg.dsc-nonprod.aws-purolator.com/ship/v1/shipment,200,948,"2xx, no errors",True,760068289486,
2026-10-06T09:39:33,Certification,REST,runs/cert-products.yaml,116,PRODUCT · PurolatorExpressU.S.Pack9AM,POST,shipapi-stg.dsc-nonprod.aws-purolator.com/ship/v1/shipment,400,108,"2xx, no errors",False,,"9001-51 Outbound: Invalid service id: 'PurolatorExpressU.S.Pack9AM'. Valid values are: PurolatorExpress, PurolatorExpress9AM, PurolatorExpress10:30AM, PurolatorExpress12PM, PurolatorExpressEvening, PurolatorExpressEnvelope, PurolatorExpressEnvelope9AM, PurolatorExpressEnvelope10:30AM, PurolatorExpressEnvelope12PM,  PurolatorExpressEnvelopeEvening, PurolatorExpressPack, PurolatorExpressPack9AM, PurolatorExpressPack10:30AM, PurolatorExpressPack12PM, PurolatorExpressPackEvening, PurolatorExpressBox, PurolatorExpressBox9AM, PurolatorExpressBox10:30AM, PurolatorExpressBox12PM, PurolatorExpressBoxEvening, PurolatorGround, PurolatorGround9AM, PurolatorGround10:30AM, PurolatorGroundEvening, PurolatorExpressU.S., PurolatorExpressU.S.9AM, PurolatorExpressU.S.10:30AM, PurolatorExpressU.S.12PM, PurolatorExpressEnvelopeU.S., PurolatorExpressEnvelopeU.S.9AM, PurolatorExpressEnvelopeU.S.10:30AM, PurolatorExpressEnvelopeU.S.12PM, PurolatorExpressPackU.S., PurolatorExpressPackU.S.9AM, PurolatorExpressPackU.S.10:30AM, PurolatorExpressPackU.S.12PM, PurolatorExpressBoxU.S., PurolatorExpressBoxU.S.9AM, PurolatorExpressBoxU.S.10:30AM, PurolatorExpressBoxU.S.12PM, PurolatorGroundU.S., PurolatorExpressInternational, PurolatorExpressInternational9AM, PurolatorExpressInternational10:30AM, PurolatorExpressInternational12PM, PurolatorExpressEnvelopeInternational, PurolatorExpressEnvelopeInternational9AM, PurolatorExpressEnvelopeInternational10:30AM, PurolatorExpressEnvelopeInternational12PM, PurolatorExpressPackInternational, PurolatorExpressPackInternational9AM, PurolatorExpressPackInternational10:30AM, PurolatorExpressPackInternational12PM, PurolatorExpressBoxInternational, PurolatorExpressBoxInternational9AM, PurolatorExpressBoxInternational10:30AM, PurolatorExpressBoxInternational12PM, PurolatorQuickShip, PurolatorStandard."
2026-10-06T09:39:33,Certification,REST,runs/cert-products.yaml,117,PRODUCT · PurolatorExpressU.S.Pack9AM · FR,POST,shipapi-stg.dsc-nonprod.aws-purolator.com/ship/v1/shipment,400,211,"2xx, no errors",False,,"9001-51 Sortant: Le service est invalide: 'PurolatorExpressU.S.Pack9AM'. Les valeurs valides sont: PurolatorExpress, PurolatorExpress9AM, PurolatorExpress10:30AM, PurolatorExpress12PM, PurolatorExpressEvening, PurolatorExpressEnvelope, PurolatorExpressEnvelope9AM, PurolatorExpressEnvelope10:30AM, PurolatorExpressEnvelope12PM,  PurolatorExpressEnvelopeEvening, PurolatorExpressPack, PurolatorExpressPack9AM, PurolatorExpressPack10:30AM, PurolatorExpressPack12PM, PurolatorExpressPackEvening, PurolatorExpressBox, PurolatorExpressBox9AM, PurolatorExpressBox10:30AM, PurolatorExpressBox12PM, PurolatorExpressBoxEvening, PurolatorGround, PurolatorGround9AM, PurolatorGround10:30AM, PurolatorGroundEvening, PurolatorExpressU.S., PurolatorExpressU.S.9AM, PurolatorExpressU.S.10:30AM, PurolatorExpressU.S.12PM, PurolatorExpressEnvelopeU.S., PurolatorExpressEnvelopeU.S.9AM, PurolatorExpressEnvelopeU.S.10:30AM, PurolatorExpressEnvelopeU.S.12PM, PurolatorExpressPackU.S., PurolatorExpressPackU.S.9AM, PurolatorExpressPackU.S.10:30AM, PurolatorExpressPackU.S.12PM, PurolatorExpressBoxU.S., PurolatorExpressBoxU.S.9AM, PurolatorExpressBoxU.S.10:30AM, PurolatorExpressBoxU.S.12PM, PurolatorGroundU.S., PurolatorExpressInternational, PurolatorExpressInternational9AM, PurolatorExpressInternational10:30AM, PurolatorExpressInternational12PM, PurolatorExpressEnvelopeInternational, PurolatorExpressEnvelopeInternational9AM, PurolatorExpressEnvelopeInternational10:30AM, PurolatorExpressEnvelopeInternational12PM, PurolatorExpressPackInternational, PurolatorExpressPackInternational9AM, PurolatorExpressPackInternational10:30AM, PurolatorExpressPackInternational12PM, PurolatorExpressBoxInternational, PurolatorExpressBoxInternational9AM, PurolatorExpressBoxInternational10:30AM, PurolatorExpressBoxInternational12PM, PurolatorQuickShip, PurolatorStandard."
2026-10-06T09:39:33,Certification,REST,runs/cert-products.yaml,118,PRODUCT · PurolatorExpressU.S.Pack1030AM,POST,shipapi-stg.dsc-nonprod.aws-purolator.com/ship/v1/shipment,400,209,"2xx, no errors",False,,"9001-51 Outbound: Invalid service id: 'PurolatorExpressU.S.Pack10:30AM'. Valid values are: PurolatorExpress, PurolatorExpress9AM, PurolatorExpress10:30AM, PurolatorExpress12PM, PurolatorExpressEvening, PurolatorExpressEnvelope, PurolatorExpressEnvelope9AM, PurolatorExpressEnvelope10:30AM, PurolatorExpressEnvelope12PM,  PurolatorExpressEnvelopeEvening, PurolatorExpressPack, PurolatorExpressPack9AM, PurolatorExpressPack10:30AM, PurolatorExpressPack12PM, PurolatorExpressPackEvening, PurolatorExpressBox, PurolatorExpressBox9AM, PurolatorExpressBox10:30AM, PurolatorExpressBox12PM, PurolatorExpressBoxEvening, PurolatorGround, PurolatorGround9AM, PurolatorGround10:30AM, PurolatorGroundEvening, PurolatorExpressU.S., PurolatorExpressU.S.9AM, PurolatorExpressU.S.10:30AM, PurolatorExpressU.S.12PM, PurolatorExpressEnvelopeU.S., PurolatorExpressEnvelopeU.S.9AM, PurolatorExpressEnvelopeU.S.10:30AM, PurolatorExpressEnvelopeU.S.12PM, PurolatorExpressPackU.S., PurolatorExpressPackU.S.9AM, PurolatorExpressPackU.S.10:30AM, PurolatorExpressPackU.S.12PM, PurolatorExpressBoxU.S., PurolatorExpressBoxU.S.9AM, PurolatorExpressBoxU.S.10:30AM, PurolatorExpressBoxU.S.12PM, PurolatorGroundU.S., PurolatorExpressInternational, PurolatorExpressInternational9AM, PurolatorExpressInternational10:30AM, PurolatorExpressInternational12PM, PurolatorExpressEnvelopeInternational, PurolatorExpressEnvelopeInternational9AM, PurolatorExpressEnvelopeInternational10:30AM, PurolatorExpressEnvelopeInternational12PM, PurolatorExpressPackInternational, PurolatorExpressPackInternational9AM, PurolatorExpressPackInternational10:30AM, PurolatorExpressPackInternational12PM, PurolatorExpressBoxInternational, PurolatorExpressBoxInternational9AM, PurolatorExpressBoxInternational10:30AM, PurolatorExpressBoxInternational12PM, PurolatorQuickShip, PurolatorStandard."
2026-10-06T09:39:33,Certification,REST,runs/cert-products.yaml,119,PRODUCT · PurolatorExpressU.S.Pack1030AM · FR,POST,shipapi-stg.dsc-nonprod.aws-purolator.com/ship/v1/shipment,400,115,"2xx, no errors",False,,"9001-51 Sortant: Le service est invalide: 'PurolatorExpressU.S.Pack10:30AM'. Les valeurs valides sont: PurolatorExpress, PurolatorExpress9AM, PurolatorExpress10:30AM, PurolatorExpress12PM, PurolatorExpressEvening, PurolatorExpressEnvelope, PurolatorExpressEnvelope9AM, PurolatorExpressEnvelope10:30AM, PurolatorExpressEnvelope12PM,  PurolatorExpressEnvelopeEvening, PurolatorExpressPack, PurolatorExpressPack9AM, PurolatorExpressPack10:30AM, PurolatorExpressPack12PM, PurolatorExpressPackEvening, PurolatorExpressBox, PurolatorExpressBox9AM, PurolatorExpressBox10:30AM, PurolatorExpressBox12PM, PurolatorExpressBoxEvening, PurolatorGround, PurolatorGround9AM, PurolatorGround10:30AM, PurolatorGroundEvening, PurolatorExpressU.S., PurolatorExpressU.S.9AM, PurolatorExpressU.S.10:30AM, PurolatorExpressU.S.12PM, PurolatorExpressEnvelopeU.S., PurolatorExpressEnvelopeU.S.9AM, PurolatorExpressEnvelopeU.S.10:30AM, PurolatorExpressEnvelopeU.S.12PM, PurolatorExpressPackU.S., PurolatorExpressPackU.S.9AM, PurolatorExpressPackU.S.10:30AM, PurolatorExpressPackU.S.12PM, PurolatorExpressBoxU.S., PurolatorExpressBoxU.S.9AM, PurolatorExpressBoxU.S.10:30AM, PurolatorExpressBoxU.S.12PM, PurolatorGroundU.S., PurolatorExpressInternational, PurolatorExpressInternational9AM, PurolatorExpressInternational10:30AM, PurolatorExpressInternational12PM, PurolatorExpressEnvelopeInternational, PurolatorExpressEnvelopeInternational9AM, PurolatorExpressEnvelopeInternational10:30AM, PurolatorExpressEnvelopeInternational12PM, PurolatorExpressPackInternational, PurolatorExpressPackInternational9AM, PurolatorExpressPackInternational10:30AM, PurolatorExpressPackInternational12PM, PurolatorExpressBoxInternational, PurolatorExpressBoxInternational9AM, PurolatorExpressBoxInternational10:30AM, PurolatorExpressBoxInternational12PM, PurolatorQuickShip, PurolatorStandard."
2026-10-06T09:39:33,Certification,REST,runs/cert-products.yaml,120,PRODUCT · PurolatorExpressU.S.Pack1200,POST,shipapi-stg.dsc-nonprod.aws-purolator.com/ship/v1/shipment,400,249,"2xx, no errors",False,,"9001-51 Outbound: Invalid service id: 'PurolatorExpressU.S.Pack12:00'. Valid values are: PurolatorExpress, PurolatorExpress9AM, PurolatorExpress10:30AM, PurolatorExpress12PM, PurolatorExpressEvening, PurolatorExpressEnvelope, PurolatorExpressEnvelope9AM, PurolatorExpressEnvelope10:30AM, PurolatorExpressEnvelope12PM,  PurolatorExpressEnvelopeEvening, PurolatorExpressPack, PurolatorExpressPack9AM, PurolatorExpressPack10:30AM, PurolatorExpressPack12PM, PurolatorExpressPackEvening, PurolatorExpressBox, PurolatorExpressBox9AM, PurolatorExpressBox10:30AM, PurolatorExpressBox12PM, PurolatorExpressBoxEvening, PurolatorGround, PurolatorGround9AM, PurolatorGround10:30AM, PurolatorGroundEvening, PurolatorExpressU.S., PurolatorExpressU.S.9AM, PurolatorExpressU.S.10:30AM, PurolatorExpressU.S.12PM, PurolatorExpressEnvelopeU.S., PurolatorExpressEnvelopeU.S.9AM, PurolatorExpressEnvelopeU.S.10:30AM, PurolatorExpressEnvelopeU.S.12PM, PurolatorExpressPackU.S., PurolatorExpressPackU.S.9AM, PurolatorExpressPackU.S.10:30AM, PurolatorExpressPackU.S.12PM, PurolatorExpressBoxU.S., PurolatorExpressBoxU.S.9AM, PurolatorExpressBoxU.S.10:30AM, PurolatorExpressBoxU.S.12PM, PurolatorGroundU.S., PurolatorExpressInternational, PurolatorExpressInternational9AM, PurolatorExpressInternational10:30AM, PurolatorExpressInternational12PM, PurolatorExpressEnvelopeInternational, PurolatorExpressEnvelopeInternational9AM, PurolatorExpressEnvelopeInternational10:30AM, PurolatorExpressEnvelopeInternational12PM, PurolatorExpressPackInternational, PurolatorExpressPackInternational9AM, PurolatorExpressPackInternational10:30AM, PurolatorExpressPackInternational12PM, PurolatorExpressBoxInternational, PurolatorExpressBoxInternational9AM, PurolatorExpressBoxInternational10:30AM, PurolatorExpressBoxInternational12PM, PurolatorQuickShip, PurolatorStandard."
2026-10-06T09:39:33,Certification,REST,runs/cert-products.yaml,121,PRODUCT · PurolatorExpressU.S.Pack1200 · FR,POST,shipapi-stg.dsc-nonprod.aws-purolator.com/ship/v1/shipment,400,218,"2xx, no errors",False,,"9001-51 Sortant: Le service est invalide: 'PurolatorExpressU.S.Pack12:00'. Les valeurs valides sont: PurolatorExpress, PurolatorExpress9AM, PurolatorExpress10:30AM, PurolatorExpress12PM, PurolatorExpressEvening, PurolatorExpressEnvelope, PurolatorExpressEnvelope9AM, PurolatorExpressEnvelope10:30AM, PurolatorExpressEnvelope12PM,  PurolatorExpressEnvelopeEvening, PurolatorExpressPack, PurolatorExpressPack9AM, PurolatorExpressPack10:30AM, PurolatorExpressPack12PM, PurolatorExpressPackEvening, PurolatorExpressBox, PurolatorExpressBox9AM, PurolatorExpressBox10:30AM, PurolatorExpressBox12PM, PurolatorExpressBoxEvening, PurolatorGround, PurolatorGround9AM, PurolatorGround10:30AM, PurolatorGroundEvening, PurolatorExpressU.S., PurolatorExpressU.S.9AM, PurolatorExpressU.S.10:30AM, PurolatorExpressU.S.12PM, PurolatorExpressEnvelopeU.S., PurolatorExpressEnvelopeU.S.9AM, PurolatorExpressEnvelopeU.S.10:30AM, PurolatorExpressEnvelopeU.S.12PM, PurolatorExpressPackU.S., PurolatorExpressPackU.S.9AM, PurolatorExpressPackU.S.10:30AM, PurolatorExpressPackU.S.12PM, PurolatorExpressBoxU.S., PurolatorExpressBoxU.S.9AM, PurolatorExpressBoxU.S.10:30AM, PurolatorExpressBoxU.S.12PM, PurolatorGroundU.S., PurolatorExpressInternational, PurolatorExpressInternational9AM, PurolatorExpressInternational10:30AM, PurolatorExpressInternational12PM, PurolatorExpressEnvelopeInternational, PurolatorExpressEnvelopeInternational9AM, PurolatorExpressEnvelopeInternational10:30AM, PurolatorExpressEnvelopeInternational12PM, PurolatorExpressPackInternational, PurolatorExpressPackInternational9AM, PurolatorExpressPackInternational10:30AM, PurolatorExpressPackInternational12PM, PurolatorExpressBoxInternational, PurolatorExpressBoxInternational9AM, PurolatorExpressBoxInternational10:30AM, PurolatorExpressBoxInternational12PM, PurolatorQuickShip, PurolatorStandard."
2026-10-06T09:39:33,Certification,REST,runs/cert-products.yaml,122,PRODUCT · PurolatorExpressBoxU.S.,POST,shipapi-stg.dsc-nonprod.aws-purolator.com/ship/v1/shipment,200,825,"2xx, no errors",True,760068289494,
2026-10-06T09:39:33,Certification,REST,runs/cert-products.yaml,123,PRODUCT · PurolatorExpressBoxU.S. · FR,POST,shipapi-stg.dsc-nonprod.aws-purolator.com/ship/v1/shipment,200,827,"2xx, no errors",True,760068289502,
2026-10-06T09:39:33,Certification,REST,runs/cert-products.yaml,124,PRODUCT · PurolatorExpressU.S.Box9AM,POST,shipapi-stg.dsc-nonprod.aws-purolator.com/ship/v1/shipment,400,206,"2xx, no errors",False,,"9001-51 Outbound: Invalid service id: 'PurolatorExpressU.S.Box9AM'. Valid values are: PurolatorExpress, PurolatorExpress9AM, PurolatorExpress10:30AM, PurolatorExpress12PM, PurolatorExpressEvening, PurolatorExpressEnvelope, PurolatorExpressEnvelope9AM, PurolatorExpressEnvelope10:30AM, PurolatorExpressEnvelope12PM,  PurolatorExpressEnvelopeEvening, PurolatorExpressPack, PurolatorExpressPack9AM, PurolatorExpressPack10:30AM, PurolatorExpressPack12PM, PurolatorExpressPackEvening, PurolatorExpressBox, PurolatorExpressBox9AM, PurolatorExpressBox10:30AM, PurolatorExpressBox12PM, PurolatorExpressBoxEvening, PurolatorGround, PurolatorGround9AM, PurolatorGround10:30AM, PurolatorGroundEvening, PurolatorExpressU.S., PurolatorExpressU.S.9AM, PurolatorExpressU.S.10:30AM, PurolatorExpressU.S.12PM, PurolatorExpressEnvelopeU.S., PurolatorExpressEnvelopeU.S.9AM, PurolatorExpressEnvelopeU.S.10:30AM, PurolatorExpressEnvelopeU.S.12PM, PurolatorExpressPackU.S., PurolatorExpressPackU.S.9AM, PurolatorExpressPackU.S.10:30AM, PurolatorExpressPackU.S.12PM, PurolatorExpressBoxU.S., PurolatorExpressBoxU.S.9AM, PurolatorExpressBoxU.S.10:30AM, PurolatorExpressBoxU.S.12PM, PurolatorGroundU.S., PurolatorExpressInternational, PurolatorExpressInternational9AM, PurolatorExpressInternational10:30AM, PurolatorExpressInternational12PM, PurolatorExpressEnvelopeInternational, PurolatorExpressEnvelopeInternational9AM, PurolatorExpressEnvelopeInternational10:30AM, PurolatorExpressEnvelopeInternational12PM, PurolatorExpressPackInternational, PurolatorExpressPackInternational9AM, PurolatorExpressPackInternational10:30AM, PurolatorExpressPackInternational12PM, PurolatorExpressBoxInternational, PurolatorExpressBoxInternational9AM, PurolatorExpressBoxInternational10:30AM, PurolatorExpressBoxInternational12PM, PurolatorQuickShip, PurolatorStandard."
2026-10-06T09:39:33,Certification,REST,runs/cert-products.yaml,125,PRODUCT · PurolatorExpressU.S.Box9AM · FR,POST,shipapi-stg.dsc-nonprod.aws-purolator.com/ship/v1/shipment,400,215,"2xx, no errors",False,,"9001-51 Sortant: Le service est invalide: 'PurolatorExpressU.S.Box9AM'. Les valeurs valides sont: PurolatorExpress, PurolatorExpress9AM, PurolatorExpress10:30AM, PurolatorExpress12PM, PurolatorExpressEvening, PurolatorExpressEnvelope, PurolatorExpressEnvelope9AM, PurolatorExpressEnvelope10:30AM, PurolatorExpressEnvelope12PM,  PurolatorExpressEnvelopeEvening, PurolatorExpressPack, PurolatorExpressPack9AM, PurolatorExpressPack10:30AM, PurolatorExpressPack12PM, PurolatorExpressPackEvening, PurolatorExpressBox, PurolatorExpressBox9AM, PurolatorExpressBox10:30AM, PurolatorExpressBox12PM, PurolatorExpressBoxEvening, PurolatorGround, PurolatorGround9AM, PurolatorGround10:30AM, PurolatorGroundEvening, PurolatorExpressU.S., PurolatorExpressU.S.9AM, PurolatorExpressU.S.10:30AM, PurolatorExpressU.S.12PM, PurolatorExpressEnvelopeU.S., PurolatorExpressEnvelopeU.S.9AM, PurolatorExpressEnvelopeU.S.10:30AM, PurolatorExpressEnvelopeU.S.12PM, PurolatorExpressPackU.S., PurolatorExpressPackU.S.9AM, PurolatorExpressPackU.S.10:30AM, PurolatorExpressPackU.S.12PM, PurolatorExpressBoxU.S., PurolatorExpressBoxU.S.9AM, PurolatorExpressBoxU.S.10:30AM, PurolatorExpressBoxU.S.12PM, PurolatorGroundU.S., PurolatorExpressInternational, PurolatorExpressInternational9AM, PurolatorExpressInternational10:30AM, PurolatorExpressInternational12PM, PurolatorExpressEnvelopeInternational, PurolatorExpressEnvelopeInternational9AM, PurolatorExpressEnvelopeInternational10:30AM, PurolatorExpressEnvelopeInternational12PM, PurolatorExpressPackInternational, PurolatorExpressPackInternational9AM, PurolatorExpressPackInternational10:30AM, PurolatorExpressPackInternational12PM, PurolatorExpressBoxInternational, PurolatorExpressBoxInternational9AM, PurolatorExpressBoxInternational10:30AM, PurolatorExpressBoxInternational12PM, PurolatorQuickShip, PurolatorStandard."
2026-10-06T09:39:33,Certification,REST,runs/cert-products.yaml,126,PRODUCT · PurolatorExpressU.S.Box1030AM,POST,shipapi-stg.dsc-nonprod.aws-purolator.com/ship/v1/shipment,400,235,"2xx, no errors",False,,"9001-51 Outbound: Invalid service id: 'PurolatorExpressU.S.Box10:30AM'. Valid values are: PurolatorExpress, PurolatorExpress9AM, PurolatorExpress10:30AM, PurolatorExpress12PM, PurolatorExpressEvening, PurolatorExpressEnvelope, PurolatorExpressEnvelope9AM, PurolatorExpressEnvelope10:30AM, PurolatorExpressEnvelope12PM,  PurolatorExpressEnvelopeEvening, PurolatorExpressPack, PurolatorExpressPack9AM, PurolatorExpressPack10:30AM, PurolatorExpressPack12PM, PurolatorExpressPackEvening, PurolatorExpressBox, PurolatorExpressBox9AM, PurolatorExpressBox10:30AM, PurolatorExpressBox12PM, PurolatorExpressBoxEvening, PurolatorGround, PurolatorGround9AM, PurolatorGround10:30AM, PurolatorGroundEvening, PurolatorExpressU.S., PurolatorExpressU.S.9AM, PurolatorExpressU.S.10:30AM, PurolatorExpressU.S.12PM, PurolatorExpressEnvelopeU.S., PurolatorExpressEnvelopeU.S.9AM, PurolatorExpressEnvelopeU.S.10:30AM, PurolatorExpressEnvelopeU.S.12PM, PurolatorExpressPackU.S., PurolatorExpressPackU.S.9AM, PurolatorExpressPackU.S.10:30AM, PurolatorExpressPackU.S.12PM, PurolatorExpressBoxU.S., PurolatorExpressBoxU.S.9AM, PurolatorExpressBoxU.S.10:30AM, PurolatorExpressBoxU.S.12PM, PurolatorGroundU.S., PurolatorExpressInternational, PurolatorExpressInternational9AM, PurolatorExpressInternational10:30AM, PurolatorExpressInternational12PM, PurolatorExpressEnvelopeInternational, PurolatorExpressEnvelopeInternational9AM, PurolatorExpressEnvelopeInternational10:30AM, PurolatorExpressEnvelopeInternational12PM, PurolatorExpressPackInternational, PurolatorExpressPackInternational9AM, PurolatorExpressPackInternational10:30AM, PurolatorExpressPackInternational12PM, PurolatorExpressBoxInternational, PurolatorExpressBoxInternational9AM, PurolatorExpressBoxInternational10:30AM, PurolatorExpressBoxInternational12PM, PurolatorQuickShip, PurolatorStandard."
2026-10-06T09:39:33,Certification,REST,runs/cert-products.yaml,127,PRODUCT · PurolatorExpressU.S.Box1030AM · FR,POST,shipapi-stg.dsc-nonprod.aws-purolator.com/ship/v1/shipment,400,110,"2xx, no errors",False,,"9001-51 Sortant: Le service est invalide: 'PurolatorExpressU.S.Box10:30AM'. Les valeurs valides sont: PurolatorExpress, PurolatorExpress9AM, PurolatorExpress10:30AM, PurolatorExpress12PM, PurolatorExpressEvening, PurolatorExpressEnvelope, PurolatorExpressEnvelope9AM, PurolatorExpressEnvelope10:30AM, PurolatorExpressEnvelope12PM,  PurolatorExpressEnvelopeEvening, PurolatorExpressPack, PurolatorExpressPack9AM, PurolatorExpressPack10:30AM, PurolatorExpressPack12PM, PurolatorExpressPackEvening, PurolatorExpressBox, PurolatorExpressBox9AM, PurolatorExpressBox10:30AM, PurolatorExpressBox12PM, PurolatorExpressBoxEvening, PurolatorGround, PurolatorGround9AM, PurolatorGround10:30AM, PurolatorGroundEvening, PurolatorExpressU.S., PurolatorExpressU.S.9AM, PurolatorExpressU.S.10:30AM, PurolatorExpressU.S.12PM, PurolatorExpressEnvelopeU.S., PurolatorExpressEnvelopeU.S.9AM, PurolatorExpressEnvelopeU.S.10:30AM, PurolatorExpressEnvelopeU.S.12PM, PurolatorExpressPackU.S., PurolatorExpressPackU.S.9AM, PurolatorExpressPackU.S.10:30AM, PurolatorExpressPackU.S.12PM, PurolatorExpressBoxU.S., PurolatorExpressBoxU.S.9AM, PurolatorExpressBoxU.S.10:30AM, PurolatorExpressBoxU.S.12PM, PurolatorGroundU.S., PurolatorExpressInternational, PurolatorExpressInternational9AM, PurolatorExpressInternational10:30AM, PurolatorExpressInternational12PM, PurolatorExpressEnvelopeInternational, PurolatorExpressEnvelopeInternational9AM, PurolatorExpressEnvelopeInternational10:30AM, PurolatorExpressEnvelopeInternational12PM, PurolatorExpressPackInternational, PurolatorExpressPackInternational9AM, PurolatorExpressPackInternational10:30AM, PurolatorExpressPackInternational12PM, PurolatorExpressBoxInternational, PurolatorExpressBoxInternational9AM, PurolatorExpressBoxInternational10:30AM, PurolatorExpressBoxInternational12PM, PurolatorQuickShip, PurolatorStandard."
2026-10-06T09:39:33,Certification,REST,runs/cert-products.yaml,128,PRODUCT · PurolatorExpressU.S.Box1200,POST,shipapi-stg.dsc-nonprod.aws-purolator.com/ship/v1/shipment,400,118,"2xx, no errors",False,,"9001-51 Outbound: Invalid service id: 'PurolatorExpressU.S.Box12:00'. Valid values are: PurolatorExpress, PurolatorExpress9AM, PurolatorExpress10:30AM, PurolatorExpress12PM, PurolatorExpressEvening, PurolatorExpressEnvelope, PurolatorExpressEnvelope9AM, PurolatorExpressEnvelope10:30AM, PurolatorExpressEnvelope12PM,  PurolatorExpressEnvelopeEvening, PurolatorExpressPack, PurolatorExpressPack9AM, PurolatorExpressPack10:30AM, PurolatorExpressPack12PM, PurolatorExpressPackEvening, PurolatorExpressBox, PurolatorExpressBox9AM, PurolatorExpressBox10:30AM, PurolatorExpressBox12PM, PurolatorExpressBoxEvening, PurolatorGround, PurolatorGround9AM, PurolatorGround10:30AM, PurolatorGroundEvening, PurolatorExpressU.S., PurolatorExpressU.S.9AM, PurolatorExpressU.S.10:30AM, PurolatorExpressU.S.12PM, PurolatorExpressEnvelopeU.S., PurolatorExpressEnvelopeU.S.9AM, PurolatorExpressEnvelopeU.S.10:30AM, PurolatorExpressEnvelopeU.S.12PM, PurolatorExpressPackU.S., PurolatorExpressPackU.S.9AM, PurolatorExpressPackU.S.10:30AM, PurolatorExpressPackU.S.12PM, PurolatorExpressBoxU.S., PurolatorExpressBoxU.S.9AM, PurolatorExpressBoxU.S.10:30AM, PurolatorExpressBoxU.S.12PM, PurolatorGroundU.S., PurolatorExpressInternational, PurolatorExpressInternational9AM, PurolatorExpressInternational10:30AM, PurolatorExpressInternational12PM, PurolatorExpressEnvelopeInternational, PurolatorExpressEnvelopeInternational9AM, PurolatorExpressEnvelopeInternational10:30AM, PurolatorExpressEnvelopeInternational12PM, PurolatorExpressPackInternational, PurolatorExpressPackInternational9AM, PurolatorExpressPackInternational10:30AM, PurolatorExpressPackInternational12PM, PurolatorExpressBoxInternational, PurolatorExpressBoxInternational9AM, PurolatorExpressBoxInternational10:30AM, PurolatorExpressBoxInternational12PM, PurolatorQuickShip, PurolatorStandard."
2026-10-06T09:39:33,Certification,REST,runs/cert-products.yaml,129,PRODUCT · PurolatorExpressU.S.Box1200 · FR,POST,shipapi-stg.dsc-nonprod.aws-purolator.com/ship/v1/shipment,400,111,"2xx, no errors",False,,"9001-51 Sortant: Le service est invalide: 'PurolatorExpressU.S.Box12:00'. Les valeurs valides sont: PurolatorExpress, PurolatorExpress9AM, PurolatorExpress10:30AM, PurolatorExpress12PM, PurolatorExpressEvening, PurolatorExpressEnvelope, PurolatorExpressEnvelope9AM, PurolatorExpressEnvelope10:30AM, PurolatorExpressEnvelope12PM,  PurolatorExpressEnvelopeEvening, PurolatorExpressPack, PurolatorExpressPack9AM, PurolatorExpressPack10:30AM, PurolatorExpressPack12PM, PurolatorExpressPackEvening, PurolatorExpressBox, PurolatorExpressBox9AM, PurolatorExpressBox10:30AM, PurolatorExpressBox12PM, PurolatorExpressBoxEvening, PurolatorGround, PurolatorGround9AM, PurolatorGround10:30AM, PurolatorGroundEvening, PurolatorExpressU.S., PurolatorExpressU.S.9AM, PurolatorExpressU.S.10:30AM, PurolatorExpressU.S.12PM, PurolatorExpressEnvelopeU.S., PurolatorExpressEnvelopeU.S.9AM, PurolatorExpressEnvelopeU.S.10:30AM, PurolatorExpressEnvelopeU.S.12PM, PurolatorExpressPackU.S., PurolatorExpressPackU.S.9AM, PurolatorExpressPackU.S.10:30AM, PurolatorExpressPackU.S.12PM, PurolatorExpressBoxU.S., PurolatorExpressBoxU.S.9AM, PurolatorExpressBoxU.S.10:30AM, PurolatorExpressBoxU.S.12PM, PurolatorGroundU.S., PurolatorExpressInternational, PurolatorExpressInternational9AM, PurolatorExpressInternational10:30AM, PurolatorExpressInternational12PM, PurolatorExpressEnvelopeInternational, PurolatorExpressEnvelopeInternational9AM, PurolatorExpressEnvelopeInternational10:30AM, PurolatorExpressEnvelopeInternational12PM, PurolatorExpressPackInternational, PurolatorExpressPackInternational9AM, PurolatorExpressPackInternational10:30AM, PurolatorExpressPackInternational12PM, PurolatorExpressBoxInternational, PurolatorExpressBoxInternational9AM, PurolatorExpressBoxInternational10:30AM, PurolatorExpressBoxInternational12PM, PurolatorQuickShip, PurolatorStandard."
2026-10-06T09:39:33,Certification,REST,runs/cert-products.yaml,130,PRODUCT · PurolatorGroundU.S.,POST,shipapi-stg.dsc-nonprod.aws-purolator.com/ship/v1/shipment,200,735,"2xx, no errors",True,760068289510,
2026-10-06T09:39:33,Certification,REST,runs/cert-products.yaml,131,PRODUCT · PurolatorGroundU.S. · FR,POST,shipapi-stg.dsc-nonprod.aws-purolator.com/ship/v1/shipment,200,877,"2xx, no errors",True,760068289528,
2026-10-06T09:39:33,Certification,REST,runs/cert-products.yaml,132,PRODUCT · PurolatorExpressInternational,POST,shipapi-stg.dsc-nonprod.aws-purolator.com/ship/v1/shipment,200,845,"2xx, no errors",True,760068289536,
2026-10-06T09:39:33,Certification,REST,runs/cert-products.yaml,133,PRODUCT · PurolatorExpressInternational · FR,POST,shipapi-stg.dsc-nonprod.aws-purolator.com/ship/v1/shipment,200,806,"2xx, no errors",True,760068289544,
2026-10-06T09:39:33,Certification,REST,runs/cert-products.yaml,134,PRODUCT · PurolatorExpressInternational9AM,POST,shipapi-stg.dsc-nonprod.aws-purolator.com/ship/v1/shipment,400,347,"2xx, no errors",False,,9001-99 Outbound: 'PurolatorExpressInternational9AM' is invalid.
2026-10-06T09:39:33,Certification,REST,runs/cert-products.yaml,135,PRODUCT · PurolatorExpressInternational9AM · FR,POST,shipapi-stg.dsc-nonprod.aws-purolator.com/ship/v1/shipment,400,446,"2xx, no errors",False,,9001-99 Sortant: 'PurolatorExpressInternational9AM' est invalide.
2026-10-06T09:39:33,Certification,REST,runs/cert-products.yaml,136,PRODUCT · PurolatorExpressInternational1030AM,POST,shipapi-stg.dsc-nonprod.aws-purolator.com/ship/v1/shipment,400,453,"2xx, no errors",False,,9001-99 Outbound: 'PurolatorExpressInternational10:30AM' is invalid.
2026-10-06T09:39:33,Certification,REST,runs/cert-products.yaml,137,PRODUCT · PurolatorExpressInternational1030AM · FR,POST,shipapi-stg.dsc-nonprod.aws-purolator.com/ship/v1/shipment,400,340,"2xx, no errors",False,,9001-99 Sortant: 'PurolatorExpressInternational10:30AM' est invalide.
2026-10-06T09:39:33,Certification,REST,runs/cert-products.yaml,138,PRODUCT · PurolatorExpressInternational1200,POST,shipapi-stg.dsc-nonprod.aws-purolator.com/ship/v1/shipment,400,210,"2xx, no errors",False,,"9001-51 Outbound: Invalid service id: 'PurolatorExpressInternational12:00'. Valid values are: PurolatorExpress, PurolatorExpress9AM, PurolatorExpress10:30AM, PurolatorExpress12PM, PurolatorExpressEvening, PurolatorExpressEnvelope, PurolatorExpressEnvelope9AM, PurolatorExpressEnvelope10:30AM, PurolatorExpressEnvelope12PM,  PurolatorExpressEnvelopeEvening, PurolatorExpressPack, PurolatorExpressPack9AM, PurolatorExpressPack10:30AM, PurolatorExpressPack12PM, PurolatorExpressPackEvening, PurolatorExpressBox, PurolatorExpressBox9AM, PurolatorExpressBox10:30AM, PurolatorExpressBox12PM, PurolatorExpressBoxEvening, PurolatorGround, PurolatorGround9AM, PurolatorGround10:30AM, PurolatorGroundEvening, PurolatorExpressU.S., PurolatorExpressU.S.9AM, PurolatorExpressU.S.10:30AM, PurolatorExpressU.S.12PM, PurolatorExpressEnvelopeU.S., PurolatorExpressEnvelopeU.S.9AM, PurolatorExpressEnvelopeU.S.10:30AM, PurolatorExpressEnvelopeU.S.12PM, PurolatorExpressPackU.S., PurolatorExpressPackU.S.9AM, PurolatorExpressPackU.S.10:30AM, PurolatorExpressPackU.S.12PM, PurolatorExpressBoxU.S., PurolatorExpressBoxU.S.9AM, PurolatorExpressBoxU.S.10:30AM, PurolatorExpressBoxU.S.12PM, PurolatorGroundU.S., PurolatorExpressInternational, PurolatorExpressInternational9AM, PurolatorExpressInternational10:30AM, PurolatorExpressInternational12PM, PurolatorExpressEnvelopeInternational, PurolatorExpressEnvelopeInternational9AM, PurolatorExpressEnvelopeInternational10:30AM, PurolatorExpressEnvelopeInternational12PM, PurolatorExpressPackInternational, PurolatorExpressPackInternational9AM, PurolatorExpressPackInternational10:30AM, PurolatorExpressPackInternational12PM, PurolatorExpressBoxInternational, PurolatorExpressBoxInternational9AM, PurolatorExpressBoxInternational10:30AM, PurolatorExpressBoxInternational12PM, PurolatorQuickShip, PurolatorStandard."
2026-10-06T09:39:33,Certification,REST,runs/cert-products.yaml,139,PRODUCT · PurolatorExpressInternational1200 · FR,POST,shipapi-stg.dsc-nonprod.aws-purolator.com/ship/v1/shipment,400,125,"2xx, no errors",False,,"9001-51 Sortant: Le service est invalide: 'PurolatorExpressInternational12:00'. Les valeurs valides sont: PurolatorExpress, PurolatorExpress9AM, PurolatorExpress10:30AM, PurolatorExpress12PM, PurolatorExpressEvening, PurolatorExpressEnvelope, PurolatorExpressEnvelope9AM, PurolatorExpressEnvelope10:30AM, PurolatorExpressEnvelope12PM,  PurolatorExpressEnvelopeEvening, PurolatorExpressPack, PurolatorExpressPack9AM, PurolatorExpressPack10:30AM, PurolatorExpressPack12PM, PurolatorExpressPackEvening, PurolatorExpressBox, PurolatorExpressBox9AM, PurolatorExpressBox10:30AM, PurolatorExpressBox12PM, PurolatorExpressBoxEvening, PurolatorGround, PurolatorGround9AM, PurolatorGround10:30AM, PurolatorGroundEvening, PurolatorExpressU.S., PurolatorExpressU.S.9AM, PurolatorExpressU.S.10:30AM, PurolatorExpressU.S.12PM, PurolatorExpressEnvelopeU.S., PurolatorExpressEnvelopeU.S.9AM, PurolatorExpressEnvelopeU.S.10:30AM, PurolatorExpressEnvelopeU.S.12PM, PurolatorExpressPackU.S., PurolatorExpressPackU.S.9AM, PurolatorExpressPackU.S.10:30AM, PurolatorExpressPackU.S.12PM, PurolatorExpressBoxU.S., PurolatorExpressBoxU.S.9AM, PurolatorExpressBoxU.S.10:30AM, PurolatorExpressBoxU.S.12PM, PurolatorGroundU.S., PurolatorExpressInternational, PurolatorExpressInternational9AM, PurolatorExpressInternational10:30AM, PurolatorExpressInternational12PM, PurolatorExpressEnvelopeInternational, PurolatorExpressEnvelopeInternational9AM, PurolatorExpressEnvelopeInternational10:30AM, PurolatorExpressEnvelopeInternational12PM, PurolatorExpressPackInternational, PurolatorExpressPackInternational9AM, PurolatorExpressPackInternational10:30AM, PurolatorExpressPackInternational12PM, PurolatorExpressBoxInternational, PurolatorExpressBoxInternational9AM, PurolatorExpressBoxInternational10:30AM, PurolatorExpressBoxInternational12PM, PurolatorQuickShip, PurolatorStandard."
2026-10-06T09:39:33,Certification,REST,runs/cert-products.yaml,140,PRODUCT · PurolatorExpressEnvelopeInternational,POST,shipapi-stg.dsc-nonprod.aws-purolator.com/ship/v1/shipment,200,1010,"2xx, no errors",True,760068289551,
2026-10-06T09:39:33,Certification,REST,runs/cert-products.yaml,141,PRODUCT · PurolatorExpressEnvelopeInternational · FR,POST,shipapi-stg.dsc-nonprod.aws-purolator.com/ship/v1/shipment,200,731,"2xx, no errors",True,760068289569,
2026-10-06T09:39:33,Certification,REST,runs/cert-products.yaml,142,PRODUCT · PurolatorExpressInternationalEnvelope9AM,POST,shipapi-stg.dsc-nonprod.aws-purolator.com/ship/v1/shipment,400,245,"2xx, no errors",False,,"9001-51 Outbound: Invalid service id: 'PurolatorExpressInternationalEnvelope9AM'. Valid values are: PurolatorExpress, PurolatorExpress9AM, PurolatorExpress10:30AM, PurolatorExpress12PM, PurolatorExpressEvening, PurolatorExpressEnvelope, PurolatorExpressEnvelope9AM, PurolatorExpressEnvelope10:30AM, PurolatorExpressEnvelope12PM,  PurolatorExpressEnvelopeEvening, PurolatorExpressPack, PurolatorExpressPack9AM, PurolatorExpressPack10:30AM, PurolatorExpressPack12PM, PurolatorExpressPackEvening, PurolatorExpressBox, PurolatorExpressBox9AM, PurolatorExpressBox10:30AM, PurolatorExpressBox12PM, PurolatorExpressBoxEvening, PurolatorGround, PurolatorGround9AM, PurolatorGround10:30AM, PurolatorGroundEvening, PurolatorExpressU.S., PurolatorExpressU.S.9AM, PurolatorExpressU.S.10:30AM, PurolatorExpressU.S.12PM, PurolatorExpressEnvelopeU.S., PurolatorExpressEnvelopeU.S.9AM, PurolatorExpressEnvelopeU.S.10:30AM, PurolatorExpressEnvelopeU.S.12PM, PurolatorExpressPackU.S., PurolatorExpressPackU.S.9AM, PurolatorExpressPackU.S.10:30AM, PurolatorExpressPackU.S.12PM, PurolatorExpressBoxU.S., PurolatorExpressBoxU.S.9AM, PurolatorExpressBoxU.S.10:30AM, PurolatorExpressBoxU.S.12PM, PurolatorGroundU.S., PurolatorExpressInternational, PurolatorExpressInternational9AM, PurolatorExpressInternational10:30AM, PurolatorExpressInternational12PM, PurolatorExpressEnvelopeInternational, PurolatorExpressEnvelopeInternational9AM, PurolatorExpressEnvelopeInternational10:30AM, PurolatorExpressEnvelopeInternational12PM, PurolatorExpressPackInternational, PurolatorExpressPackInternational9AM, PurolatorExpressPackInternational10:30AM, PurolatorExpressPackInternational12PM, PurolatorExpressBoxInternational, PurolatorExpressBoxInternational9AM, PurolatorExpressBoxInternational10:30AM, PurolatorExpressBoxInternational12PM, PurolatorQuickShip, PurolatorStandard."
2026-10-06T09:39:33,Certification,REST,runs/cert-products.yaml,143,PRODUCT · PurolatorExpressInternationalEnvelope9AM · FR,POST,shipapi-stg.dsc-nonprod.aws-purolator.com/ship/v1/shipment,400,222,"2xx, no errors",False,,"9001-51 Sortant: Le service est invalide: 'PurolatorExpressInternationalEnvelope9AM'. Les valeurs valides sont: PurolatorExpress, PurolatorExpress9AM, PurolatorExpress10:30AM, PurolatorExpress12PM, PurolatorExpressEvening, PurolatorExpressEnvelope, PurolatorExpressEnvelope9AM, PurolatorExpressEnvelope10:30AM, PurolatorExpressEnvelope12PM,  PurolatorExpressEnvelopeEvening, PurolatorExpressPack, PurolatorExpressPack9AM, PurolatorExpressPack10:30AM, PurolatorExpressPack12PM, PurolatorExpressPackEvening, PurolatorExpressBox, PurolatorExpressBox9AM, PurolatorExpressBox10:30AM, PurolatorExpressBox12PM, PurolatorExpressBoxEvening, PurolatorGround, PurolatorGround9AM, PurolatorGround10:30AM, PurolatorGroundEvening, PurolatorExpressU.S., PurolatorExpressU.S.9AM, PurolatorExpressU.S.10:30AM, PurolatorExpressU.S.12PM, PurolatorExpressEnvelopeU.S., PurolatorExpressEnvelopeU.S.9AM, PurolatorExpressEnvelopeU.S.10:30AM, PurolatorExpressEnvelopeU.S.12PM, PurolatorExpressPackU.S., PurolatorExpressPackU.S.9AM, PurolatorExpressPackU.S.10:30AM, PurolatorExpressPackU.S.12PM, PurolatorExpressBoxU.S., PurolatorExpressBoxU.S.9AM, PurolatorExpressBoxU.S.10:30AM, PurolatorExpressBoxU.S.12PM, PurolatorGroundU.S., PurolatorExpressInternational, PurolatorExpressInternational9AM, PurolatorExpressInternational10:30AM, PurolatorExpressInternational12PM, PurolatorExpressEnvelopeInternational, PurolatorExpressEnvelopeInternational9AM, PurolatorExpressEnvelopeInternational10:30AM, PurolatorExpressEnvelopeInternational12PM, PurolatorExpressPackInternational, PurolatorExpressPackInternational9AM, PurolatorExpressPackInternational10:30AM, PurolatorExpressPackInternational12PM, PurolatorExpressBoxInternational, PurolatorExpressBoxInternational9AM, PurolatorExpressBoxInternational10:30AM, PurolatorExpressBoxInternational12PM, PurolatorQuickShip, PurolatorStandard."
2026-10-06T09:39:33,Certification,REST,runs/cert-products.yaml,144,PRODUCT · PurolatorExpressInternationalEnvelope1030AM,POST,shipapi-stg.dsc-nonprod.aws-purolator.com/ship/v1/shipment,400,207,"2xx, no errors",False,,"9001-51 Outbound: Invalid service id: 'PurolatorExpressInternationalEnvelope10:30AM'. Valid values are: PurolatorExpress, PurolatorExpress9AM, PurolatorExpress10:30AM, PurolatorExpress12PM, PurolatorExpressEvening, PurolatorExpressEnvelope, PurolatorExpressEnvelope9AM, PurolatorExpressEnvelope10:30AM, PurolatorExpressEnvelope12PM,  PurolatorExpressEnvelopeEvening, PurolatorExpressPack, PurolatorExpressPack9AM, PurolatorExpressPack10:30AM, PurolatorExpressPack12PM, PurolatorExpressPackEvening, PurolatorExpressBox, PurolatorExpressBox9AM, PurolatorExpressBox10:30AM, PurolatorExpressBox12PM, PurolatorExpressBoxEvening, PurolatorGround, PurolatorGround9AM, PurolatorGround10:30AM, PurolatorGroundEvening, PurolatorExpressU.S., PurolatorExpressU.S.9AM, PurolatorExpressU.S.10:30AM, PurolatorExpressU.S.12PM, PurolatorExpressEnvelopeU.S., PurolatorExpressEnvelopeU.S.9AM, PurolatorExpressEnvelopeU.S.10:30AM, PurolatorExpressEnvelopeU.S.12PM, PurolatorExpressPackU.S., PurolatorExpressPackU.S.9AM, PurolatorExpressPackU.S.10:30AM, PurolatorExpressPackU.S.12PM, PurolatorExpressBoxU.S., PurolatorExpressBoxU.S.9AM, PurolatorExpressBoxU.S.10:30AM, PurolatorExpressBoxU.S.12PM, PurolatorGroundU.S., PurolatorExpressInternational, PurolatorExpressInternational9AM, PurolatorExpressInternational10:30AM, PurolatorExpressInternational12PM, PurolatorExpressEnvelopeInternational, PurolatorExpressEnvelopeInternational9AM, PurolatorExpressEnvelopeInternational10:30AM, PurolatorExpressEnvelopeInternational12PM, PurolatorExpressPackInternational, PurolatorExpressPackInternational9AM, PurolatorExpressPackInternational10:30AM, PurolatorExpressPackInternational12PM, PurolatorExpressBoxInternational, PurolatorExpressBoxInternational9AM, PurolatorExpressBoxInternational10:30AM, PurolatorExpressBoxInternational12PM, PurolatorQuickShip, PurolatorStandard."
2026-10-06T09:39:33,Certification,REST,runs/cert-products.yaml,145,PRODUCT · PurolatorExpressInternationalEnvelope1030AM · FR,POST,shipapi-stg.dsc-nonprod.aws-purolator.com/ship/v1/shipment,400,209,"2xx, no errors",False,,"9001-51 Sortant: Le service est invalide: 'PurolatorExpressInternationalEnvelope10:30AM'. Les valeurs valides sont: PurolatorExpress, PurolatorExpress9AM, PurolatorExpress10:30AM, PurolatorExpress12PM, PurolatorExpressEvening, PurolatorExpressEnvelope, PurolatorExpressEnvelope9AM, PurolatorExpressEnvelope10:30AM, PurolatorExpressEnvelope12PM,  PurolatorExpressEnvelopeEvening, PurolatorExpressPack, PurolatorExpressPack9AM, PurolatorExpressPack10:30AM, PurolatorExpressPack12PM, PurolatorExpressPackEvening, PurolatorExpressBox, PurolatorExpressBox9AM, PurolatorExpressBox10:30AM, PurolatorExpressBox12PM, PurolatorExpressBoxEvening, PurolatorGround, PurolatorGround9AM, PurolatorGround10:30AM, PurolatorGroundEvening, PurolatorExpressU.S., PurolatorExpressU.S.9AM, PurolatorExpressU.S.10:30AM, PurolatorExpressU.S.12PM, PurolatorExpressEnvelopeU.S., PurolatorExpressEnvelopeU.S.9AM, PurolatorExpressEnvelopeU.S.10:30AM, PurolatorExpressEnvelopeU.S.12PM, PurolatorExpressPackU.S., PurolatorExpressPackU.S.9AM, PurolatorExpressPackU.S.10:30AM, PurolatorExpressPackU.S.12PM, PurolatorExpressBoxU.S., PurolatorExpressBoxU.S.9AM, PurolatorExpressBoxU.S.10:30AM, PurolatorExpressBoxU.S.12PM, PurolatorGroundU.S., PurolatorExpressInternational, PurolatorExpressInternational9AM, PurolatorExpressInternational10:30AM, PurolatorExpressInternational12PM, PurolatorExpressEnvelopeInternational, PurolatorExpressEnvelopeInternational9AM, PurolatorExpressEnvelopeInternational10:30AM, PurolatorExpressEnvelopeInternational12PM, PurolatorExpressPackInternational, PurolatorExpressPackInternational9AM, PurolatorExpressPackInternational10:30AM, PurolatorExpressPackInternational12PM, PurolatorExpressBoxInternational, PurolatorExpressBoxInternational9AM, PurolatorExpressBoxInternational10:30AM, PurolatorExpressBoxInternational12PM, PurolatorQuickShip, PurolatorStandard."
2026-10-06T09:39:33,Certification,REST,runs/cert-products.yaml,146,PRODUCT · PurolatorExpressInternationalEnvelope1200,POST,shipapi-stg.dsc-nonprod.aws-purolator.com/ship/v1/shipment,400,123,"2xx, no errors",False,,"9001-51 Outbound: Invalid service id: 'PurolatorExpressInternationalEnvelope12:00'. Valid values are: PurolatorExpress, PurolatorExpress9AM, PurolatorExpress10:30AM, PurolatorExpress12PM, PurolatorExpressEvening, PurolatorExpressEnvelope, PurolatorExpressEnvelope9AM, PurolatorExpressEnvelope10:30AM, PurolatorExpressEnvelope12PM,  PurolatorExpressEnvelopeEvening, PurolatorExpressPack, PurolatorExpressPack9AM, PurolatorExpressPack10:30AM, PurolatorExpressPack12PM, PurolatorExpressPackEvening, PurolatorExpressBox, PurolatorExpressBox9AM, PurolatorExpressBox10:30AM, PurolatorExpressBox12PM, PurolatorExpressBoxEvening, PurolatorGround, PurolatorGround9AM, PurolatorGround10:30AM, PurolatorGroundEvening, PurolatorExpressU.S., PurolatorExpressU.S.9AM, PurolatorExpressU.S.10:30AM, PurolatorExpressU.S.12PM, PurolatorExpressEnvelopeU.S., PurolatorExpressEnvelopeU.S.9AM, PurolatorExpressEnvelopeU.S.10:30AM, PurolatorExpressEnvelopeU.S.12PM, PurolatorExpressPackU.S., PurolatorExpressPackU.S.9AM, PurolatorExpressPackU.S.10:30AM, PurolatorExpressPackU.S.12PM, PurolatorExpressBoxU.S., PurolatorExpressBoxU.S.9AM, PurolatorExpressBoxU.S.10:30AM, PurolatorExpressBoxU.S.12PM, PurolatorGroundU.S., PurolatorExpressInternational, PurolatorExpressInternational9AM, PurolatorExpressInternational10:30AM, PurolatorExpressInternational12PM, PurolatorExpressEnvelopeInternational, PurolatorExpressEnvelopeInternational9AM, PurolatorExpressEnvelopeInternational10:30AM, PurolatorExpressEnvelopeInternational12PM, PurolatorExpressPackInternational, PurolatorExpressPackInternational9AM, PurolatorExpressPackInternational10:30AM, PurolatorExpressPackInternational12PM, PurolatorExpressBoxInternational, PurolatorExpressBoxInternational9AM, PurolatorExpressBoxInternational10:30AM, PurolatorExpressBoxInternational12PM, PurolatorQuickShip, PurolatorStandard."
2026-10-06T09:39:33,Certification,REST,runs/cert-products.yaml,147,PRODUCT · PurolatorExpressInternationalEnvelope1200 · FR,POST,shipapi-stg.dsc-nonprod.aws-purolator.com/ship/v1/shipment,400,128,"2xx, no errors",False,,"9001-51 Sortant: Le service est invalide: 'PurolatorExpressInternationalEnvelope12:00'. Les valeurs valides sont: PurolatorExpress, PurolatorExpress9AM, PurolatorExpress10:30AM, PurolatorExpress12PM, PurolatorExpressEvening, PurolatorExpressEnvelope, PurolatorExpressEnvelope9AM, PurolatorExpressEnvelope10:30AM, PurolatorExpressEnvelope12PM,  PurolatorExpressEnvelopeEvening, PurolatorExpressPack, PurolatorExpressPack9AM, PurolatorExpressPack10:30AM, PurolatorExpressPack12PM, PurolatorExpressPackEvening, PurolatorExpressBox, PurolatorExpressBox9AM, PurolatorExpressBox10:30AM, PurolatorExpressBox12PM, PurolatorExpressBoxEvening, PurolatorGround, PurolatorGround9AM, PurolatorGround10:30AM, PurolatorGroundEvening, PurolatorExpressU.S., PurolatorExpressU.S.9AM, PurolatorExpressU.S.10:30AM, PurolatorExpressU.S.12PM, PurolatorExpressEnvelopeU.S., PurolatorExpressEnvelopeU.S.9AM, PurolatorExpressEnvelopeU.S.10:30AM, PurolatorExpressEnvelopeU.S.12PM, PurolatorExpressPackU.S., PurolatorExpressPackU.S.9AM, PurolatorExpressPackU.S.10:30AM, PurolatorExpressPackU.S.12PM, PurolatorExpressBoxU.S., PurolatorExpressBoxU.S.9AM, PurolatorExpressBoxU.S.10:30AM, PurolatorExpressBoxU.S.12PM, PurolatorGroundU.S., PurolatorExpressInternational, PurolatorExpressInternational9AM, PurolatorExpressInternational10:30AM, PurolatorExpressInternational12PM, PurolatorExpressEnvelopeInternational, PurolatorExpressEnvelopeInternational9AM, PurolatorExpressEnvelopeInternational10:30AM, PurolatorExpressEnvelopeInternational12PM, PurolatorExpressPackInternational, PurolatorExpressPackInternational9AM, PurolatorExpressPackInternational10:30AM, PurolatorExpressPackInternational12PM, PurolatorExpressBoxInternational, PurolatorExpressBoxInternational9AM, PurolatorExpressBoxInternational10:30AM, PurolatorExpressBoxInternational12PM, PurolatorQuickShip, PurolatorStandard."
2026-10-06T09:39:33,Certification,REST,runs/cert-products.yaml,148,PRODUCT · PurolatorExpressPackInternational,POST,shipapi-stg.dsc-nonprod.aws-purolator.com/ship/v1/shipment,200,767,"2xx, no errors",True,760068289577,
2026-10-06T09:39:33,Certification,REST,runs/cert-products.yaml,149,PRODUCT · PurolatorExpressPackInternational · FR,POST,shipapi-stg.dsc-nonprod.aws-purolator.com/ship/v1/shipment,200,890,"2xx, no errors",True,760068289585,
2026-10-06T09:39:33,Certification,REST,runs/cert-products.yaml,150,PRODUCT · PurolatorExpressInternationalPack9AM,POST,shipapi-stg.dsc-nonprod.aws-purolator.com/ship/v1/shipment,400,209,"2xx, no errors",False,,"9001-51 Outbound: Invalid service id: 'PurolatorExpressInternationalPack9AM'. Valid values are: PurolatorExpress, PurolatorExpress9AM, PurolatorExpress10:30AM, PurolatorExpress12PM, PurolatorExpressEvening, PurolatorExpressEnvelope, PurolatorExpressEnvelope9AM, PurolatorExpressEnvelope10:30AM, PurolatorExpressEnvelope12PM,  PurolatorExpressEnvelopeEvening, PurolatorExpressPack, PurolatorExpressPack9AM, PurolatorExpressPack10:30AM, PurolatorExpressPack12PM, PurolatorExpressPackEvening, PurolatorExpressBox, PurolatorExpressBox9AM, PurolatorExpressBox10:30AM, PurolatorExpressBox12PM, PurolatorExpressBoxEvening, PurolatorGround, PurolatorGround9AM, PurolatorGround10:30AM, PurolatorGroundEvening, PurolatorExpressU.S., PurolatorExpressU.S.9AM, PurolatorExpressU.S.10:30AM, PurolatorExpressU.S.12PM, PurolatorExpressEnvelopeU.S., PurolatorExpressEnvelopeU.S.9AM, PurolatorExpressEnvelopeU.S.10:30AM, PurolatorExpressEnvelopeU.S.12PM, PurolatorExpressPackU.S., PurolatorExpressPackU.S.9AM, PurolatorExpressPackU.S.10:30AM, PurolatorExpressPackU.S.12PM, PurolatorExpressBoxU.S., PurolatorExpressBoxU.S.9AM, PurolatorExpressBoxU.S.10:30AM, PurolatorExpressBoxU.S.12PM, PurolatorGroundU.S., PurolatorExpressInternational, PurolatorExpressInternational9AM, PurolatorExpressInternational10:30AM, PurolatorExpressInternational12PM, PurolatorExpressEnvelopeInternational, PurolatorExpressEnvelopeInternational9AM, PurolatorExpressEnvelopeInternational10:30AM, PurolatorExpressEnvelopeInternational12PM, PurolatorExpressPackInternational, PurolatorExpressPackInternational9AM, PurolatorExpressPackInternational10:30AM, PurolatorExpressPackInternational12PM, PurolatorExpressBoxInternational, PurolatorExpressBoxInternational9AM, PurolatorExpressBoxInternational10:30AM, PurolatorExpressBoxInternational12PM, PurolatorQuickShip, PurolatorStandard."
2026-10-06T09:39:33,Certification,REST,runs/cert-products.yaml,151,PRODUCT · PurolatorExpressInternationalPack9AM · FR,POST,shipapi-stg.dsc-nonprod.aws-purolator.com/ship/v1/shipment,400,116,"2xx, no errors",False,,"9001-51 Sortant: Le service est invalide: 'PurolatorExpressInternationalPack9AM'. Les valeurs valides sont: PurolatorExpress, PurolatorExpress9AM, PurolatorExpress10:30AM, PurolatorExpress12PM, PurolatorExpressEvening, PurolatorExpressEnvelope, PurolatorExpressEnvelope9AM, PurolatorExpressEnvelope10:30AM, PurolatorExpressEnvelope12PM,  PurolatorExpressEnvelopeEvening, PurolatorExpressPack, PurolatorExpressPack9AM, PurolatorExpressPack10:30AM, PurolatorExpressPack12PM, PurolatorExpressPackEvening, PurolatorExpressBox, PurolatorExpressBox9AM, PurolatorExpressBox10:30AM, PurolatorExpressBox12PM, PurolatorExpressBoxEvening, PurolatorGround, PurolatorGround9AM, PurolatorGround10:30AM, PurolatorGroundEvening, PurolatorExpressU.S., PurolatorExpressU.S.9AM, PurolatorExpressU.S.10:30AM, PurolatorExpressU.S.12PM, PurolatorExpressEnvelopeU.S., PurolatorExpressEnvelopeU.S.9AM, PurolatorExpressEnvelopeU.S.10:30AM, PurolatorExpressEnvelopeU.S.12PM, PurolatorExpressPackU.S., PurolatorExpressPackU.S.9AM, PurolatorExpressPackU.S.10:30AM, PurolatorExpressPackU.S.12PM, PurolatorExpressBoxU.S., PurolatorExpressBoxU.S.9AM, PurolatorExpressBoxU.S.10:30AM, PurolatorExpressBoxU.S.12PM, PurolatorGroundU.S., PurolatorExpressInternational, PurolatorExpressInternational9AM, PurolatorExpressInternational10:30AM, PurolatorExpressInternational12PM, PurolatorExpressEnvelopeInternational, PurolatorExpressEnvelopeInternational9AM, PurolatorExpressEnvelopeInternational10:30AM, PurolatorExpressEnvelopeInternational12PM, PurolatorExpressPackInternational, PurolatorExpressPackInternational9AM, PurolatorExpressPackInternational10:30AM, PurolatorExpressPackInternational12PM, PurolatorExpressBoxInternational, PurolatorExpressBoxInternational9AM, PurolatorExpressBoxInternational10:30AM, PurolatorExpressBoxInternational12PM, PurolatorQuickShip, PurolatorStandard."
2026-10-06T09:39:33,Certification,REST,runs/cert-products.yaml,152,PRODUCT · PurolatorExpressInternationalPack1030AM,POST,shipapi-stg.dsc-nonprod.aws-purolator.com/ship/v1/shipment,400,115,"2xx, no errors",False,,"9001-51 Outbound: Invalid service id: 'PurolatorExpressInternationalPack10:30AM'. Valid values are: PurolatorExpress, PurolatorExpress9AM, PurolatorExpress10:30AM, PurolatorExpress12PM, PurolatorExpressEvening, PurolatorExpressEnvelope, PurolatorExpressEnvelope9AM, PurolatorExpressEnvelope10:30AM, PurolatorExpressEnvelope12PM,  PurolatorExpressEnvelopeEvening, PurolatorExpressPack, PurolatorExpressPack9AM, PurolatorExpressPack10:30AM, PurolatorExpressPack12PM, PurolatorExpressPackEvening, PurolatorExpressBox, PurolatorExpressBox9AM, PurolatorExpressBox10:30AM, PurolatorExpressBox12PM, PurolatorExpressBoxEvening, PurolatorGround, PurolatorGround9AM, PurolatorGround10:30AM, PurolatorGroundEvening, PurolatorExpressU.S., PurolatorExpressU.S.9AM, PurolatorExpressU.S.10:30AM, PurolatorExpressU.S.12PM, PurolatorExpressEnvelopeU.S., PurolatorExpressEnvelopeU.S.9AM, PurolatorExpressEnvelopeU.S.10:30AM, PurolatorExpressEnvelopeU.S.12PM, PurolatorExpressPackU.S., PurolatorExpressPackU.S.9AM, PurolatorExpressPackU.S.10:30AM, PurolatorExpressPackU.S.12PM, PurolatorExpressBoxU.S., PurolatorExpressBoxU.S.9AM, PurolatorExpressBoxU.S.10:30AM, PurolatorExpressBoxU.S.12PM, PurolatorGroundU.S., PurolatorExpressInternational, PurolatorExpressInternational9AM, PurolatorExpressInternational10:30AM, PurolatorExpressInternational12PM, PurolatorExpressEnvelopeInternational, PurolatorExpressEnvelopeInternational9AM, PurolatorExpressEnvelopeInternational10:30AM, PurolatorExpressEnvelopeInternational12PM, PurolatorExpressPackInternational, PurolatorExpressPackInternational9AM, PurolatorExpressPackInternational10:30AM, PurolatorExpressPackInternational12PM, PurolatorExpressBoxInternational, PurolatorExpressBoxInternational9AM, PurolatorExpressBoxInternational10:30AM, PurolatorExpressBoxInternational12PM, PurolatorQuickShip, PurolatorStandard."
2026-10-06T09:39:33,Certification,REST,runs/cert-products.yaml,153,PRODUCT · PurolatorExpressInternationalPack1030AM · FR,POST,shipapi-stg.dsc-nonprod.aws-purolator.com/ship/v1/shipment,400,123,"2xx, no errors",False,,"9001-51 Sortant: Le service est invalide: 'PurolatorExpressInternationalPack10:30AM'. Les valeurs valides sont: PurolatorExpress, PurolatorExpress9AM, PurolatorExpress10:30AM, PurolatorExpress12PM, PurolatorExpressEvening, PurolatorExpressEnvelope, PurolatorExpressEnvelope9AM, PurolatorExpressEnvelope10:30AM, PurolatorExpressEnvelope12PM,  PurolatorExpressEnvelopeEvening, PurolatorExpressPack, PurolatorExpressPack9AM, PurolatorExpressPack10:30AM, PurolatorExpressPack12PM, PurolatorExpressPackEvening, PurolatorExpressBox, PurolatorExpressBox9AM, PurolatorExpressBox10:30AM, PurolatorExpressBox12PM, PurolatorExpressBoxEvening, PurolatorGround, PurolatorGround9AM, PurolatorGround10:30AM, PurolatorGroundEvening, PurolatorExpressU.S., PurolatorExpressU.S.9AM, PurolatorExpressU.S.10:30AM, PurolatorExpressU.S.12PM, PurolatorExpressEnvelopeU.S., PurolatorExpressEnvelopeU.S.9AM, PurolatorExpressEnvelopeU.S.10:30AM, PurolatorExpressEnvelopeU.S.12PM, PurolatorExpressPackU.S., PurolatorExpressPackU.S.9AM, PurolatorExpressPackU.S.10:30AM, PurolatorExpressPackU.S.12PM, PurolatorExpressBoxU.S., PurolatorExpressBoxU.S.9AM, PurolatorExpressBoxU.S.10:30AM, PurolatorExpressBoxU.S.12PM, PurolatorGroundU.S., PurolatorExpressInternational, PurolatorExpressInternational9AM, PurolatorExpressInternational10:30AM, PurolatorExpressInternational12PM, PurolatorExpressEnvelopeInternational, PurolatorExpressEnvelopeInternational9AM, PurolatorExpressEnvelopeInternational10:30AM, PurolatorExpressEnvelopeInternational12PM, PurolatorExpressPackInternational, PurolatorExpressPackInternational9AM, PurolatorExpressPackInternational10:30AM, PurolatorExpressPackInternational12PM, PurolatorExpressBoxInternational, PurolatorExpressBoxInternational9AM, PurolatorExpressBoxInternational10:30AM, PurolatorExpressBoxInternational12PM, PurolatorQuickShip, PurolatorStandard."
2026-10-06T09:39:33,Certification,REST,runs/cert-products.yaml,154,PRODUCT · PurolatorExpressInternationalPack1200,POST,shipapi-stg.dsc-nonprod.aws-purolator.com/ship/v1/shipment,400,283,"2xx, no errors",False,,"9001-51 Outbound: Invalid service id: 'PurolatorExpressInternationalPack12:00'. Valid values are: PurolatorExpress, PurolatorExpress9AM, PurolatorExpress10:30AM, PurolatorExpress12PM, PurolatorExpressEvening, PurolatorExpressEnvelope, PurolatorExpressEnvelope9AM, PurolatorExpressEnvelope10:30AM, PurolatorExpressEnvelope12PM,  PurolatorExpressEnvelopeEvening, PurolatorExpressPack, PurolatorExpressPack9AM, PurolatorExpressPack10:30AM, PurolatorExpressPack12PM, PurolatorExpressPackEvening, PurolatorExpressBox, PurolatorExpressBox9AM, PurolatorExpressBox10:30AM, PurolatorExpressBox12PM, PurolatorExpressBoxEvening, PurolatorGround, PurolatorGround9AM, PurolatorGround10:30AM, PurolatorGroundEvening, PurolatorExpressU.S., PurolatorExpressU.S.9AM, PurolatorExpressU.S.10:30AM, PurolatorExpressU.S.12PM, PurolatorExpressEnvelopeU.S., PurolatorExpressEnvelopeU.S.9AM, PurolatorExpressEnvelopeU.S.10:30AM, PurolatorExpressEnvelopeU.S.12PM, PurolatorExpressPackU.S., PurolatorExpressPackU.S.9AM, PurolatorExpressPackU.S.10:30AM, PurolatorExpressPackU.S.12PM, PurolatorExpressBoxU.S., PurolatorExpressBoxU.S.9AM, PurolatorExpressBoxU.S.10:30AM, PurolatorExpressBoxU.S.12PM, PurolatorGroundU.S., PurolatorExpressInternational, PurolatorExpressInternational9AM, PurolatorExpressInternational10:30AM, PurolatorExpressInternational12PM, PurolatorExpressEnvelopeInternational, PurolatorExpressEnvelopeInternational9AM, PurolatorExpressEnvelopeInternational10:30AM, PurolatorExpressEnvelopeInternational12PM, PurolatorExpressPackInternational, PurolatorExpressPackInternational9AM, PurolatorExpressPackInternational10:30AM, PurolatorExpressPackInternational12PM, PurolatorExpressBoxInternational, PurolatorExpressBoxInternational9AM, PurolatorExpressBoxInternational10:30AM, PurolatorExpressBoxInternational12PM, PurolatorQuickShip, PurolatorStandard."
2026-10-06T09:39:33,Certification,REST,runs/cert-products.yaml,155,PRODUCT · PurolatorExpressInternationalPack1200 · FR,POST,shipapi-stg.dsc-nonprod.aws-purolator.com/ship/v1/shipment,400,214,"2xx, no errors",False,,"9001-51 Sortant: Le service est invalide: 'PurolatorExpressInternationalPack12:00'. Les valeurs valides sont: PurolatorExpress, PurolatorExpress9AM, PurolatorExpress10:30AM, PurolatorExpress12PM, PurolatorExpressEvening, PurolatorExpressEnvelope, PurolatorExpressEnvelope9AM, PurolatorExpressEnvelope10:30AM, PurolatorExpressEnvelope12PM,  PurolatorExpressEnvelopeEvening, PurolatorExpressPack, PurolatorExpressPack9AM, PurolatorExpressPack10:30AM, PurolatorExpressPack12PM, PurolatorExpressPackEvening, PurolatorExpressBox, PurolatorExpressBox9AM, PurolatorExpressBox10:30AM, PurolatorExpressBox12PM, PurolatorExpressBoxEvening, PurolatorGround, PurolatorGround9AM, PurolatorGround10:30AM, PurolatorGroundEvening, PurolatorExpressU.S., PurolatorExpressU.S.9AM, PurolatorExpressU.S.10:30AM, PurolatorExpressU.S.12PM, PurolatorExpressEnvelopeU.S., PurolatorExpressEnvelopeU.S.9AM, PurolatorExpressEnvelopeU.S.10:30AM, PurolatorExpressEnvelopeU.S.12PM, PurolatorExpressPackU.S., PurolatorExpressPackU.S.9AM, PurolatorExpressPackU.S.10:30AM, PurolatorExpressPackU.S.12PM, PurolatorExpressBoxU.S., PurolatorExpressBoxU.S.9AM, PurolatorExpressBoxU.S.10:30AM, PurolatorExpressBoxU.S.12PM, PurolatorGroundU.S., PurolatorExpressInternational, PurolatorExpressInternational9AM, PurolatorExpressInternational10:30AM, PurolatorExpressInternational12PM, PurolatorExpressEnvelopeInternational, PurolatorExpressEnvelopeInternational9AM, PurolatorExpressEnvelopeInternational10:30AM, PurolatorExpressEnvelopeInternational12PM, PurolatorExpressPackInternational, PurolatorExpressPackInternational9AM, PurolatorExpressPackInternational10:30AM, PurolatorExpressPackInternational12PM, PurolatorExpressBoxInternational, PurolatorExpressBoxInternational9AM, PurolatorExpressBoxInternational10:30AM, PurolatorExpressBoxInternational12PM, PurolatorQuickShip, PurolatorStandard."
2026-10-06T09:39:33,Certification,REST,runs/cert-products.yaml,156,PRODUCT · PurolatorExpressBoxInternational,POST,shipapi-stg.dsc-nonprod.aws-purolator.com/ship/v1/shipment,200,806,"2xx, no errors",True,760068289593,
2026-10-06T09:39:33,Certification,REST,runs/cert-products.yaml,157,PRODUCT · PurolatorExpressBoxInternational · FR,POST,shipapi-stg.dsc-nonprod.aws-purolator.com/ship/v1/shipment,200,828,"2xx, no errors",True,760068289601,
2026-10-06T09:39:33,Certification,REST,runs/cert-products.yaml,158,PRODUCT · PurolatorExpressInternationalBox9AM,POST,shipapi-stg.dsc-nonprod.aws-purolator.com/ship/v1/shipment,400,121,"2xx, no errors",False,,"9001-51 Outbound: Invalid service id: 'PurolatorExpressInternationalBox9AM'. Valid values are: PurolatorExpress, PurolatorExpress9AM, PurolatorExpress10:30AM, PurolatorExpress12PM, PurolatorExpressEvening, PurolatorExpressEnvelope, PurolatorExpressEnvelope9AM, PurolatorExpressEnvelope10:30AM, PurolatorExpressEnvelope12PM,  PurolatorExpressEnvelopeEvening, PurolatorExpressPack, PurolatorExpressPack9AM, PurolatorExpressPack10:30AM, PurolatorExpressPack12PM, PurolatorExpressPackEvening, PurolatorExpressBox, PurolatorExpressBox9AM, PurolatorExpressBox10:30AM, PurolatorExpressBox12PM, PurolatorExpressBoxEvening, PurolatorGround, PurolatorGround9AM, PurolatorGround10:30AM, PurolatorGroundEvening, PurolatorExpressU.S., PurolatorExpressU.S.9AM, PurolatorExpressU.S.10:30AM, PurolatorExpressU.S.12PM, PurolatorExpressEnvelopeU.S., PurolatorExpressEnvelopeU.S.9AM, PurolatorExpressEnvelopeU.S.10:30AM, PurolatorExpressEnvelopeU.S.12PM, PurolatorExpressPackU.S., PurolatorExpressPackU.S.9AM, PurolatorExpressPackU.S.10:30AM, PurolatorExpressPackU.S.12PM, PurolatorExpressBoxU.S., PurolatorExpressBoxU.S.9AM, PurolatorExpressBoxU.S.10:30AM, PurolatorExpressBoxU.S.12PM, PurolatorGroundU.S., PurolatorExpressInternational, PurolatorExpressInternational9AM, PurolatorExpressInternational10:30AM, PurolatorExpressInternational12PM, PurolatorExpressEnvelopeInternational, PurolatorExpressEnvelopeInternational9AM, PurolatorExpressEnvelopeInternational10:30AM, PurolatorExpressEnvelopeInternational12PM, PurolatorExpressPackInternational, PurolatorExpressPackInternational9AM, PurolatorExpressPackInternational10:30AM, PurolatorExpressPackInternational12PM, PurolatorExpressBoxInternational, PurolatorExpressBoxInternational9AM, PurolatorExpressBoxInternational10:30AM, PurolatorExpressBoxInternational12PM, PurolatorQuickShip, PurolatorStandard."
2026-10-06T09:39:33,Certification,REST,runs/cert-products.yaml,159,PRODUCT · PurolatorExpressInternationalBox9AM · FR,POST,shipapi-stg.dsc-nonprod.aws-purolator.com/ship/v1/shipment,400,214,"2xx, no errors",False,,"9001-51 Sortant: Le service est invalide: 'PurolatorExpressInternationalBox9AM'. Les valeurs valides sont: PurolatorExpress, PurolatorExpress9AM, PurolatorExpress10:30AM, PurolatorExpress12PM, PurolatorExpressEvening, PurolatorExpressEnvelope, PurolatorExpressEnvelope9AM, PurolatorExpressEnvelope10:30AM, PurolatorExpressEnvelope12PM,  PurolatorExpressEnvelopeEvening, PurolatorExpressPack, PurolatorExpressPack9AM, PurolatorExpressPack10:30AM, PurolatorExpressPack12PM, PurolatorExpressPackEvening, PurolatorExpressBox, PurolatorExpressBox9AM, PurolatorExpressBox10:30AM, PurolatorExpressBox12PM, PurolatorExpressBoxEvening, PurolatorGround, PurolatorGround9AM, PurolatorGround10:30AM, PurolatorGroundEvening, PurolatorExpressU.S., PurolatorExpressU.S.9AM, PurolatorExpressU.S.10:30AM, PurolatorExpressU.S.12PM, PurolatorExpressEnvelopeU.S., PurolatorExpressEnvelopeU.S.9AM, PurolatorExpressEnvelopeU.S.10:30AM, PurolatorExpressEnvelopeU.S.12PM, PurolatorExpressPackU.S., PurolatorExpressPackU.S.9AM, PurolatorExpressPackU.S.10:30AM, PurolatorExpressPackU.S.12PM, PurolatorExpressBoxU.S., PurolatorExpressBoxU.S.9AM, PurolatorExpressBoxU.S.10:30AM, PurolatorExpressBoxU.S.12PM, PurolatorGroundU.S., PurolatorExpressInternational, PurolatorExpressInternational9AM, PurolatorExpressInternational10:30AM, PurolatorExpressInternational12PM, PurolatorExpressEnvelopeInternational, PurolatorExpressEnvelopeInternational9AM, PurolatorExpressEnvelopeInternational10:30AM, PurolatorExpressEnvelopeInternational12PM, PurolatorExpressPackInternational, PurolatorExpressPackInternational9AM, PurolatorExpressPackInternational10:30AM, PurolatorExpressPackInternational12PM, PurolatorExpressBoxInternational, PurolatorExpressBoxInternational9AM, PurolatorExpressBoxInternational10:30AM, PurolatorExpressBoxInternational12PM, PurolatorQuickShip, PurolatorStandard."
2026-10-06T09:39:33,Certification,REST,runs/cert-products.yaml,160,PRODUCT · PurolatorExpressInternationalBox1030AM,POST,shipapi-stg.dsc-nonprod.aws-purolator.com/ship/v1/shipment,400,215,"2xx, no errors",False,,"9001-51 Outbound: Invalid service id: 'PurolatorExpressInternationalBox10:30AM'. Valid values are: PurolatorExpress, PurolatorExpress9AM, PurolatorExpress10:30AM, PurolatorExpress12PM, PurolatorExpressEvening, PurolatorExpressEnvelope, PurolatorExpressEnvelope9AM, PurolatorExpressEnvelope10:30AM, PurolatorExpressEnvelope12PM,  PurolatorExpressEnvelopeEvening, PurolatorExpressPack, PurolatorExpressPack9AM, PurolatorExpressPack10:30AM, PurolatorExpressPack12PM, PurolatorExpressPackEvening, PurolatorExpressBox, PurolatorExpressBox9AM, PurolatorExpressBox10:30AM, PurolatorExpressBox12PM, PurolatorExpressBoxEvening, PurolatorGround, PurolatorGround9AM, PurolatorGround10:30AM, PurolatorGroundEvening, PurolatorExpressU.S., PurolatorExpressU.S.9AM, PurolatorExpressU.S.10:30AM, PurolatorExpressU.S.12PM, PurolatorExpressEnvelopeU.S., PurolatorExpressEnvelopeU.S.9AM, PurolatorExpressEnvelopeU.S.10:30AM, PurolatorExpressEnvelopeU.S.12PM, PurolatorExpressPackU.S., PurolatorExpressPackU.S.9AM, PurolatorExpressPackU.S.10:30AM, PurolatorExpressPackU.S.12PM, PurolatorExpressBoxU.S., PurolatorExpressBoxU.S.9AM, PurolatorExpressBoxU.S.10:30AM, PurolatorExpressBoxU.S.12PM, PurolatorGroundU.S., PurolatorExpressInternational, PurolatorExpressInternational9AM, PurolatorExpressInternational10:30AM, PurolatorExpressInternational12PM, PurolatorExpressEnvelopeInternational, PurolatorExpressEnvelopeInternational9AM, PurolatorExpressEnvelopeInternational10:30AM, PurolatorExpressEnvelopeInternational12PM, PurolatorExpressPackInternational, PurolatorExpressPackInternational9AM, PurolatorExpressPackInternational10:30AM, PurolatorExpressPackInternational12PM, PurolatorExpressBoxInternational, PurolatorExpressBoxInternational9AM, PurolatorExpressBoxInternational10:30AM, PurolatorExpressBoxInternational12PM, PurolatorQuickShip, PurolatorStandard."
2026-10-06T09:39:33,Certification,REST,runs/cert-products.yaml,161,PRODUCT · PurolatorExpressInternationalBox1030AM · FR,POST,shipapi-stg.dsc-nonprod.aws-purolator.com/ship/v1/shipment,400,204,"2xx, no errors",False,,"9001-51 Sortant: Le service est invalide: 'PurolatorExpressInternationalBox10:30AM'. Les valeurs valides sont: PurolatorExpress, PurolatorExpress9AM, PurolatorExpress10:30AM, PurolatorExpress12PM, PurolatorExpressEvening, PurolatorExpressEnvelope, PurolatorExpressEnvelope9AM, PurolatorExpressEnvelope10:30AM, PurolatorExpressEnvelope12PM,  PurolatorExpressEnvelopeEvening, PurolatorExpressPack, PurolatorExpressPack9AM, PurolatorExpressPack10:30AM, PurolatorExpressPack12PM, PurolatorExpressPackEvening, PurolatorExpressBox, PurolatorExpressBox9AM, PurolatorExpressBox10:30AM, PurolatorExpressBox12PM, PurolatorExpressBoxEvening, PurolatorGround, PurolatorGround9AM, PurolatorGround10:30AM, PurolatorGroundEvening, PurolatorExpressU.S., PurolatorExpressU.S.9AM, PurolatorExpressU.S.10:30AM, PurolatorExpressU.S.12PM, PurolatorExpressEnvelopeU.S., PurolatorExpressEnvelopeU.S.9AM, PurolatorExpressEnvelopeU.S.10:30AM, PurolatorExpressEnvelopeU.S.12PM, PurolatorExpressPackU.S., PurolatorExpressPackU.S.9AM, PurolatorExpressPackU.S.10:30AM, PurolatorExpressPackU.S.12PM, PurolatorExpressBoxU.S., PurolatorExpressBoxU.S.9AM, PurolatorExpressBoxU.S.10:30AM, PurolatorExpressBoxU.S.12PM, PurolatorGroundU.S., PurolatorExpressInternational, PurolatorExpressInternational9AM, PurolatorExpressInternational10:30AM, PurolatorExpressInternational12PM, PurolatorExpressEnvelopeInternational, PurolatorExpressEnvelopeInternational9AM, PurolatorExpressEnvelopeInternational10:30AM, PurolatorExpressEnvelopeInternational12PM, PurolatorExpressPackInternational, PurolatorExpressPackInternational9AM, PurolatorExpressPackInternational10:30AM, PurolatorExpressPackInternational12PM, PurolatorExpressBoxInternational, PurolatorExpressBoxInternational9AM, PurolatorExpressBoxInternational10:30AM, PurolatorExpressBoxInternational12PM, PurolatorQuickShip, PurolatorStandard."
2026-10-06T09:39:33,Certification,REST,runs/cert-products.yaml,162,PRODUCT · PurolatorExpressInternationalBox1200,POST,shipapi-stg.dsc-nonprod.aws-purolator.com/ship/v1/shipment,400,211,"2xx, no errors",False,,"9001-51 Outbound: Invalid service id: 'PurolatorExpressInternationalBox12:00'. Valid values are: PurolatorExpress, PurolatorExpress9AM, PurolatorExpress10:30AM, PurolatorExpress12PM, PurolatorExpressEvening, PurolatorExpressEnvelope, PurolatorExpressEnvelope9AM, PurolatorExpressEnvelope10:30AM, PurolatorExpressEnvelope12PM,  PurolatorExpressEnvelopeEvening, PurolatorExpressPack, PurolatorExpressPack9AM, PurolatorExpressPack10:30AM, PurolatorExpressPack12PM, PurolatorExpressPackEvening, PurolatorExpressBox, PurolatorExpressBox9AM, PurolatorExpressBox10:30AM, PurolatorExpressBox12PM, PurolatorExpressBoxEvening, PurolatorGround, PurolatorGround9AM, PurolatorGround10:30AM, PurolatorGroundEvening, PurolatorExpressU.S., PurolatorExpressU.S.9AM, PurolatorExpressU.S.10:30AM, PurolatorExpressU.S.12PM, PurolatorExpressEnvelopeU.S., PurolatorExpressEnvelopeU.S.9AM, PurolatorExpressEnvelopeU.S.10:30AM, PurolatorExpressEnvelopeU.S.12PM, PurolatorExpressPackU.S., PurolatorExpressPackU.S.9AM, PurolatorExpressPackU.S.10:30AM, PurolatorExpressPackU.S.12PM, PurolatorExpressBoxU.S., PurolatorExpressBoxU.S.9AM, PurolatorExpressBoxU.S.10:30AM, PurolatorExpressBoxU.S.12PM, PurolatorGroundU.S., PurolatorExpressInternational, PurolatorExpressInternational9AM, PurolatorExpressInternational10:30AM, PurolatorExpressInternational12PM, PurolatorExpressEnvelopeInternational, PurolatorExpressEnvelopeInternational9AM, PurolatorExpressEnvelopeInternational10:30AM, PurolatorExpressEnvelopeInternational12PM, PurolatorExpressPackInternational, PurolatorExpressPackInternational9AM, PurolatorExpressPackInternational10:30AM, PurolatorExpressPackInternational12PM, PurolatorExpressBoxInternational, PurolatorExpressBoxInternational9AM, PurolatorExpressBoxInternational10:30AM, PurolatorExpressBoxInternational12PM, PurolatorQuickShip, PurolatorStandard."
2026-10-06T09:39:33,Certification,REST,runs/cert-products.yaml,163,PRODUCT · PurolatorExpressInternationalBox1200 · FR,POST,shipapi-stg.dsc-nonprod.aws-purolator.com/ship/v1/shipment,400,218,"2xx, no errors",False,,"9001-51 Sortant: Le service est invalide: 'PurolatorExpressInternationalBox12:00'. Les valeurs valides sont: PurolatorExpress, PurolatorExpress9AM, PurolatorExpress10:30AM, PurolatorExpress12PM, PurolatorExpressEvening, PurolatorExpressEnvelope, PurolatorExpressEnvelope9AM, PurolatorExpressEnvelope10:30AM, PurolatorExpressEnvelope12PM,  PurolatorExpressEnvelopeEvening, PurolatorExpressPack, PurolatorExpressPack9AM, PurolatorExpressPack10:30AM, PurolatorExpressPack12PM, PurolatorExpressPackEvening, PurolatorExpressBox, PurolatorExpressBox9AM, PurolatorExpressBox10:30AM, PurolatorExpressBox12PM, PurolatorExpressBoxEvening, PurolatorGround, PurolatorGround9AM, PurolatorGround10:30AM, PurolatorGroundEvening, PurolatorExpressU.S., PurolatorExpressU.S.9AM, PurolatorExpressU.S.10:30AM, PurolatorExpressU.S.12PM, PurolatorExpressEnvelopeU.S., PurolatorExpressEnvelopeU.S.9AM, PurolatorExpressEnvelopeU.S.10:30AM, PurolatorExpressEnvelopeU.S.12PM, PurolatorExpressPackU.S., PurolatorExpressPackU.S.9AM, PurolatorExpressPackU.S.10:30AM, PurolatorExpressPackU.S.12PM, PurolatorExpressBoxU.S., PurolatorExpressBoxU.S.9AM, PurolatorExpressBoxU.S.10:30AM, PurolatorExpressBoxU.S.12PM, PurolatorGroundU.S., PurolatorExpressInternational, PurolatorExpressInternational9AM, PurolatorExpressInternational10:30AM, PurolatorExpressInternational12PM, PurolatorExpressEnvelopeInternational, PurolatorExpressEnvelopeInternational9AM, PurolatorExpressEnvelopeInternational10:30AM, PurolatorExpressEnvelopeInternational12PM, PurolatorExpressPackInternational, PurolatorExpressPackInternational9AM, PurolatorExpressPackInternational10:30AM, PurolatorExpressPackInternational12PM, PurolatorExpressBoxInternational, PurolatorExpressBoxInternational9AM, PurolatorExpressBoxInternational10:30AM, PurolatorExpressBoxInternational12PM, PurolatorQuickShip, PurolatorStandard."
2026-10-06T09:39:33,Certification,REST,runs/cert-products.yaml,164,PRODUCT · PurolatorExpressInternational,POST,shipapi-stg.dsc-nonprod.aws-purolator.com/ship/v1/shipment,200,876,"2xx, no errors",True,760068289619,
2026-10-06T09:39:33,Certification,REST,runs/cert-products.yaml,165,PRODUCT · PurolatorExpressInternational · FR,POST,shipapi-stg.dsc-nonprod.aws-purolator.com/ship/v1/shipment,200,830,"2xx, no errors",True,760068289627,
2026-10-06T09:39:33,Certification,REST,runs/cert-products.yaml,166,PRODUCT · PurolatorExpressInternational9AM,POST,shipapi-stg.dsc-nonprod.aws-purolator.com/ship/v1/shipment,400,325,"2xx, no errors",False,,9001-99 Outbound: 'PurolatorExpressInternational9AM' is invalid.
2026-10-06T09:39:33,Certification,REST,runs/cert-products.yaml,167,PRODUCT · PurolatorExpressInternational9AM · FR,POST,shipapi-stg.dsc-nonprod.aws-purolator.com/ship/v1/shipment,400,351,"2xx, no errors",False,,9001-99 Sortant: 'PurolatorExpressInternational9AM' est invalide.
2026-10-06T09:39:33,Certification,REST,runs/cert-products.yaml,168,PRODUCT · PurolatorExpressInternational1030AM,POST,shipapi-stg.dsc-nonprod.aws-purolator.com/ship/v1/shipment,400,566,"2xx, no errors",False,,9001-99 Outbound: 'PurolatorExpressInternational10:30AM' is invalid.
2026-10-06T09:39:33,Certification,REST,runs/cert-products.yaml,169,PRODUCT · PurolatorExpressInternational1030AM · FR,POST,shipapi-stg.dsc-nonprod.aws-purolator.com/ship/v1/shipment,400,359,"2xx, no errors",False,,9001-99 Sortant: 'PurolatorExpressInternational10:30AM' est invalide.
2026-10-06T09:39:33,Certification,REST,runs/cert-products.yaml,170,PRODUCT · PurolatorExpressInternational12PM,POST,shipapi-stg.dsc-nonprod.aws-purolator.com/ship/v1/shipment,200,829,"2xx, no errors",True,760068289635,
2026-10-06T09:39:33,Certification,REST,runs/cert-products.yaml,171,PRODUCT · PurolatorExpressInternational12PM · FR,POST,shipapi-stg.dsc-nonprod.aws-purolator.com/ship/v1/shipment,200,883,"2xx, no errors",True,760068289643,
2026-10-06T09:39:33,Certification,REST,runs/cert-products.yaml,172,PRODUCT · PurolatorExpressEnvelopeInternational,POST,shipapi-stg.dsc-nonprod.aws-purolator.com/ship/v1/shipment,200,733,"2xx, no errors",True,760068289650,
2026-10-06T09:39:33,Certification,REST,runs/cert-products.yaml,173,PRODUCT · PurolatorExpressEnvelopeInternational · FR,POST,shipapi-stg.dsc-nonprod.aws-purolator.com/ship/v1/shipment,200,867,"2xx, no errors",True,760068289668,
2026-10-06T09:39:33,Certification,REST,runs/cert-products.yaml,174,PRODUCT · PurolatorExpressEnvelopeInternational9AM,POST,shipapi-stg.dsc-nonprod.aws-purolator.com/ship/v1/shipment,400,348,"2xx, no errors",False,,9001-99 Outbound: 'PurolatorExpressInternationalEnvelope9AM' is invalid.
2026-10-06T09:39:33,Certification,REST,runs/cert-products.yaml,175,PRODUCT · PurolatorExpressEnvelopeInternational9AM · FR,POST,shipapi-stg.dsc-nonprod.aws-purolator.com/ship/v1/shipment,400,463,"2xx, no errors",False,,9001-99 Sortant: 'PurolatorExpressInternationalEnvelope9AM' est invalide.
2026-10-06T09:39:33,Certification,REST,runs/cert-products.yaml,176,PRODUCT · PurolatorExpressEnvelopeInternational1030AM,POST,shipapi-stg.dsc-nonprod.aws-purolator.com/ship/v1/shipment,400,445,"2xx, no errors",False,,9001-99 Outbound: 'PurolatorExpressInternationalEnvelope10:30AM' is invalid.
2026-10-06T09:39:33,Certification,REST,runs/cert-products.yaml,177,PRODUCT · PurolatorExpressEnvelopeInternational1030AM · FR,POST,shipapi-stg.dsc-nonprod.aws-purolator.com/ship/v1/shipment,400,443,"2xx, no errors",False,,9001-99 Sortant: 'PurolatorExpressInternationalEnvelope10:30AM' est invalide.
2026-10-06T09:39:33,Certification,REST,runs/cert-products.yaml,178,PRODUCT · PurolatorExpressEnvelopeInternational12PM,POST,shipapi-stg.dsc-nonprod.aws-purolator.com/ship/v1/shipment,200,730,"2xx, no errors",True,760068289676,
2026-10-06T09:39:33,Certification,REST,runs/cert-products.yaml,179,PRODUCT · PurolatorExpressEnvelopeInternational12PM · FR,POST,shipapi-stg.dsc-nonprod.aws-purolator.com/ship/v1/shipment,200,843,"2xx, no errors",True,760068289684,
2026-10-06T09:39:33,Certification,REST,runs/cert-products.yaml,180,PRODUCT · PurolatorExpressPackInternational,POST,shipapi-stg.dsc-nonprod.aws-purolator.com/ship/v1/shipment,200,892,"2xx, no errors",True,760068289692,
2026-10-06T09:39:33,Certification,REST,runs/cert-products.yaml,181,PRODUCT · PurolatorExpressPackInternational · FR,POST,shipapi-stg.dsc-nonprod.aws-purolator.com/ship/v1/shipment,200,815,"2xx, no errors",True,760068289700,
2026-10-06T09:39:33,Certification,REST,runs/cert-products.yaml,182,PRODUCT · PurolatorExpressPackInternational9AM,POST,shipapi-stg.dsc-nonprod.aws-purolator.com/ship/v1/shipment,400,514,"2xx, no errors",False,,9001-99 Outbound: 'PurolatorExpressInternationalPack9AM' is invalid.
2026-10-06T09:39:33,Certification,REST,runs/cert-products.yaml,183,PRODUCT · PurolatorExpressPackInternational9AM · FR,POST,shipapi-stg.dsc-nonprod.aws-purolator.com/ship/v1/shipment,400,342,"2xx, no errors",False,,9001-99 Sortant: 'PurolatorExpressInternationalPack9AM' est invalide.
2026-10-06T09:39:33,Certification,REST,runs/cert-products.yaml,184,PRODUCT · PurolatorExpressPackInternational1030AM,POST,shipapi-stg.dsc-nonprod.aws-purolator.com/ship/v1/shipment,400,441,"2xx, no errors",False,,9001-99 Outbound: 'PurolatorExpressInternationalPack10:30AM' is invalid.
2026-10-06T09:39:33,Certification,REST,runs/cert-products.yaml,185,PRODUCT · PurolatorExpressPackInternational1030AM · FR,POST,shipapi-stg.dsc-nonprod.aws-purolator.com/ship/v1/shipment,400,322,"2xx, no errors",False,,9001-99 Sortant: 'PurolatorExpressInternationalPack10:30AM' est invalide.
2026-10-06T09:39:33,Certification,REST,runs/cert-products.yaml,186,PRODUCT · PurolatorExpressPackInternational12PM,POST,shipapi-stg.dsc-nonprod.aws-purolator.com/ship/v1/shipment,200,833,"2xx, no errors",True,760068289718,
2026-10-06T09:39:33,Certification,REST,runs/cert-products.yaml,187,PRODUCT · PurolatorExpressPackInternational12PM · FR,POST,shipapi-stg.dsc-nonprod.aws-purolator.com/ship/v1/shipment,200,771,"2xx, no errors",True,760068289726,
2026-10-06T09:39:33,Certification,REST,runs/cert-products.yaml,188,PRODUCT · PurolatorExpressBoxInternational,POST,shipapi-stg.dsc-nonprod.aws-purolator.com/ship/v1/shipment,200,829,"2xx, no errors",True,760068289734,
2026-10-06T09:39:33,Certification,REST,runs/cert-products.yaml,189,PRODUCT · PurolatorExpressBoxInternational · FR,POST,shipapi-stg.dsc-nonprod.aws-purolator.com/ship/v1/shipment,200,825,"2xx, no errors",True,760068289742,
2026-10-06T09:39:33,Certification,REST,runs/cert-products.yaml,190,PRODUCT · PurolatorExpressBoxInternational9AM,POST,shipapi-stg.dsc-nonprod.aws-purolator.com/ship/v1/shipment,400,464,"2xx, no errors",False,,9001-99 Outbound: 'PurolatorExpressInternationalBox9AM' is invalid.
2026-10-06T09:39:33,Certification,REST,runs/cert-products.yaml,191,PRODUCT · PurolatorExpressBoxInternational9AM · FR,POST,shipapi-stg.dsc-nonprod.aws-purolator.com/ship/v1/shipment,400,528,"2xx, no errors",False,,9001-99 Sortant: 'PurolatorExpressInternationalBox9AM' est invalide.
2026-10-06T09:39:33,Certification,REST,runs/cert-products.yaml,192,PRODUCT · PurolatorExpressBoxInternational1030AM,POST,shipapi-stg.dsc-nonprod.aws-purolator.com/ship/v1/shipment,400,478,"2xx, no errors",False,,9001-99 Outbound: 'PurolatorExpressInternationalBox10:30AM' is invalid.
2026-10-06T09:39:33,Certification,REST,runs/cert-products.yaml,193,PRODUCT · PurolatorExpressBoxInternational1030AM · FR,POST,shipapi-stg.dsc-nonprod.aws-purolator.com/ship/v1/shipment,400,452,"2xx, no errors",False,,9001-99 Sortant: 'PurolatorExpressInternationalBox10:30AM' est invalide.
2026-10-06T09:39:33,Certification,REST,runs/cert-products.yaml,194,PRODUCT · PurolatorExpressBoxInternational12PM,POST,shipapi-stg.dsc-nonprod.aws-purolator.com/ship/v1/shipment,200,861,"2xx, no errors",True,760068289759,
2026-10-06T09:39:33,Certification,REST,runs/cert-products.yaml,195,PRODUCT · PurolatorExpressBoxInternational12PM · FR,POST,shipapi-stg.dsc-nonprod.aws-purolator.com/ship/v1/shipment,200,816,"2xx, no errors",True,760068289767,
2026-10-06T09:39:33,Certification,REST,runs/cert-payment.yaml,1,AUTH · OKTA Token,POST,shipapi-stg.dsc-nonprod.aws-purolator.com/auth/v1/token,200,830,"2xx, no errors",True,,
2026-10-06T09:39:33,Certification,REST,runs/cert-payment.yaml,2,PAY · Sender · PurolatorExpress,POST,shipapi-stg.dsc-nonprod.aws-purolator.com/ship/v1/shipment,200,878,"2xx, no errors",True,760068289775,
2026-10-06T09:39:33,Certification,REST,runs/cert-payment.yaml,3,PAY · Sender · PurolatorExpress · FR,POST,shipapi-stg.dsc-nonprod.aws-purolator.com/ship/v1/shipment,200,950,"2xx, no errors",True,760068289783,
2026-10-06T09:39:33,Certification,REST,runs/cert-payment.yaml,4,PAY · ThirdParty · PurolatorExpress,POST,shipapi-stg.dsc-nonprod.aws-purolator.com/ship/v1/shipment,200,829,"2xx, no errors",True,760068289791,
2026-10-06T09:39:33,Certification,REST,runs/cert-payment.yaml,5,PAY · ThirdParty · PurolatorExpress · FR,POST,shipapi-stg.dsc-nonprod.aws-purolator.com/ship/v1/shipment,200,1004,"2xx, no errors",True,760068289809,
2026-10-06T09:39:33,Certification,REST,runs/cert-payment.yaml,6,PAY · Receiver · PurolatorExpress,POST,shipapi-stg.dsc-nonprod.aws-purolator.com/ship/v1/shipment,200,831,"2xx, no errors",True,760068289817,
2026-10-06T09:39:33,Certification,REST,runs/cert-payment.yaml,7,PAY · Receiver · PurolatorExpress · FR,POST,shipapi-stg.dsc-nonprod.aws-purolator.com/ship/v1/shipment,200,841,"2xx, no errors",True,760068289825,
2026-10-06T09:39:33,Certification,REST,runs/cert-payment.yaml,8,PAY · Sender · PurolatorGround,POST,shipapi-stg.dsc-nonprod.aws-purolator.com/ship/v1/shipment,200,997,"2xx, no errors",True,760068289833,
2026-10-06T09:39:33,Certification,REST,runs/cert-payment.yaml,9,PAY · Sender · PurolatorGround · FR,POST,shipapi-stg.dsc-nonprod.aws-purolator.com/ship/v1/shipment,200,991,"2xx, no errors",True,760068289841,
2026-10-06T09:39:33,Certification,REST,runs/cert-payment.yaml,10,PAY · ThirdParty · PurolatorGround,POST,shipapi-stg.dsc-nonprod.aws-purolator.com/ship/v1/shipment,200,908,"2xx, no errors",True,760068289858,
2026-10-06T09:39:33,Certification,REST,runs/cert-payment.yaml,11,PAY · ThirdParty · PurolatorGround · FR,POST,shipapi-stg.dsc-nonprod.aws-purolator.com/ship/v1/shipment,200,905,"2xx, no errors",True,760068289866,
2026-10-06T09:39:33,Certification,REST,runs/cert-payment.yaml,12,PAY · Receiver · PurolatorGround,POST,shipapi-stg.dsc-nonprod.aws-purolator.com/ship/v1/shipment,200,869,"2xx, no errors",True,760068289874,
2026-10-06T09:39:33,Certification,REST,runs/cert-payment.yaml,13,PAY · Receiver · PurolatorGround · FR,POST,shipapi-stg.dsc-nonprod.aws-purolator.com/ship/v1/shipment,200,950,"2xx, no errors",True,760068289882,
2026-10-06T09:39:33,Certification,REST,runs/cert-documents.yaml,1,AUTH · OKTA Token,POST,shipapi-stg.dsc-nonprod.aws-purolator.com/auth/v1/token,200,704,"2xx, no errors",True,,
2026-10-06T09:39:33,Certification,REST,runs/cert-documents.yaml,2,SHIP · Domestic · Dangerous Goods Declaration,POST,shipapi-stg.dsc-nonprod.aws-purolator.com/ship/v1/shipment,200,1029,"2xx, no errors",True,,
2026-10-06T09:39:33,Certification,REST,runs/cert-documents.yaml,3,SHIP · Domestic · Dangerous Goods Declaration · FR,POST,shipapi-stg.dsc-nonprod.aws-purolator.com/ship/v1/shipment,200,842,"2xx, no errors",True,,
2026-10-06T09:39:33,Certification,REST,runs/cert-documents.yaml,4,SHIP · Domestic · Chain of Signature,POST,shipapi-stg.dsc-nonprod.aws-purolator.com/ship/v1/shipment,400,530,"2xx, no errors",False,,9001-153 Outbound: ChainOfSignature is not valid for this shipment.
2026-10-06T09:39:33,Certification,REST,runs/cert-documents.yaml,5,SHIP · Domestic · Chain of Signature · FR,POST,shipapi-stg.dsc-nonprod.aws-purolator.com/ship/v1/shipment,400,525,"2xx, no errors",False,,9001-153 Sortant: ChainOfSignature n’est pas valide pour cet envoi.
2026-10-06T09:39:33,Certification,REST,runs/cert-documents.yaml,6,SHIP · Domestic · Express Cheque + Return Label,POST,shipapi-stg.dsc-nonprod.aws-purolator.com/ship/v1/shipment,400,109,"2xx, no errors",False,,9001-321 Express Cheque Shipments/Functionality NOT available currently.
2026-10-06T09:39:33,Certification,REST,runs/cert-documents.yaml,7,SHIP · Domestic · Express Cheque,POST,shipapi-stg.dsc-nonprod.aws-purolator.com/ship/v1/shipment,400,206,"2xx, no errors",False,,9001-321 Express Cheque Shipments/Functionality NOT available currently.
2026-10-06T09:39:33,Certification,REST,runs/cert-documents.yaml,8,SHIP · Domestic · Express Cheque · FR,POST,shipapi-stg.dsc-nonprod.aws-purolator.com/ship/v1/shipment,400,220,"2xx, no errors",False,,"9001-321 Envois Express Chèque, fonctionnalité non offerte pour le moment."
2026-10-06T09:39:33,Certification,REST,runs/cert-documents.yaml,9,SEED · DOM · ZPL · Thermal · BASE64,POST,shipapi-stg.dsc-nonprod.aws-purolator.com/ship/v1/shipment,200,914,"2xx, no errors",True,760068289916,
2026-10-06T09:39:33,Certification,REST,runs/cert-documents.yaml,10,SEED · DOM · ZPL · Thermal · BASE64 · FR,POST,shipapi-stg.dsc-nonprod.aws-purolator.com/ship/v1/shipment,200,864,"2xx, no errors",True,760068289924,
2026-10-06T09:39:33,Certification,REST,runs/cert-documents.yaml,11,SEED · DOM · ZPL · Thermal · URL,POST,shipapi-stg.dsc-nonprod.aws-purolator.com/ship/v1/shipment,200,889,"2xx, no errors",True,760068289932,
2026-10-06T09:39:33,Certification,REST,runs/cert-documents.yaml,12,SEED · DOM · ZPL · Thermal · URL · FR,POST,shipapi-stg.dsc-nonprod.aws-purolator.com/ship/v1/shipment,200,914,"2xx, no errors",True,760068289940,
2026-10-06T09:39:33,Certification,REST,runs/cert-documents.yaml,13,SEED · DOM · ZPL · Thermal · STRING,POST,shipapi-stg.dsc-nonprod.aws-purolator.com/ship/v1/shipment,200,1006,"2xx, no errors",True,760068289957,
2026-10-06T09:39:33,Certification,REST,runs/cert-documents.yaml,14,SEED · DOM · ZPL · Thermal · STRING · FR,POST,shipapi-stg.dsc-nonprod.aws-purolator.com/ship/v1/shipment,200,934,"2xx, no errors",True,760068289965,
2026-10-06T09:39:33,Certification,REST,runs/cert-documents.yaml,15,SEED · DOM · PDF · Laser · BASE64,POST,shipapi-stg.dsc-nonprod.aws-purolator.com/ship/v1/shipment,200,840,"2xx, no errors",True,,
2026-10-06T09:39:33,Certification,REST,runs/cert-documents.yaml,16,SEED · DOM · PDF · Laser · BASE64 · FR,POST,shipapi-stg.dsc-nonprod.aws-purolator.com/ship/v1/shipment,200,940,"2xx, no errors",True,,
2026-10-06T09:39:33,Certification,REST,runs/cert-documents.yaml,17,SEED · DOM · PDF · Laser · URL,POST,shipapi-stg.dsc-nonprod.aws-purolator.com/ship/v1/shipment,200,860,"2xx, no errors",True,,
2026-10-06T09:39:33,Certification,REST,runs/cert-documents.yaml,18,SEED · DOM · PDF · Laser · URL · FR,POST,shipapi-stg.dsc-nonprod.aws-purolator.com/ship/v1/shipment,200,835,"2xx, no errors",True,,
2026-10-06T09:39:33,Certification,REST,runs/cert-documents.yaml,19,SEED · DOM · PDF · Laser · STRING,POST,shipapi-stg.dsc-nonprod.aws-purolator.com/ship/v1/shipment,200,878,"2xx, no errors",True,,
2026-10-06T09:39:33,Certification,REST,runs/cert-documents.yaml,20,SEED · DOM · PDF · Laser · STRING · FR,POST,shipapi-stg.dsc-nonprod.aws-purolator.com/ship/v1/shipment,200,816,"2xx, no errors",True,,
2026-10-06T09:39:33,Certification,REST,runs/cert-documents.yaml,21,SEED · US · ZPL · Thermal · BASE64,POST,shipapi-stg.dsc-nonprod.aws-purolator.com/ship/v1/shipment,200,781,"2xx, no errors",True,760068290039,
2026-10-06T09:39:33,Certification,REST,runs/cert-documents.yaml,22,SEED · US · ZPL · Thermal · BASE64 · FR,POST,shipapi-stg.dsc-nonprod.aws-purolator.com/ship/v1/shipment,200,760,"2xx, no errors",True,760068290047,
2026-10-06T09:39:33,Certification,REST,runs/cert-documents.yaml,23,SEED · US · ZPL · Thermal · URL,POST,shipapi-stg.dsc-nonprod.aws-purolator.com/ship/v1/shipment,200,808,"2xx, no errors",True,760068290054,
2026-10-06T09:39:33,Certification,REST,runs/cert-documents.yaml,24,SEED · US · ZPL · Thermal · URL · FR,POST,shipapi-stg.dsc-nonprod.aws-purolator.com/ship/v1/shipment,200,814,"2xx, no errors",True,760068290062,
2026-10-06T09:39:33,Certification,REST,runs/cert-documents.yaml,25,SEED · US · ZPL · Thermal · STRING,POST,shipapi-stg.dsc-nonprod.aws-purolator.com/ship/v1/shipment,200,814,"2xx, no errors",True,760068290070,
2026-10-06T09:39:33,Certification,REST,runs/cert-documents.yaml,26,SEED · US · ZPL · Thermal · STRING · FR,POST,shipapi-stg.dsc-nonprod.aws-purolator.com/ship/v1/shipment,200,876,"2xx, no errors",True,760068290088,
2026-10-06T09:39:33,Certification,REST,runs/cert-documents.yaml,27,SEED · US · PDF · Laser · BASE64,POST,shipapi-stg.dsc-nonprod.aws-purolator.com/ship/v1/shipment,200,711,"2xx, no errors",True,,
2026-10-06T09:39:33,Certification,REST,runs/cert-documents.yaml,28,SEED · US · PDF · Laser · BASE64 · FR,POST,shipapi-stg.dsc-nonprod.aws-purolator.com/ship/v1/shipment,200,602,"2xx, no errors",True,,
2026-10-06T09:39:33,Certification,REST,runs/cert-documents.yaml,29,SEED · US · PDF · Laser · URL,POST,shipapi-stg.dsc-nonprod.aws-purolator.com/ship/v1/shipment,200,814,"2xx, no errors",True,,
2026-10-06T09:39:33,Certification,REST,runs/cert-documents.yaml,30,SEED · US · PDF · Laser · URL · FR,POST,shipapi-stg.dsc-nonprod.aws-purolator.com/ship/v1/shipment,200,775,"2xx, no errors",True,,
2026-10-06T09:39:33,Certification,REST,runs/cert-documents.yaml,31,SEED · US · PDF · Laser · STRING,POST,shipapi-stg.dsc-nonprod.aws-purolator.com/ship/v1/shipment,200,818,"2xx, no errors",True,,
2026-10-06T09:39:33,Certification,REST,runs/cert-documents.yaml,32,SEED · US · PDF · Laser · STRING · FR,POST,shipapi-stg.dsc-nonprod.aws-purolator.com/ship/v1/shipment,200,783,"2xx, no errors",True,,
2026-10-06T09:39:33,Certification,REST,runs/cert-documents.yaml,33,SEED · INTL · ZPL · Thermal · BASE64,POST,shipapi-stg.dsc-nonprod.aws-purolator.com/ship/v1/shipment,200,836,"2xx, no errors",True,760068290153,
2026-10-06T09:39:33,Certification,REST,runs/cert-documents.yaml,34,SEED · INTL · ZPL · Thermal · BASE64 · FR,POST,shipapi-stg.dsc-nonprod.aws-purolator.com/ship/v1/shipment,200,895,"2xx, no errors",True,760068290161,
2026-10-06T09:39:33,Certification,REST,runs/cert-documents.yaml,35,SEED · INTL · ZPL · Thermal · URL,POST,shipapi-stg.dsc-nonprod.aws-purolator.com/ship/v1/shipment,200,753,"2xx, no errors",True,760068290179,
2026-10-06T09:39:33,Certification,REST,runs/cert-documents.yaml,36,SEED · INTL · ZPL · Thermal · URL · FR,POST,shipapi-stg.dsc-nonprod.aws-purolator.com/ship/v1/shipment,200,957,"2xx, no errors",True,760068290187,
2026-10-06T09:39:33,Certification,REST,runs/cert-documents.yaml,37,SEED · INTL · ZPL · Thermal · STRING,POST,shipapi-stg.dsc-nonprod.aws-purolator.com/ship/v1/shipment,200,825,"2xx, no errors",True,760068290195,
2026-10-06T09:39:33,Certification,REST,runs/cert-documents.yaml,38,SEED · INTL · ZPL · Thermal · STRING · FR,POST,shipapi-stg.dsc-nonprod.aws-purolator.com/ship/v1/shipment,200,846,"2xx, no errors",True,760068290203,
2026-10-06T09:39:33,Certification,REST,runs/cert-documents.yaml,39,SEED · INTL · PDF · Laser · BASE64,POST,shipapi-stg.dsc-nonprod.aws-purolator.com/ship/v1/shipment,200,900,"2xx, no errors",True,,
2026-10-06T09:39:33,Certification,REST,runs/cert-documents.yaml,40,SEED · INTL · PDF · Laser · BASE64 · FR,POST,shipapi-stg.dsc-nonprod.aws-purolator.com/ship/v1/shipment,200,765,"2xx, no errors",True,,
2026-10-06T09:39:33,Certification,REST,runs/cert-documents.yaml,41,SEED · INTL · PDF · Laser · URL,POST,shipapi-stg.dsc-nonprod.aws-purolator.com/ship/v1/shipment,200,803,"2xx, no errors",True,,
2026-10-06T09:39:33,Certification,REST,runs/cert-documents.yaml,42,SEED · INTL · PDF · Laser · URL · FR,POST,shipapi-stg.dsc-nonprod.aws-purolator.com/ship/v1/shipment,200,788,"2xx, no errors",True,,
2026-10-06T09:39:33,Certification,REST,runs/cert-documents.yaml,43,SEED · INTL · PDF · Laser · STRING,POST,shipapi-stg.dsc-nonprod.aws-purolator.com/ship/v1/shipment,200,768,"2xx, no errors",True,,
2026-10-06T09:39:33,Certification,REST,runs/cert-documents.yaml,44,SEED · INTL · PDF · Laser · STRING · FR,POST,shipapi-stg.dsc-nonprod.aws-purolator.com/ship/v1/shipment,200,765,"2xx, no errors",True,,
2026-10-06T09:39:33,Certification,REST,runs/cert-documents.yaml,45,DOC · DOM · DomesticBillOfLadingThermal · ZPL · Thermal · BASE64,POST,shipapi-stg.dsc-nonprod.aws-purolator.com/ship/v1/documents,200,435,"2xx, no errors",True,760068289916,
2026-10-06T09:39:33,Certification,REST,runs/cert-documents.yaml,46,DOC · DOM · DomesticBillOfLadingThermal · ZPL · Thermal · BASE64 · FR,POST,shipapi-stg.dsc-nonprod.aws-purolator.com/ship/v1/documents,200,431,"2xx, no errors",True,760068289924,
2026-10-06T09:39:33,Certification,REST,runs/cert-documents.yaml,47,DOC · DOM · DomesticBillOfLadingThermal · ZPL · Thermal · URL,POST,shipapi-stg.dsc-nonprod.aws-purolator.com/ship/v1/documents,200,416,"2xx, no errors",True,760068289932,
2026-10-06T09:39:33,Certification,REST,runs/cert-documents.yaml,48,DOC · DOM · DomesticBillOfLadingThermal · ZPL · Thermal · URL · FR,POST,shipapi-stg.dsc-nonprod.aws-purolator.com/ship/v1/documents,200,446,"2xx, no errors",True,760068289940,
2026-10-06T09:39:33,Certification,REST,runs/cert-documents.yaml,49,DOC · DOM · DomesticBillOfLadingThermal · ZPL · Thermal · STRING,POST,shipapi-stg.dsc-nonprod.aws-purolator.com/ship/v1/documents,200,450,"2xx, no errors",True,760068289957,
2026-10-06T09:39:33,Certification,REST,runs/cert-documents.yaml,50,DOC · DOM · DomesticBillOfLadingThermal · ZPL · Thermal · STRING · FR,POST,shipapi-stg.dsc-nonprod.aws-purolator.com/ship/v1/documents,200,331,"2xx, no errors",True,760068289965,
2026-10-06T09:39:33,Certification,REST,runs/cert-documents.yaml,51,DOC · DOM · DomesticBillOfLading · PDF · Laser · BASE64,POST,shipapi-stg.dsc-nonprod.aws-purolator.com/ship/v1/documents,200,341,"2xx, no errors",True,760068289973,
2026-10-06T09:39:33,Certification,REST,runs/cert-documents.yaml,52,DOC · DOM · DomesticBillOfLading · PDF · Laser · BASE64 · FR,POST,shipapi-stg.dsc-nonprod.aws-purolator.com/ship/v1/documents,200,383,"2xx, no errors",True,760068289981,
2026-10-06T09:39:33,Certification,REST,runs/cert-documents.yaml,53,DOC · DOM · DomesticBillOfLading · PDF · Laser · URL,POST,shipapi-stg.dsc-nonprod.aws-purolator.com/ship/v1/documents,200,326,"2xx, no errors",True,760068289999,
2026-10-06T09:39:33,Certification,REST,runs/cert-documents.yaml,54,DOC · DOM · DomesticBillOfLading · PDF · Laser · URL · FR,POST,shipapi-stg.dsc-nonprod.aws-purolator.com/ship/v1/documents,200,284,"2xx, no errors",True,760068290005,
2026-10-06T09:39:33,Certification,REST,runs/cert-documents.yaml,55,DOC · DOM · DomesticBillOfLading · PDF · Laser · STRING,POST,shipapi-stg.dsc-nonprod.aws-purolator.com/ship/v1/documents,200,300,"2xx, no errors",True,760068290013,
2026-10-06T09:39:33,Certification,REST,runs/cert-documents.yaml,56,DOC · DOM · DomesticBillOfLading · PDF · Laser · STRING · FR,POST,shipapi-stg.dsc-nonprod.aws-purolator.com/ship/v1/documents,200,289,"2xx, no errors",True,760068290021,
2026-10-06T09:39:33,Certification,REST,runs/cert-documents.yaml,57,DOC · US · InternationalBillOfLadingThermal · ZPL · Thermal · BASE64,POST,shipapi-stg.dsc-nonprod.aws-purolator.com/ship/v1/documents,200,435,"2xx, no errors",True,760068290039,
2026-10-06T09:39:33,Certification,REST,runs/cert-documents.yaml,58,DOC · US · InternationalBillOfLadingThermal · ZPL · Thermal · BASE64 · FR,POST,shipapi-stg.dsc-nonprod.aws-purolator.com/ship/v1/documents,200,334,"2xx, no errors",True,760068290047,
2026-10-06T09:39:33,Certification,REST,runs/cert-documents.yaml,59,DOC · US · CustomsInvoiceThermal · ZPL · Thermal · BASE64,POST,shipapi-stg.dsc-nonprod.aws-purolator.com/ship/v1/documents,400,235,"2xx, no errors",False,,9001-312 Unsupport Document Type.
2026-10-06T09:39:33,Certification,REST,runs/cert-documents.yaml,60,DOC · US · CustomsInvoiceThermal · ZPL · Thermal · BASE64 · FR,POST,shipapi-stg.dsc-nonprod.aws-purolator.com/ship/v1/documents,400,251,"2xx, no errors",False,,9001-312 Type de document non supporté.
2026-10-06T09:39:33,Certification,REST,runs/cert-documents.yaml,61,DOC · US · InternationalBillOfLadingThermal · ZPL · Thermal · URL,POST,shipapi-stg.dsc-nonprod.aws-purolator.com/ship/v1/documents,200,454,"2xx, no errors",True,760068290054,
2026-10-06T09:39:33,Certification,REST,runs/cert-documents.yaml,62,DOC · US · InternationalBillOfLadingThermal · ZPL · Thermal · URL · FR,POST,shipapi-stg.dsc-nonprod.aws-purolator.com/ship/v1/documents,200,555,"2xx, no errors",True,760068290062,
2026-10-06T09:39:33,Certification,REST,runs/cert-documents.yaml,63,DOC · US · CustomsInvoiceThermal · ZPL · Thermal · URL,POST,shipapi-stg.dsc-nonprod.aws-purolator.com/ship/v1/documents,400,154,"2xx, no errors",False,,9001-312 Unsupport Document Type.
2026-10-06T09:39:33,Certification,REST,runs/cert-documents.yaml,64,DOC · US · CustomsInvoiceThermal · ZPL · Thermal · URL · FR,POST,shipapi-stg.dsc-nonprod.aws-purolator.com/ship/v1/documents,400,230,"2xx, no errors",False,,9001-312 Type de document non supporté.
2026-10-06T09:39:33,Certification,REST,runs/cert-documents.yaml,65,DOC · US · InternationalBillOfLadingThermal · ZPL · Thermal · STRING,POST,shipapi-stg.dsc-nonprod.aws-purolator.com/ship/v1/documents,200,322,"2xx, no errors",True,760068290070,
2026-10-06T09:39:33,Certification,REST,runs/cert-documents.yaml,66,DOC · US · InternationalBillOfLadingThermal · ZPL · Thermal · STRING · FR,POST,shipapi-stg.dsc-nonprod.aws-purolator.com/ship/v1/documents,200,343,"2xx, no errors",True,760068290088,
2026-10-06T09:39:33,Certification,REST,runs/cert-documents.yaml,67,DOC · US · CustomsInvoiceThermal · ZPL · Thermal · STRING,POST,shipapi-stg.dsc-nonprod.aws-purolator.com/ship/v1/documents,400,233,"2xx, no errors",False,,9001-312 Unsupport Document Type.
2026-10-06T09:39:33,Certification,REST,runs/cert-documents.yaml,68,DOC · US · CustomsInvoiceThermal · ZPL · Thermal · STRING · FR,POST,shipapi-stg.dsc-nonprod.aws-purolator.com/ship/v1/documents,400,140,"2xx, no errors",False,,9001-312 Type de document non supporté.
2026-10-06T09:39:33,Certification,REST,runs/cert-documents.yaml,69,DOC · US · InternationalBillOfLading · PDF · Laser · BASE64,POST,shipapi-stg.dsc-nonprod.aws-purolator.com/ship/v1/documents,200,353,"2xx, no errors",True,760068290096,
2026-10-06T09:39:33,Certification,REST,runs/cert-documents.yaml,70,DOC · US · InternationalBillOfLading · PDF · Laser · BASE64 · FR,POST,shipapi-stg.dsc-nonprod.aws-purolator.com/ship/v1/documents,200,413,"2xx, no errors",True,760068290104,
2026-10-06T09:39:33,Certification,REST,runs/cert-documents.yaml,71,DOC · US · CustomsInvoice · PDF · Laser · BASE64,POST,shipapi-stg.dsc-nonprod.aws-purolator.com/ship/v1/documents,200,435,"2xx, no errors",True,760068290096,
2026-10-06T09:39:33,Certification,REST,runs/cert-documents.yaml,72,DOC · US · CustomsInvoice · PDF · Laser · BASE64 · FR,POST,shipapi-stg.dsc-nonprod.aws-purolator.com/ship/v1/documents,200,391,"2xx, no errors",True,760068290104,
2026-10-06T09:39:33,Certification,REST,runs/cert-documents.yaml,73,DOC · US · InternationalBillOfLading · PDF · Laser · URL,POST,shipapi-stg.dsc-nonprod.aws-purolator.com/ship/v1/documents,200,291,"2xx, no errors",True,760068290112,
2026-10-06T09:39:33,Certification,REST,runs/cert-documents.yaml,74,DOC · US · InternationalBillOfLading · PDF · Laser · URL · FR,POST,shipapi-stg.dsc-nonprod.aws-purolator.com/ship/v1/documents,200,284,"2xx, no errors",True,760068290120,
2026-10-06T09:39:33,Certification,REST,runs/cert-documents.yaml,75,DOC · US · CustomsInvoice · PDF · Laser · URL,POST,shipapi-stg.dsc-nonprod.aws-purolator.com/ship/v1/documents,200,295,"2xx, no errors",True,760068290112,
2026-10-06T09:39:33,Certification,REST,runs/cert-documents.yaml,76,DOC · US · CustomsInvoice · PDF · Laser · URL · FR,POST,shipapi-stg.dsc-nonprod.aws-purolator.com/ship/v1/documents,200,295,"2xx, no errors",True,760068290120,
2026-10-06T09:39:33,Certification,REST,runs/cert-documents.yaml,77,DOC · US · InternationalBillOfLading · PDF · Laser · STRING,POST,shipapi-stg.dsc-nonprod.aws-purolator.com/ship/v1/documents,200,294,"2xx, no errors",True,760068290138,
2026-10-06T09:39:33,Certification,REST,runs/cert-documents.yaml,78,DOC · US · InternationalBillOfLading · PDF · Laser · STRING · FR,POST,shipapi-stg.dsc-nonprod.aws-purolator.com/ship/v1/documents,200,297,"2xx, no errors",True,760068290146,
2026-10-06T09:39:33,Certification,REST,runs/cert-documents.yaml,79,DOC · US · CustomsInvoice · PDF · Laser · STRING,POST,shipapi-stg.dsc-nonprod.aws-purolator.com/ship/v1/documents,200,213,"2xx, no errors",True,760068290138,
2026-10-06T09:39:33,Certification,REST,runs/cert-documents.yaml,80,DOC · US · CustomsInvoice · PDF · Laser · STRING · FR,POST,shipapi-stg.dsc-nonprod.aws-purolator.com/ship/v1/documents,200,204,"2xx, no errors",True,760068290146,
2026-10-06T09:39:33,Certification,REST,runs/cert-documents.yaml,81,DOC · INTL · InternationalBillOfLadingThermal · ZPL · Thermal · BASE64,POST,shipapi-stg.dsc-nonprod.aws-purolator.com/ship/v1/documents,200,331,"2xx, no errors",True,760068290153,
2026-10-06T09:39:33,Certification,REST,runs/cert-documents.yaml,82,DOC · INTL · InternationalBillOfLadingThermal · ZPL · Thermal · BASE64 · FR,POST,shipapi-stg.dsc-nonprod.aws-purolator.com/ship/v1/documents,200,403,"2xx, no errors",True,760068290161,
2026-10-06T09:39:33,Certification,REST,runs/cert-documents.yaml,83,DOC · INTL · CustomsInvoiceThermal · ZPL · Thermal · BASE64,POST,shipapi-stg.dsc-nonprod.aws-purolator.com/ship/v1/documents,400,133,"2xx, no errors",False,,9001-312 Unsupport Document Type.
2026-10-06T09:39:33,Certification,REST,runs/cert-documents.yaml,84,DOC · INTL · CustomsInvoiceThermal · ZPL · Thermal · BASE64 · FR,POST,shipapi-stg.dsc-nonprod.aws-purolator.com/ship/v1/documents,400,134,"2xx, no errors",False,,9001-312 Type de document non supporté.
2026-10-06T09:39:33,Certification,REST,runs/cert-documents.yaml,85,DOC · INTL · InternationalBillOfLadingThermal · ZPL · Thermal · URL,POST,shipapi-stg.dsc-nonprod.aws-purolator.com/ship/v1/documents,200,428,"2xx, no errors",True,760068290179,
2026-10-06T09:39:33,Certification,REST,runs/cert-documents.yaml,86,DOC · INTL · InternationalBillOfLadingThermal · ZPL · Thermal · URL · FR,POST,shipapi-stg.dsc-nonprod.aws-purolator.com/ship/v1/documents,200,423,"2xx, no errors",True,760068290187,
2026-10-06T09:39:33,Certification,REST,runs/cert-documents.yaml,87,DOC · INTL · CustomsInvoiceThermal · ZPL · Thermal · URL,POST,shipapi-stg.dsc-nonprod.aws-purolator.com/ship/v1/documents,400,234,"2xx, no errors",False,,9001-312 Unsupport Document Type.
2026-10-06T09:39:33,Certification,REST,runs/cert-documents.yaml,88,DOC · INTL · CustomsInvoiceThermal · ZPL · Thermal · URL · FR,POST,shipapi-stg.dsc-nonprod.aws-purolator.com/ship/v1/documents,400,130,"2xx, no errors",False,,9001-312 Type de document non supporté.
2026-10-06T09:39:33,Certification,REST,runs/cert-documents.yaml,89,DOC · INTL · InternationalBillOfLadingThermal · ZPL · Thermal · STRING,POST,shipapi-stg.dsc-nonprod.aws-purolator.com/ship/v1/documents,200,402,"2xx, no errors",True,760068290195,
2026-10-06T09:39:33,Certification,REST,runs/cert-documents.yaml,90,DOC · INTL · InternationalBillOfLadingThermal · ZPL · Thermal · STRING · FR,POST,shipapi-stg.dsc-nonprod.aws-purolator.com/ship/v1/documents,200,332,"2xx, no errors",True,760068290203,
2026-10-06T09:39:33,Certification,REST,runs/cert-documents.yaml,91,DOC · INTL · CustomsInvoiceThermal · ZPL · Thermal · STRING,POST,shipapi-stg.dsc-nonprod.aws-purolator.com/ship/v1/documents,400,149,"2xx, no errors",False,,9001-312 Unsupport Document Type.
2026-10-06T09:39:33,Certification,REST,runs/cert-documents.yaml,92,DOC · INTL · CustomsInvoiceThermal · ZPL · Thermal · STRING · FR,POST,shipapi-stg.dsc-nonprod.aws-purolator.com/ship/v1/documents,400,223,"2xx, no errors",False,,9001-312 Type de document non supporté.
2026-10-06T09:39:33,Certification,REST,runs/cert-documents.yaml,93,DOC · INTL · InternationalBillOfLading · PDF · Laser · BASE64,POST,shipapi-stg.dsc-nonprod.aws-purolator.com/ship/v1/documents,200,323,"2xx, no errors",True,760068290211,
2026-10-06T09:39:33,Certification,REST,runs/cert-documents.yaml,94,DOC · INTL · InternationalBillOfLading · PDF · Laser · BASE64 · FR,POST,shipapi-stg.dsc-nonprod.aws-purolator.com/ship/v1/documents,200,391,"2xx, no errors",True,760068290229,
2026-10-06T09:39:33,Certification,REST,runs/cert-documents.yaml,95,DOC · INTL · CustomsInvoice · PDF · Laser · BASE64,POST,shipapi-stg.dsc-nonprod.aws-purolator.com/ship/v1/documents,200,268,"2xx, no errors",True,760068290211,
2026-10-06T09:39:33,Certification,REST,runs/cert-documents.yaml,96,DOC · INTL · CustomsInvoice · PDF · Laser · BASE64 · FR,POST,shipapi-stg.dsc-nonprod.aws-purolator.com/ship/v1/documents,200,405,"2xx, no errors",True,760068290229,
2026-10-06T09:39:33,Certification,REST,runs/cert-documents.yaml,97,DOC · INTL · InternationalBillOfLading · PDF · Laser · URL,POST,shipapi-stg.dsc-nonprod.aws-purolator.com/ship/v1/documents,200,301,"2xx, no errors",True,760068290237,
2026-10-06T09:39:33,Certification,REST,runs/cert-documents.yaml,98,DOC · INTL · InternationalBillOfLading · PDF · Laser · URL · FR,POST,shipapi-stg.dsc-nonprod.aws-purolator.com/ship/v1/documents,200,289,"2xx, no errors",True,760068290245,
2026-10-06T09:39:33,Certification,REST,runs/cert-documents.yaml,99,DOC · INTL · CustomsInvoice · PDF · Laser · URL,POST,shipapi-stg.dsc-nonprod.aws-purolator.com/ship/v1/documents,200,311,"2xx, no errors",True,760068290237,
2026-10-06T09:39:33,Certification,REST,runs/cert-documents.yaml,100,DOC · INTL · CustomsInvoice · PDF · Laser · URL · FR,POST,shipapi-stg.dsc-nonprod.aws-purolator.com/ship/v1/documents,200,192,"2xx, no errors",True,760068290245,
2026-10-06T09:39:33,Certification,REST,runs/cert-documents.yaml,101,DOC · INTL · InternationalBillOfLading · PDF · Laser · STRING,POST,shipapi-stg.dsc-nonprod.aws-purolator.com/ship/v1/documents,200,380,"2xx, no errors",True,760068290252,
2026-10-06T09:39:33,Certification,REST,runs/cert-documents.yaml,102,DOC · INTL · InternationalBillOfLading · PDF · Laser · STRING · FR,POST,shipapi-stg.dsc-nonprod.aws-purolator.com/ship/v1/documents,200,193,"2xx, no errors",True,760068290260,
2026-10-06T09:39:33,Certification,REST,runs/cert-documents.yaml,103,DOC · INTL · CustomsInvoice · PDF · Laser · STRING,POST,shipapi-stg.dsc-nonprod.aws-purolator.com/ship/v1/documents,200,206,"2xx, no errors",True,760068290252,
2026-10-06T09:39:33,Certification,REST,runs/cert-documents.yaml,104,DOC · INTL · CustomsInvoice · PDF · Laser · STRING · FR,POST,shipapi-stg.dsc-nonprod.aws-purolator.com/ship/v1/documents,200,294,"2xx, no errors",True,760068290260,
2026-10-06T09:39:33,Certification,REST,runs/cert-documents.yaml,105,DOC · OPTION · DangerousGoodsDeclaration,POST,shipapi-stg.dsc-nonprod.aws-purolator.com/ship/v1/documents,200,369,"2xx, no errors",True,760068289890,
2026-10-06T09:39:33,Certification,REST,runs/cert-documents.yaml,106,DOC · OPTION · DangerousGoodsDeclaration · FR,POST,shipapi-stg.dsc-nonprod.aws-purolator.com/ship/v1/documents,200,393,"2xx, no errors",True,760068289908,
2026-10-06T09:39:33,Certification,REST,runs/cert-documents.yaml,107,DOC · OPTION · COSBillOfLading,POST,shipapi-stg.dsc-nonprod.aws-purolator.com/ship/v1/documents,400,102,"2xx, no errors",False,,9001-305 PIN number is required.
2026-10-06T09:39:33,Certification,REST,runs/cert-documents.yaml,108,DOC · OPTION · COSBillOfLading · FR,POST,shipapi-stg.dsc-nonprod.aws-purolator.com/ship/v1/documents,400,205,"2xx, no errors",False,,9001-305 NIC est requis.
2026-10-06T09:39:33,Certification,REST,runs/cert-documents.yaml,109,DOC · OPTION · ExpressChequeReceipt,POST,shipapi-stg.dsc-nonprod.aws-purolator.com/ship/v1/documents,400,198,"2xx, no errors",False,,9001-305 PIN number is required.
2026-10-06T09:39:33,Certification,REST,runs/cert-documents.yaml,110,DOC · OPTION · ExpressChequeReceipt · FR,POST,shipapi-stg.dsc-nonprod.aws-purolator.com/ship/v1/documents,400,119,"2xx, no errors",False,,9001-305 NIC est requis.
2026-10-06T09:39:33,Certification,REST,runs/cert-documents.yaml,111,DOC · OPTION · ExpressChequeReceiptThermal,POST,shipapi-stg.dsc-nonprod.aws-purolator.com/ship/v1/documents,400,113,"2xx, no errors",False,,9001-305 PIN number is required.
2026-10-06T09:39:33,Certification,REST,runs/cert-documents.yaml,112,DOC · OPTION · ExpressChequeReceiptThermal · FR,POST,shipapi-stg.dsc-nonprod.aws-purolator.com/ship/v1/documents,400,193,"2xx, no errors",False,,9001-305 NIC est requis.
2026-10-06T09:39:33,Certification,REST,runs/cert-consolidation.yaml,1,Acct_{{Freight_account}} AUTH · OKTA Token,POST,shipapi-stg.dsc-nonprod.aws-purolator.com/auth/v1/token,200,806,"2xx, no errors",True,,
2026-10-06T09:39:33,Certification,REST,runs/cert-consolidation.yaml,2,Acct_{{Freight_account}} 01 · Express Cheque to client,POST,shipapi-stg.dsc-nonprod.aws-purolator.com/ship/v1/shipment,400,246,"2xx, no errors",False,,9001-321 Express Cheque Shipments/Functionality NOT available currently.
2026-10-06T09:39:33,Certification,REST,runs/cert-consolidation.yaml,3,Acct_{{Freight_account}} 02 · Express Cheque return,POST,shipapi-stg.dsc-nonprod.aws-purolator.com/ship/v1/shipment,200,982,"2xx, no errors",True,760068290401,
2026-10-06T09:39:33,Certification,REST,runs/cert-consolidation.yaml,4,Acct_{{Freight_account}} 03 · Multipiece US Express (4 piece),POST,shipapi-stg.dsc-nonprod.aws-purolator.com/ship/v1/shipment,200,1191,"2xx, no errors",True,760068290419,
2026-10-06T09:39:33,Certification,REST,runs/cert-consolidation.yaml,5,Acct_{{Freight_account}} 04 · US Pack,POST,shipapi-stg.dsc-nonprod.aws-purolator.com/ship/v1/shipment,200,823,"2xx, no errors",True,760068290450,
2026-10-06T09:39:33,Certification,REST,runs/cert-consolidation.yaml,6,Acct_{{Freight_account}} 05 · US Box,POST,shipapi-stg.dsc-nonprod.aws-purolator.com/ship/v1/shipment,200,748,"2xx, no errors",True,760068290468,
2026-10-06T09:39:33,Certification,REST,runs/cert-consolidation.yaml,7,Acct_{{Freight_account}} 06 · US Envelope,POST,shipapi-stg.dsc-nonprod.aws-purolator.com/ship/v1/shipment,200,862,"2xx, no errors",True,760068290476,
2026-10-06T09:39:33,Certification,REST,runs/cert-consolidation.yaml,8,Acct_{{Freight_account}} 07 · Consolidate (first),POST,shipapi-stg.dsc-nonprod.aws-purolator.com/ship/v1/manifest,200,4120,"2xx, no errors",True,,
2026-10-06T09:39:33,Certification,REST,runs/cert-consolidation.yaml,9,Acct_{{Freight_account}} 08 · Return,POST,shipapi-stg.dsc-nonprod.aws-purolator.com/ship/v1/shipment,200,996,"2xx, no errors",True,760068290484,
2026-10-06T09:39:33,Certification,REST,runs/cert-consolidation.yaml,10,Acct_{{Freight_account}} 09 · Multi domestic,POST,shipapi-stg.dsc-nonprod.aws-purolator.com/ship/v1/shipment,200,960,"2xx, no errors",True,760068290492,
2026-10-06T09:39:33,Certification,REST,runs/cert-consolidation.yaml,11,Acct_{{Freight_account}} 10 · Consolidate (second),POST,shipapi-stg.dsc-nonprod.aws-purolator.com/ship/v1/manifest,200,194,"2xx, no errors",True,,
2026-10-06T09:39:33,Certification,REST,runs/cert-consolidation.yaml,1,Acct_{{AccountNumber}} AUTH · OKTA Token,POST,shipapi-stg.dsc-nonprod.aws-purolator.com/auth/v1/token,200,637,"2xx, no errors",True,,
2026-10-06T09:39:33,Certification,REST,runs/cert-consolidation.yaml,2,Acct_{{AccountNumber}} 01 · Express Cheque to client,POST,shipapi-stg.dsc-nonprod.aws-purolator.com/ship/v1/shipment,400,258,"2xx, no errors",False,,9001-321 Express Cheque Shipments/Functionality NOT available currently.
2026-10-06T09:39:33,Certification,REST,runs/cert-consolidation.yaml,3,Acct_{{AccountNumber}} 02 · Express Cheque return,POST,shipapi-stg.dsc-nonprod.aws-purolator.com/ship/v1/shipment,200,934,"2xx, no errors",True,760068290278,
2026-10-06T09:39:33,Certification,REST,runs/cert-consolidation.yaml,4,Acct_{{AccountNumber}} 03 · Multipiece US Express (4 piece),POST,shipapi-stg.dsc-nonprod.aws-purolator.com/ship/v1/shipment,200,942,"2xx, no errors",True,760068290286,
2026-10-06T09:39:33,Certification,REST,runs/cert-consolidation.yaml,5,Acct_{{AccountNumber}} 04 · US Pack,POST,shipapi-stg.dsc-nonprod.aws-purolator.com/ship/v1/shipment,200,864,"2xx, no errors",True,760068290328,
2026-10-06T09:39:33,Certification,REST,runs/cert-consolidation.yaml,6,Acct_{{AccountNumber}} 05 · US Box,POST,shipapi-stg.dsc-nonprod.aws-purolator.com/ship/v1/shipment,200,789,"2xx, no errors",True,760068290336,
2026-10-06T09:39:33,Certification,REST,runs/cert-consolidation.yaml,7,Acct_{{AccountNumber}} 06 · US Envelope,POST,shipapi-stg.dsc-nonprod.aws-purolator.com/ship/v1/shipment,200,746,"2xx, no errors",True,760068290344,
2026-10-06T09:39:33,Certification,REST,runs/cert-consolidation.yaml,8,Acct_{{AccountNumber}} 07 · Consolidate (first),POST,shipapi-stg.dsc-nonprod.aws-purolator.com/ship/v1/manifest,200,3810,"2xx, no errors",True,,
2026-10-06T09:39:33,Certification,REST,runs/cert-consolidation.yaml,9,Acct_{{AccountNumber}} 08 · Return,POST,shipapi-stg.dsc-nonprod.aws-purolator.com/ship/v1/shipment,200,952,"2xx, no errors",True,760068290351,
2026-10-06T09:39:33,Certification,REST,runs/cert-consolidation.yaml,10,Acct_{{AccountNumber}} 09 · Multi domestic,POST,shipapi-stg.dsc-nonprod.aws-purolator.com/ship/v1/shipment,200,1150,"2xx, no errors",True,760068290369,
2026-10-06T09:39:33,Certification,REST,runs/cert-consolidation.yaml,11,Acct_{{AccountNumber}} 10 · Consolidate (second),POST,shipapi-stg.dsc-nonprod.aws-purolator.com/ship/v1/manifest,400,300,"2xx, no errors",False,,9001-08 Manifest item has already been closed or is in the manifesting phase.
