run_at,tier,protocol,spec,seq,request,method,url,http_status,ms,expected,success,pin,error
2026-10-06T09:47:04,Development,SOAP,runs/cert-soap.yaml,1,SHIP · Domestic · Basic,POST,devwebservices.purolator.com/EWS/V2/Shipping/ShippingService.asmx,200,853,"2xx, no errors",True,400021519956,
2026-10-06T09:47:04,Development,SOAP,runs/cert-soap.yaml,2,SHIP · Domestic · Dangerous Goods Limited Quantity,POST,devwebservices.purolator.com/EWS/V2/Shipping/ShippingService.asmx,200,616,"2xx, no errors",True,400021520384,
2026-10-06T09:47:04,Development,SOAP,runs/cert-soap.yaml,3,SHIP · Domestic · Dangerous Goods Limited Quantity · FR,POST,devwebservices.purolator.com/EWS/V2/Shipping/ShippingService.asmx,200,757,"2xx, no errors",True,400021519964,
2026-10-06T09:47:04,Development,SOAP,runs/cert-soap.yaml,4,SHIP · Domestic · Beyond Point,POST,devwebservices.purolator.com/EWS/V2/Shipping/ShippingService.asmx,200,1137,"2xx, no errors",True,400021519972,
2026-10-06T09:47:04,Development,SOAP,runs/cert-soap.yaml,5,SHIP · Domestic · Dangerous Goods Declaration,POST,devwebservices.purolator.com/EWS/V2/Shipping/ShippingService.asmx,200,785,"2xx, no errors",True,400021519998,
2026-10-06T09:47:04,Development,SOAP,runs/cert-soap.yaml,6,SHIP · Domestic · Dangerous Goods Declaration · FR,POST,devwebservices.purolator.com/EWS/V2/Shipping/ShippingService.asmx,200,697,"2xx, no errors",True,400021520004,
2026-10-06T09:47:04,Development,SOAP,runs/cert-soap.yaml,7,SHIP · Domestic · 2-Piece Multi-Option,POST,devwebservices.purolator.com/EWS/V2/Shipping/ShippingService.asmx,200,733,"2xx, no errors",True,400021520392,
2026-10-06T09:47:04,Development,SOAP,runs/cert-soap.yaml,8,SHIP · Domestic · Residential Delivery,POST,devwebservices.purolator.com/EWS/V2/Shipping/ShippingService.asmx,200,664,"2xx, no errors",True,400021520418,
2026-10-06T09:47:04,Development,SOAP,runs/cert-soap.yaml,9,SHIP · Domestic · 2-Piece Multi-Option · FR,POST,devwebservices.purolator.com/EWS/V2/Shipping/ShippingService.asmx,200,700,"2xx, no errors",True,400021520012,
2026-10-06T09:47:04,Development,SOAP,runs/cert-soap.yaml,10,SHIP · Domestic · Dangerous Goods,POST,devwebservices.purolator.com/EWS/V2/Shipping/ShippingService.asmx,200,708,"2xx, no errors",True,400021520038,
2026-10-06T09:47:04,Development,SOAP,runs/cert-soap.yaml,11,SHIP · Domestic · HFPU + Saturday Del,POST,devwebservices.purolator.com/EWS/V2/Shipping/ShippingService.asmx,200,393,"2xx, no errors",False,,"1100636 For domestic outbound shipments, Saturday Delivery must be combined with Purolator Express and be created on a Friday."
2026-10-06T09:47:04,Development,SOAP,runs/cert-soap.yaml,12,SHIP · Domestic · HFPU + Saturday Del · FR,POST,devwebservices.purolator.com/EWS/V2/Shipping/ShippingService.asmx,200,387,"2xx, no errors",False,,"1100636 Pour les envois sortants nationaux, le service de livraison le samedi doit &#234;tre combin&#233; au service Purolator Express et la demande doit avoir &#233;t&#233; cr&#233;&#233;e le vendredi."
2026-10-06T09:47:04,Development,SOAP,runs/cert-soap.yaml,13,SHIP · Domestic · Blind Label (sample 2),POST,devwebservices.purolator.com/EWS/V2/Shipping/ShippingService.asmx,200,924,"2xx, no errors",True,400021520046,
2026-10-06T09:47:04,Development,SOAP,runs/cert-soap.yaml,14,SHIP · Domestic · Express Cheque,POST,devwebservices.purolator.com/EWS/V2/Shipping/ShippingService.asmx,200,839,"2xx, no errors",True,400021520053,
2026-10-06T09:47:04,Development,SOAP,runs/cert-soap.yaml,15,SHIP · Domestic · Blind Label (sample 2) · FR,POST,devwebservices.purolator.com/EWS/V2/Shipping/ShippingService.asmx,200,720,"2xx, no errors",True,400021520079,
2026-10-06T09:47:04,Development,SOAP,runs/cert-soap.yaml,16,SHIP · Domestic · Chain of Signature,POST,devwebservices.purolator.com/EWS/V2/Shipping/ShippingService.asmx,200,630,"2xx, no errors",True,400021520095,
2026-10-06T09:47:04,Development,SOAP,runs/cert-soap.yaml,17,SHIP · Domestic · Return Label,POST,devwebservices.purolator.com/EWS/V2/Shipping/ShippingService.asmx,200,1748,"2xx, no errors",True,400021521135,
2026-10-06T09:47:04,Development,SOAP,runs/cert-soap.yaml,18,SHIP · Domestic · Chain of Signature · FR,POST,devwebservices.purolator.com/EWS/V2/Shipping/ShippingService.asmx,200,633,"2xx, no errors",True,400021520103,
2026-10-06T09:47:04,Development,SOAP,runs/cert-soap.yaml,19,SHIP · Domestic · Express Cheque + Return Label,POST,devwebservices.purolator.com/EWS/V2/Shipping/ShippingService.asmx,200,1899,"2xx, no errors",True,400021520426,
2026-10-06T09:47:04,Development,SOAP,runs/cert-soap.yaml,20,SHIP · Domestic · Express Envelope (sample),POST,devwebservices.purolator.com/EWS/V2/Shipping/ShippingService.asmx,200,680,"2xx, no errors",True,400021520111,
2026-10-06T09:47:04,Development,SOAP,runs/cert-soap.yaml,21,SHIP · Domestic · Express Envelope (sample) · FR,POST,devwebservices.purolator.com/EWS/V2/Shipping/ShippingService.asmx,200,654,"2xx, no errors",True,400021521192,
2026-10-06T09:47:04,Development,SOAP,runs/cert-soap.yaml,22,SHIP · Domestic · Blind Label (sample),POST,devwebservices.purolator.com/EWS/V2/Shipping/ShippingService.asmx,200,781,"2xx, no errors",True,400021520491,
2026-10-06T09:47:04,Development,SOAP,runs/cert-soap.yaml,23,SHIP · International · Basic,POST,devwebservices.purolator.com/EWS/V2/Shipping/ShippingService.asmx,200,609,"2xx, no errors",True,400021520509,
2026-10-06T09:47:04,Development,SOAP,runs/cert-soap.yaml,24,SHIP · Domestic · Blind Label (sample) · FR,POST,devwebservices.purolator.com/EWS/V2/Shipping/ShippingService.asmx,200,800,"2xx, no errors",True,400021521200,
2026-10-06T09:47:04,Development,SOAP,runs/cert-soap.yaml,25,SHIP · International · France,POST,devwebservices.purolator.com/EWS/V2/Shipping/ShippingService.asmx,200,600,"2xx, no errors",True,400021521218,
2026-10-06T09:47:04,Development,SOAP,runs/cert-soap.yaml,26,SHIP · International · Israel,POST,devwebservices.purolator.com/EWS/V2/Shipping/ShippingService.asmx,200,575,"2xx, no errors",True,400021520517,
2026-10-06T09:47:04,Development,SOAP,runs/cert-soap.yaml,27,SHIP · International · Costa Rica,POST,devwebservices.purolator.com/EWS/V2/Shipping/ShippingService.asmx,200,526,"2xx, no errors",False,,1100491 Product/Service is invalid.
2026-10-06T09:47:04,Development,SOAP,runs/cert-soap.yaml,28,SHIP · US · Basic,POST,devwebservices.purolator.com/EWS/V2/Shipping/ShippingService.asmx,200,609,"2xx, no errors",True,400021520525,
2026-10-06T09:47:04,Development,SOAP,runs/cert-soap.yaml,29,SHIP · US · Textile,POST,devwebservices.purolator.com/EWS/V2/Shipping/ShippingService.asmx,200,633,"2xx, no errors",True,400021521226,
2026-10-06T09:47:04,Development,SOAP,runs/cert-soap.yaml,30,SHIP · Domestic · Shipment Date,POST,devwebservices.purolator.com/EWS/V2/Shipping/ShippingService.asmx,200,626,"2xx, no errors",True,400021521234,
2026-10-06T09:47:04,Development,SOAP,runs/cert-soap.yaml,31,SHIP · Domestic · Basic · FR,POST,devwebservices.purolator.com/EWS/V2/Shipping/ShippingService.asmx,200,642,"2xx, no errors",True,400021521242,
2026-10-06T09:47:04,Development,SOAP,runs/cert-soap.yaml,32,SHIP · US · Shipment Date,POST,devwebservices.purolator.com/EWS/V2/Shipping/ShippingService.asmx,200,742,"2xx, no errors",True,400021521259,
2026-10-06T09:47:04,Development,SOAP,runs/cert-soap.yaml,33,SHIP · Domestic · Beyond Point · FR,POST,devwebservices.purolator.com/EWS/V2/Shipping/ShippingService.asmx,200,676,"2xx, no errors",True,400021521267,
2026-10-06T09:47:04,Development,SOAP,runs/cert-soap.yaml,34,SHIP · Domestic · Blind Shipping,POST,devwebservices.purolator.com/EWS/V2/Shipping/ShippingService.asmx,200,882,"2xx, no errors",True,400021521275,
2026-10-06T09:47:04,Development,SOAP,runs/cert-soap.yaml,35,SHIP · Domestic · Residential Delivery · FR,POST,devwebservices.purolator.com/EWS/V2/Shipping/ShippingService.asmx,200,633,"2xx, no errors",True,400021521309,
2026-10-06T09:47:04,Development,SOAP,runs/cert-soap.yaml,36,SHIP · Domestic · Special Handling,POST,devwebservices.purolator.com/EWS/V2/Shipping/ShippingService.asmx,200,777,"2xx, no errors",True,400021521317,
2026-10-06T09:47:04,Development,SOAP,runs/cert-soap.yaml,37,SHIP · Domestic · Dangerous Goods · FR,POST,devwebservices.purolator.com/EWS/V2/Shipping/ShippingService.asmx,200,665,"2xx, no errors",True,400021521341,
2026-10-06T09:47:04,Development,SOAP,runs/cert-soap.yaml,38,SHIP · Domestic · Adult Signature Required,POST,devwebservices.purolator.com/EWS/V2/Shipping/ShippingService.asmx,200,617,"2xx, no errors",True,400021521358,
2026-10-06T09:47:04,Development,SOAP,runs/cert-soap.yaml,39,SHIP · Domestic · Express Cheque · FR,POST,devwebservices.purolator.com/EWS/V2/Shipping/ShippingService.asmx,200,856,"2xx, no errors",True,400021521366,
2026-10-06T09:47:04,Development,SOAP,runs/cert-soap.yaml,40,VALIDATE · Domestic · Basic,POST,devwebservices.purolator.com/EWS/V2/Shipping/ShippingService.asmx,200,588,"2xx, no errors",True,,
2026-10-06T09:47:04,Development,SOAP,runs/cert-soap.yaml,41,SHIP · Domestic · Return Label · FR,POST,devwebservices.purolator.com/EWS/V2/Shipping/ShippingService.asmx,200,913,"2xx, no errors",True,400021520533,
2026-10-06T09:47:04,Development,SOAP,runs/cert-soap.yaml,42,VALIDATE · Domestic · Express Cheque,POST,devwebservices.purolator.com/EWS/V2/Shipping/ShippingService.asmx,200,672,"2xx, no errors",True,,
2026-10-06T09:47:04,Development,SOAP,runs/cert-soap.yaml,43,VALIDATE · Domestic · Express Cheque + Return Label,POST,devwebservices.purolator.com/EWS/V2/Shipping/ShippingService.asmx,200,3225,"2xx, no errors",True,,
2026-10-06T09:47:04,Development,SOAP,runs/cert-soap.yaml,44,SHIP · International · Basic · FR,POST,devwebservices.purolator.com/EWS/V2/Shipping/ShippingService.asmx,200,851,"2xx, no errors",True,400021520590,
2026-10-06T09:47:04,Development,SOAP,runs/cert-soap.yaml,45,VALIDATE · Domestic · Return Label,POST,devwebservices.purolator.com/EWS/V2/Shipping/ShippingService.asmx,200,2825,"2xx, no errors",True,,
2026-10-06T09:47:04,Development,SOAP,runs/cert-soap.yaml,46,SHIP · US · Basic · FR,POST,devwebservices.purolator.com/EWS/V2/Shipping/ShippingService.asmx,200,598,"2xx, no errors",True,400021521382,
2026-10-06T09:47:04,Development,SOAP,runs/cert-soap.yaml,47,VALIDATE · International · Basic,POST,devwebservices.purolator.com/EWS/V2/Shipping/ShippingService.asmx,200,683,"2xx, no errors",True,,
2026-10-06T09:47:04,Development,SOAP,runs/cert-soap.yaml,48,SHIP · US · Textile · FR,POST,devwebservices.purolator.com/EWS/V2/Shipping/ShippingService.asmx,200,589,"2xx, no errors",True,400021521416,
2026-10-06T09:47:04,Development,SOAP,runs/cert-soap.yaml,49,VALIDATE · US · Basic,POST,devwebservices.purolator.com/EWS/V2/Shipping/ShippingService.asmx,200,1626,"2xx, no errors",True,,
2026-10-06T09:47:04,Development,SOAP,runs/cert-soap.yaml,50,VALIDATE · US · Textile,POST,devwebservices.purolator.com/EWS/V2/Shipping/ShippingService.asmx,200,1811,"2xx, no errors",True,,
2026-10-06T09:47:04,Development,SOAP,runs/cert-soap.yaml,51,VALIDATE · Domestic · Shipment Date,POST,devwebservices.purolator.com/EWS/V2/Shipping/ShippingService.asmx,200,805,"2xx, no errors",True,,
2026-10-06T09:47:04,Development,SOAP,runs/cert-soap.yaml,52,SHIP · Domestic · Blind Shipping · FR,POST,devwebservices.purolator.com/EWS/V2/Shipping/ShippingService.asmx,200,699,"2xx, no errors",True,400021520608,
2026-10-06T09:47:04,Development,SOAP,runs/cert-soap.yaml,53,VALIDATE · Domestic · Special Handling,POST,devwebservices.purolator.com/EWS/V2/Shipping/ShippingService.asmx,200,638,"2xx, no errors",True,,
2026-10-06T09:47:04,Development,SOAP,runs/cert-soap.yaml,54,SHIP · Domestic · Special Handling · FR,POST,devwebservices.purolator.com/EWS/V2/Shipping/ShippingService.asmx,200,777,"2xx, no errors",True,400021520616,
2026-10-06T09:47:04,Development,SOAP,runs/cert-soap.yaml,55,VOID SHIP · Cancel Shipment,POST,devwebservices.purolator.com/EWS/V2/Shipping/ShippingService.asmx,200,288,"2xx, no errors",True,,
2026-10-06T09:47:04,Development,SOAP,runs/cert-soap.yaml,56,SHIP · Domestic · Adult Signature Required · FR,POST,devwebservices.purolator.com/EWS/V2/Shipping/ShippingService.asmx,200,750,"2xx, no errors",True,400021520624,
2026-10-06T09:47:04,Development,SOAP,runs/cert-soap.yaml,57,CONSOLIDATE · Close Manifest,POST,devwebservices.purolator.com/EWS/V2/Shipping/ShippingService.asmx,200,412,"2xx, no errors",True,,
2026-10-06T09:47:04,Development,SOAP,runs/cert-soap.yaml,58,VALIDATE · Domestic · Basic · FR,POST,devwebservices.purolator.com/EWS/V2/Shipping/ShippingService.asmx,200,761,"2xx, no errors",True,,
2026-10-06T09:47:04,Development,SOAP,runs/cert-soap.yaml,59,VALIDATE · Domestic · Express Cheque · FR,POST,devwebservices.purolator.com/EWS/V2/Shipping/ShippingService.asmx,200,778,"2xx, no errors",True,,
2026-10-06T09:47:04,Development,SOAP,runs/cert-soap.yaml,60,VALIDATE · Domestic · Return Label · FR,POST,devwebservices.purolator.com/EWS/V2/Shipping/ShippingService.asmx,200,880,"2xx, no errors",True,,
2026-10-06T09:47:04,Development,SOAP,runs/cert-soap.yaml,61,VALIDATE · International · Basic · FR,POST,devwebservices.purolator.com/EWS/V2/Shipping/ShippingService.asmx,200,527,"2xx, no errors",True,,
2026-10-06T09:47:04,Development,SOAP,runs/cert-soap.yaml,62,VALIDATE · US · Basic · FR,POST,devwebservices.purolator.com/EWS/V2/Shipping/ShippingService.asmx,200,1755,"2xx, no errors",True,,
2026-10-06T09:47:04,Development,SOAP,runs/cert-soap.yaml,63,VALIDATE · US · Textile · FR,POST,devwebservices.purolator.com/EWS/V2/Shipping/ShippingService.asmx,200,702,"2xx, no errors",True,,
2026-10-06T09:47:04,Development,SOAP,runs/cert-soap.yaml,64,VALIDATE · Domestic · Special Handling · FR,POST,devwebservices.purolator.com/EWS/V2/Shipping/ShippingService.asmx,200,616,"2xx, no errors",True,,
2026-10-06T09:47:04,Development,SOAP,runs/cert-soap.yaml,65,SAMPLE · Domestic · Validate Basic,POST,devwebservices.purolator.com/EWS/V2/Shipping/ShippingService.asmx,200,905,"2xx, no errors",True,,
2026-10-06T09:47:04,Development,SOAP,runs/cert-soap.yaml,66,SAMPLE · Domestic · Validate Express Cheque,POST,devwebservices.purolator.com/EWS/V2/Shipping/ShippingService.asmx,200,1617,"2xx, no errors",True,,
2026-10-06T09:47:04,Development,SOAP,runs/cert-soap.yaml,67,SAMPLE · Domestic · Validate Special Handling Additional Handling,POST,devwebservices.purolator.com/EWS/V2/Shipping/ShippingService.asmx,200,967,"2xx, no errors",True,,
2026-10-06T09:47:04,Development,SOAP,runs/cert-soap.yaml,68,SAMPLE · Domestic · Validate Special Handling Flat Package,POST,devwebservices.purolator.com/EWS/V2/Shipping/ShippingService.asmx,200,665,"2xx, no errors",True,,
2026-10-06T09:47:04,Development,SOAP,runs/cert-soap.yaml,69,SAMPLE · Domestic · Validate Collect,POST,devwebservices.purolator.com/EWS/V2/Shipping/ShippingService.asmx,200,765,"2xx, no errors",True,,
2026-10-06T09:47:04,Development,SOAP,runs/cert-soap.yaml,70,SAMPLE · Domestic · Validate Notification to receiver,POST,devwebservices.purolator.com/EWS/V2/Shipping/ShippingService.asmx,200,745,"2xx, no errors",True,,
2026-10-06T09:47:04,Development,SOAP,runs/cert-soap.yaml,71,SAMPLE · Domestic · Validate Multiple Pieces,POST,devwebservices.purolator.com/EWS/V2/Shipping/ShippingService.asmx,200,617,"2xx, no errors",True,,
2026-10-06T09:47:04,Development,SOAP,runs/cert-soap.yaml,72,SAMPLE · Domestic · Validate Adult Signature Required,POST,devwebservices.purolator.com/EWS/V2/Shipping/ShippingService.asmx,200,714,"2xx, no errors",True,,
2026-10-06T09:47:04,Development,SOAP,runs/cert-soap.yaml,73,SAMPLE · Domestic · Validate With Return Label,POST,devwebservices.purolator.com/EWS/V2/Shipping/ShippingService.asmx,200,783,"2xx, no errors",True,,
2026-10-06T09:47:04,Development,SOAP,runs/cert-soap.yaml,74,SAMPLE · Domestic · Validate Special Handling Additional Handling 2,POST,devwebservices.purolator.com/EWS/V2/Shipping/ShippingService.asmx,200,726,"2xx, no errors",True,,
2026-10-06T09:47:04,Development,SOAP,runs/cert-soap.yaml,75,SAMPLE · Domestic · Validate Special Handling Flat Package 2,POST,devwebservices.purolator.com/EWS/V2/Shipping/ShippingService.asmx,200,840,"2xx, no errors",True,,
2026-10-06T09:47:04,Development,SOAP,runs/cert-soap.yaml,76,SAMPLE · Domestic · Validate Special Handling Oversized,POST,devwebservices.purolator.com/EWS/V2/Shipping/ShippingService.asmx,200,585,"2xx, no errors",True,,
2026-10-06T09:47:04,Development,SOAP,runs/cert-soap.yaml,77,SAMPLE · Domestic · Validate Special Handling Residential Area Heavyweight,POST,devwebservices.purolator.com/EWS/V2/Shipping/ShippingService.asmx,200,691,"2xx, no errors",True,,
2026-10-06T09:47:04,Development,SOAP,runs/cert-soap.yaml,78,SAMPLE · Domestic · Validate Adult Signature Required 2,POST,devwebservices.purolator.com/EWS/V2/Shipping/ShippingService.asmx,200,575,"2xx, no errors",True,,
2026-10-06T09:47:04,Development,SOAP,runs/cert-soap.yaml,79,SAMPLE · Domestic · Validate OSNR,POST,devwebservices.purolator.com/EWS/V2/Shipping/ShippingService.asmx,200,722,"2xx, no errors",True,,
2026-10-06T09:47:04,Development,SOAP,runs/cert-soap.yaml,80,SAMPLE · Domestic · Validate With Date,POST,devwebservices.purolator.com/EWS/V2/Shipping/ShippingService.asmx,200,575,"2xx, no errors",True,,
2026-10-06T09:47:04,Development,SOAP,runs/cert-soap.yaml,81,SAMPLE · Domestic · Validate QuickShip,POST,devwebservices.purolator.com/EWS/V2/Shipping/ShippingService.asmx,200,313,"2xx, no errors",False,,1100508 Dangerous Goods Mode Air is not valid with Dangerous Goods Class Limited Quantities. | 1100508 Dangerous Goods Mode Air is not valid with Dangerous Goods Class LessThan 500KG Exempt. | 1100517 At least one of the following options must be specified when Dangerous Goods Indicator is selected: Dangerous Goods Mode or DangerousGoodsClass.
2026-10-06T09:47:04,Development,SOAP,runs/cert-soap.yaml,82,SAMPLE · Domestic · Validate Blind,POST,devwebservices.purolator.com/EWS/V2/Shipping/ShippingService.asmx,200,314,"2xx, no errors",False,,1100508 Dangerous Goods Mode Air is not valid with Dangerous Goods Class Limited Quantities. | 1100508 Dangerous Goods Mode Air is not valid with Dangerous Goods Class LessThan 500KG Exempt. | 1100517 At least one of the following options must be specified when Dangerous Goods Indicator is selected: Dangerous Goods Mode or DangerousGoodsClass.
2026-10-06T09:47:04,Development,SOAP,runs/cert-soap.yaml,83,SAMPLE · Domestic · Validate Dangerous Good,POST,devwebservices.purolator.com/EWS/V2/Shipping/ShippingService.asmx,200,295,"2xx, no errors",False,,1100508 Dangerous Goods Mode Air is not valid with Dangerous Goods Class Limited Quantities. | 1100508 Dangerous Goods Mode Air is not valid with Dangerous Goods Class LessThan 500KG Exempt. | 1100517 At least one of the following options must be specified when Dangerous Goods Indicator is selected: Dangerous Goods Mode or DangerousGoodsClass.
2026-10-06T09:47:04,Development,SOAP,runs/cert-soap.yaml,84,SAMPLE · US · Validate Dangerous Goods,POST,devwebservices.purolator.com/EWS/V2/Shipping/ShippingService.asmx,200,639,"2xx, no errors",True,,
2026-10-06T09:47:04,Development,SOAP,runs/cert-soap.yaml,85,SAMPLE · Domestic · Ship Basic,POST,devwebservices.purolator.com/EWS/V2/Shipping/ShippingService.asmx,200,709,"2xx, no errors",True,400021520640,
2026-10-06T09:47:04,Development,SOAP,runs/cert-soap.yaml,86,SAMPLE · Domestic · Ship Express Cheque,POST,devwebservices.purolator.com/EWS/V2/Shipping/ShippingService.asmx,200,869,"2xx, no errors",True,400021520665,
2026-10-06T09:47:04,Development,SOAP,runs/cert-soap.yaml,87,SAMPLE · Domestic · Ship Special Handling Additional Handling,POST,devwebservices.purolator.com/EWS/V2/Shipping/ShippingService.asmx,200,652,"2xx, no errors",True,400021520681,
2026-10-06T09:47:04,Development,SOAP,runs/cert-soap.yaml,88,SAMPLE · Domestic · Ship Special Handling Flat Package,POST,devwebservices.purolator.com/EWS/V2/Shipping/ShippingService.asmx,200,625,"2xx, no errors",True,400021521424,
2026-10-06T09:47:04,Development,SOAP,runs/cert-soap.yaml,89,SAMPLE · Domestic · Ship Collect,POST,devwebservices.purolator.com/EWS/V2/Shipping/ShippingService.asmx,200,672,"2xx, no errors",True,400021520699,
2026-10-06T09:47:04,Development,SOAP,runs/cert-soap.yaml,90,SAMPLE · Domestic · Ship Notification to receiver,POST,devwebservices.purolator.com/EWS/V2/Shipping/ShippingService.asmx,200,653,"2xx, no errors",True,400021520707,
2026-10-06T09:47:04,Development,SOAP,runs/cert-soap.yaml,91,SAMPLE · Domestic · Ship Multiple Pieces,POST,devwebservices.purolator.com/EWS/V2/Shipping/ShippingService.asmx,200,678,"2xx, no errors",True,400021520715,
2026-10-06T09:47:04,Development,SOAP,runs/cert-soap.yaml,92,SAMPLE · Domestic · Ship Adult Signature Required,POST,devwebservices.purolator.com/EWS/V2/Shipping/ShippingService.asmx,200,606,"2xx, no errors",True,400021520723,
2026-10-06T09:47:04,Development,SOAP,runs/cert-soap.yaml,93,SAMPLE · Domestic · Ship With Return Label,POST,devwebservices.purolator.com/EWS/V2/Shipping/ShippingService.asmx,200,1428,"2xx, no errors",True,400021520731,
2026-10-06T09:47:04,Development,SOAP,runs/cert-soap.yaml,94,SAMPLE · Domestic · Ship Special Handling Additional Handling 2,POST,devwebservices.purolator.com/EWS/V2/Shipping/ShippingService.asmx,200,660,"2xx, no errors",True,400021520756,
2026-10-06T09:47:04,Development,SOAP,runs/cert-soap.yaml,95,SAMPLE · Domestic · Ship Special Handling Flat Package 2,POST,devwebservices.purolator.com/EWS/V2/Shipping/ShippingService.asmx,200,642,"2xx, no errors",True,400021520764,
2026-10-06T09:47:04,Development,SOAP,runs/cert-soap.yaml,96,SAMPLE · Domestic · Ship Special Handling Oversized,POST,devwebservices.purolator.com/EWS/V2/Shipping/ShippingService.asmx,200,910,"2xx, no errors",True,400021521432,
2026-10-06T09:47:04,Development,SOAP,runs/cert-soap.yaml,97,SAMPLE · Domestic · Ship Special Handling Residential Area Heavyweight,POST,devwebservices.purolator.com/EWS/V2/Shipping/ShippingService.asmx,200,604,"2xx, no errors",True,400021521440,
2026-10-06T09:47:04,Development,SOAP,runs/cert-soap.yaml,98,SAMPLE · Domestic · Ship Adult Signature Required 2,POST,devwebservices.purolator.com/EWS/V2/Shipping/ShippingService.asmx,200,654,"2xx, no errors",True,400021521457,
2026-10-06T09:47:04,Development,SOAP,runs/cert-soap.yaml,99,SAMPLE · Domestic · Ship OSNR,POST,devwebservices.purolator.com/EWS/V2/Shipping/ShippingService.asmx,200,662,"2xx, no errors",True,400021521465,
2026-10-06T09:47:04,Development,SOAP,runs/cert-soap.yaml,100,SAMPLE · Domestic · Ship With Date,POST,devwebservices.purolator.com/EWS/V2/Shipping/ShippingService.asmx,200,804,"2xx, no errors",True,400021521473,
2026-10-06T09:47:04,Development,SOAP,runs/cert-soap.yaml,101,SAMPLE · Domestic · Ship QuickShip,POST,devwebservices.purolator.com/EWS/V2/Shipping/ShippingService.asmx,200,443,"2xx, no errors",False,,1100508 Dangerous Goods Mode Air is not valid with Dangerous Goods Class Limited Quantities. | 1100508 Dangerous Goods Mode Air is not valid with Dangerous Goods Class LessThan 500KG Exempt. | 1100517 At least one of the following options must be specified when Dangerous Goods Indicator is selected: Dangerous Goods Mode or DangerousGoodsClass.
2026-10-06T09:47:04,Development,SOAP,runs/cert-soap.yaml,102,SAMPLE · Domestic · Ship Blind,POST,devwebservices.purolator.com/EWS/V2/Shipping/ShippingService.asmx,200,451,"2xx, no errors",False,,1100508 Dangerous Goods Mode Air is not valid with Dangerous Goods Class Limited Quantities. | 1100508 Dangerous Goods Mode Air is not valid with Dangerous Goods Class LessThan 500KG Exempt. | 1100517 At least one of the following options must be specified when Dangerous Goods Indicator is selected: Dangerous Goods Mode or DangerousGoodsClass.
2026-10-06T09:47:04,Development,SOAP,runs/cert-soap.yaml,103,SAMPLE · Domestic · Ship Dangerous Good,POST,devwebservices.purolator.com/EWS/V2/Shipping/ShippingService.asmx,200,400,"2xx, no errors",False,,1100508 Dangerous Goods Mode Air is not valid with Dangerous Goods Class Limited Quantities. | 1100508 Dangerous Goods Mode Air is not valid with Dangerous Goods Class LessThan 500KG Exempt. | 1100517 At least one of the following options must be specified when Dangerous Goods Indicator is selected: Dangerous Goods Mode or DangerousGoodsClass.
2026-10-06T09:47:04,Development,SOAP,runs/cert-soap.yaml,104,SAMPLE · Domestic · Ship Dangerous Good 2,POST,devwebservices.purolator.com/EWS/V2/Shipping/ShippingService.asmx,200,380,"2xx, no errors",False,,1100508 Dangerous Goods Mode Air is not valid with Dangerous Goods Class Limited Quantities. | 1100508 Dangerous Goods Mode Air is not valid with Dangerous Goods Class LessThan 500KG Exempt. | 1100517 At least one of the following options must be specified when Dangerous Goods Indicator is selected: Dangerous Goods Mode or DangerousGoodsClass.
2026-10-06T09:47:04,Development,SOAP,runs/cert-soap.yaml,105,SAMPLE · US · Ship Dangerous Goods,POST,devwebservices.purolator.com/EWS/V2/Shipping/ShippingService.asmx,200,667,"2xx, no errors",True,400021521481,
2026-10-06T09:47:04,Development,SOAP,runs/cert-soap.yaml,106,SAMPLE · Domestic · Void Ship Basic,POST,devwebservices.purolator.com/EWS/V2/Shipping/ShippingService.asmx,200,260,"2xx, no errors",True,,
2026-10-06T09:47:04,Development,SOAP,runs/cert-soap.yaml,107,SAMPLE · Domestic · Consolidate Basic,POST,devwebservices.purolator.com/EWS/V2/Shipping/ShippingService.asmx,200,274,"2xx, no errors",True,,
2026-10-06T09:47:04,Development,SOAP,runs/cert-soap.yaml,108,SAMPLE · US · Ship Jericho NY,POST,devwebservices.purolator.com/EWS/V2/Shipping/ShippingService.asmx,200,685,"2xx, no errors",True,400021521507,
2026-10-06T09:47:04,Development,SOAP,runs/cert-soap.yaml,109,ESTIMATE · Domestic · Dangerous Goods (sample),POST,devwebservices.purolator.com/EWS/V2/Estimating/EstimatingService.asmx,200,933,"2xx, no errors",True,,
2026-10-06T09:47:04,Development,SOAP,runs/cert-soap.yaml,110,QUICK ESTIMATE · Domestic · Basic,POST,devwebservices.purolator.com/EWS/V2/Estimating/EstimatingService.asmx,200,737,"2xx, no errors",True,,
2026-10-06T09:47:04,Development,SOAP,runs/cert-soap.yaml,111,ESTIMATE · Domestic · Adult Signature Required (sample),POST,devwebservices.purolator.com/EWS/V2/Estimating/EstimatingService.asmx,200,718,"2xx, no errors",True,,
2026-10-06T09:47:04,Development,SOAP,runs/cert-soap.yaml,112,QUICK ESTIMATE · International · Basic,POST,devwebservices.purolator.com/EWS/V2/Estimating/EstimatingService.asmx,200,537,"2xx, no errors",True,,
2026-10-06T09:47:04,Development,SOAP,runs/cert-soap.yaml,113,ESTIMATE · Domestic · Health Care,POST,devwebservices.purolator.com/EWS/V2/Estimating/EstimatingService.asmx,200,619,"2xx, no errors",True,,
2026-10-06T09:47:04,Development,SOAP,runs/cert-soap.yaml,114,QUICK ESTIMATE · US · Basic,POST,devwebservices.purolator.com/EWS/V2/Estimating/EstimatingService.asmx,200,463,"2xx, no errors",True,,
2026-10-06T09:47:04,Development,SOAP,runs/cert-soap.yaml,115,QUICK ESTIMATE · Domestic · Special Handling,POST,devwebservices.purolator.com/EWS/V2/Estimating/EstimatingService.asmx,200,640,"2xx, no errors",True,,
2026-10-06T09:47:04,Development,SOAP,runs/cert-soap.yaml,116,ESTIMATE · Domestic · Basic,POST,devwebservices.purolator.com/EWS/V2/Estimating/EstimatingService.asmx,200,629,"2xx, no errors",True,,
2026-10-06T09:47:04,Development,SOAP,runs/cert-soap.yaml,117,ESTIMATE · Domestic · Large Packages,POST,devwebservices.purolator.com/EWS/V2/Estimating/EstimatingService.asmx,200,783,"2xx, no errors",True,,
2026-10-06T09:47:04,Development,SOAP,runs/cert-soap.yaml,118,ESTIMATE · Domestic · Beyond Point,POST,devwebservices.purolator.com/EWS/V2/Estimating/EstimatingService.asmx,200,838,"2xx, no errors",True,,
2026-10-06T09:47:04,Development,SOAP,runs/cert-soap.yaml,119,ESTIMATE · Domestic · HFPU + Saturday Del,POST,devwebservices.purolator.com/EWS/V2/Estimating/EstimatingService.asmx,200,217,"2xx, no errors",False,,"1100636 For domestic outbound shipments, Saturday Delivery must be combined with Purolator Express and be created on a Friday."
2026-10-06T09:47:04,Development,SOAP,runs/cert-soap.yaml,120,ESTIMATE · Domestic · Residential Delivery,POST,devwebservices.purolator.com/EWS/V2/Estimating/EstimatingService.asmx,200,690,"2xx, no errors",True,,
2026-10-06T09:47:04,Development,SOAP,runs/cert-soap.yaml,121,QUICK ESTIMATE · Domestic · Basic (sample),POST,devwebservices.purolator.com/EWS/V2/Estimating/EstimatingService.asmx,200,657,"2xx, no errors",True,,
2026-10-06T09:47:04,Development,SOAP,runs/cert-soap.yaml,122,ESTIMATE · Domestic · Dangerous Goods,POST,devwebservices.purolator.com/EWS/V2/Estimating/EstimatingService.asmx,200,620,"2xx, no errors",True,,
2026-10-06T09:47:04,Development,SOAP,runs/cert-soap.yaml,123,ESTIMATE · Domestic · Express Cheque,POST,devwebservices.purolator.com/EWS/V2/Estimating/EstimatingService.asmx,200,1003,"2xx, no errors",True,,
2026-10-06T09:47:04,Development,SOAP,runs/cert-soap.yaml,124,ESTIMATE · Domestic · Return Label,POST,devwebservices.purolator.com/EWS/V2/Estimating/EstimatingService.asmx,200,1563,"2xx, no errors",True,,
2026-10-06T09:47:04,Development,SOAP,runs/cert-soap.yaml,125,ESTIMATE · Domestic · Express Cheque + Return Label,POST,devwebservices.purolator.com/EWS/V2/Estimating/EstimatingService.asmx,200,1865,"2xx, no errors",True,,
2026-10-06T09:47:04,Development,SOAP,runs/cert-soap.yaml,126,ESTIMATE · International · Basic,POST,devwebservices.purolator.com/EWS/V2/Estimating/EstimatingService.asmx,200,689,"2xx, no errors",True,,
2026-10-06T09:47:04,Development,SOAP,runs/cert-soap.yaml,127,ESTIMATE · International · France,POST,devwebservices.purolator.com/EWS/V2/Estimating/EstimatingService.asmx,200,718,"2xx, no errors",True,,
2026-10-06T09:47:04,Development,SOAP,runs/cert-soap.yaml,128,ESTIMATE · International · Israel,POST,devwebservices.purolator.com/EWS/V2/Estimating/EstimatingService.asmx,200,483,"2xx, no errors",True,,
2026-10-06T09:47:04,Development,SOAP,runs/cert-soap.yaml,129,ESTIMATE · International · Costa Rica,POST,devwebservices.purolator.com/EWS/V2/Estimating/EstimatingService.asmx,200,466,"2xx, no errors",False,,1100491 Product/Service is invalid.
2026-10-06T09:47:04,Development,SOAP,runs/cert-soap.yaml,130,ESTIMATE · US · Basic,POST,devwebservices.purolator.com/EWS/V2/Estimating/EstimatingService.asmx,200,646,"2xx, no errors",True,,
2026-10-06T09:47:04,Development,SOAP,runs/cert-soap.yaml,131,ESTIMATE · US · Textile,POST,devwebservices.purolator.com/EWS/V2/Estimating/EstimatingService.asmx,200,768,"2xx, no errors",True,,
2026-10-06T09:47:04,Development,SOAP,runs/cert-soap.yaml,132,ESTIMATE · Domestic · Shipment Date,POST,devwebservices.purolator.com/EWS/V2/Estimating/EstimatingService.asmx,200,758,"2xx, no errors",True,,
2026-10-06T09:47:04,Development,SOAP,runs/cert-soap.yaml,133,ESTIMATE · US · Residential Signature (import sample),POST,devwebservices.purolator.com/EWS/V2/Estimating/EstimatingService.asmx,200,614,"2xx, no errors",True,,
2026-10-06T09:47:04,Development,SOAP,runs/cert-soap.yaml,134,ESTIMATE · Domestic · Special Handling,POST,devwebservices.purolator.com/EWS/V2/Estimating/EstimatingService.asmx,200,1120,"2xx, no errors",True,,
2026-10-06T09:47:04,Development,SOAP,runs/cert-soap.yaml,135,ESTIMATE · Domestic · Adult Signature Required,POST,devwebservices.purolator.com/EWS/V2/Estimating/EstimatingService.asmx,200,690,"2xx, no errors",True,,
2026-10-06T09:47:04,Development,SOAP,runs/cert-soap.yaml,136,SAMPLE · Domestic · Estimate 2-Piece Notification,POST,devwebservices.purolator.com/EWS/V2/Estimating/EstimatingService.asmx,200,1104,"2xx, no errors",True,,
2026-10-06T09:47:04,Development,SOAP,runs/cert-soap.yaml,137,SAMPLE · Domestic · Estimate Basic,POST,devwebservices.purolator.com/EWS/V2/Estimating/EstimatingService.asmx,200,768,"2xx, no errors",True,,
2026-10-06T09:47:04,Development,SOAP,runs/cert-soap.yaml,138,SAMPLE · Domestic · Estimate With Return Label,POST,devwebservices.purolator.com/EWS/V2/Estimating/EstimatingService.asmx,200,1519,"2xx, no errors",True,,
2026-10-06T09:47:04,Development,SOAP,runs/cert-soap.yaml,139,SAMPLE · Domestic · Estimate Special Handling Additional Handling,POST,devwebservices.purolator.com/EWS/V2/Estimating/EstimatingService.asmx,200,752,"2xx, no errors",True,,
2026-10-06T09:47:04,Development,SOAP,runs/cert-soap.yaml,140,SAMPLE · Domestic · Estimate Special Handling Flat Package,POST,devwebservices.purolator.com/EWS/V2/Estimating/EstimatingService.asmx,200,696,"2xx, no errors",True,,
2026-10-06T09:47:04,Development,SOAP,runs/cert-soap.yaml,141,SAMPLE · Domestic · Estimate Special Handling Large Package,POST,devwebservices.purolator.com/EWS/V2/Estimating/EstimatingService.asmx,200,683,"2xx, no errors",True,,
2026-10-06T09:47:04,Development,SOAP,runs/cert-soap.yaml,142,SAMPLE · Domestic · Estimate Special Handling Oversized,POST,devwebservices.purolator.com/EWS/V2/Estimating/EstimatingService.asmx,200,877,"2xx, no errors",True,,
2026-10-06T09:47:04,Development,SOAP,runs/cert-soap.yaml,143,SAMPLE · Domestic · Estimate Special Handling Residential Area Heavyweight,POST,devwebservices.purolator.com/EWS/V2/Estimating/EstimatingService.asmx,200,733,"2xx, no errors",True,,
2026-10-06T09:47:04,Development,SOAP,runs/cert-soap.yaml,144,SAMPLE · Domestic · Estimate Destination Beyond Point,POST,devwebservices.purolator.com/EWS/V2/Estimating/EstimatingService.asmx,200,1002,"2xx, no errors",True,,
2026-10-06T09:47:04,Development,SOAP,runs/cert-soap.yaml,145,SAMPLE · Domestic · Estimate Residential Delivery,POST,devwebservices.purolator.com/EWS/V2/Estimating/EstimatingService.asmx,200,881,"2xx, no errors",True,,
2026-10-06T09:47:04,Development,SOAP,runs/cert-soap.yaml,146,SAMPLE · Domestic · Estimate Express Cheque,POST,devwebservices.purolator.com/EWS/V2/Estimating/EstimatingService.asmx,200,909,"2xx, no errors",True,,
2026-10-06T09:47:04,Development,SOAP,runs/cert-soap.yaml,147,SAMPLE · Domestic · Estimate Express Cheque With Return Label,POST,devwebservices.purolator.com/EWS/V2/Estimating/EstimatingService.asmx,200,1088,"2xx, no errors",True,,
2026-10-06T09:47:04,Development,SOAP,runs/cert-soap.yaml,148,SAMPLE · Domestic · Estimate Express Cheque Dangerous Good,POST,devwebservices.purolator.com/EWS/V2/Estimating/EstimatingService.asmx,200,289,"2xx, no errors",False,,1100570 ExpressCheque option is only available for Canadian shipments. | 3001116 At least one of the following options ID must be specified when ExpressCheque is selected: ExpressCheque Payment Amount. | 3001116 At least one of the following options ID must be specified when ExpressCheque is selected: Method of Payment. | 1100517 At least one of the following options must be specified when ExpressCheque is selected: Method of Payment. | 1100539 At least one of the following options value must be specified when ExpressCheque is selected: ExpressCheque Payment Amount. | 1100133 The ExpressCheque Country is a mandatory field. | 1100594 ExpressCheque Postal Code is invalid. | 1100595 ExpressCheque Postal Code is a mandatory field. | 1100213 Postal Code is invalid. | 1100104 The City Name is a mandatory field.
2026-10-06T09:47:04,Development,SOAP,runs/cert-soap.yaml,149,SAMPLE · Domestic · Estimate Dangerous Good FullyRegulated,POST,devwebservices.purolator.com/EWS/V2/Estimating/EstimatingService.asmx,200,707,"2xx, no errors",True,,
2026-10-06T09:47:04,Development,SOAP,runs/cert-soap.yaml,150,SAMPLE · Domestic · Estimate Dangerous Good UN3373,POST,devwebservices.purolator.com/EWS/V2/Estimating/EstimatingService.asmx,200,1062,"2xx, no errors",True,,
2026-10-06T09:47:04,Development,SOAP,runs/cert-soap.yaml,151,SAMPLE · Domestic · Estimate Dangerous Good UN1845,POST,devwebservices.purolator.com/EWS/V2/Estimating/EstimatingService.asmx,200,774,"2xx, no errors",True,,
2026-10-06T09:47:04,Development,SOAP,runs/cert-soap.yaml,152,SAMPLE · Domestic · Estimate Dangerous Good LessThan500kgExempt,POST,devwebservices.purolator.com/EWS/V2/Estimating/EstimatingService.asmx,200,824,"2xx, no errors",True,,
2026-10-06T09:47:04,Development,SOAP,runs/cert-soap.yaml,153,SAMPLE · Domestic · Estimate Dangerous Good LimitedQuantities,POST,devwebservices.purolator.com/EWS/V2/Estimating/EstimatingService.asmx,200,268,"2xx, no errors",False,,1100517 At least one of the following options must be specified when Dangerous Goods Indicator is selected: Dangerous Goods Mode or DangerousGoodsClass. | 1100508 Dangerous Goods Mode Air is not valid with Dangerous Goods Class Limited Quantities. | 1100508 Dangerous Goods Mode Air is not valid with Dangerous Goods Class LessThan 500KG Exempt.
2026-10-06T09:47:04,Development,SOAP,runs/cert-soap.yaml,154,SAMPLE · International · Estimate Basic,POST,devwebservices.purolator.com/EWS/V2/Estimating/EstimatingService.asmx,200,823,"2xx, no errors",True,,
2026-10-06T09:47:04,Development,SOAP,runs/cert-soap.yaml,155,SAMPLE · US · Estimate Basic,POST,devwebservices.purolator.com/EWS/V2/Estimating/EstimatingService.asmx,200,789,"2xx, no errors",True,,
2026-10-06T09:47:04,Development,SOAP,runs/cert-soap.yaml,156,SAMPLE · US · Estimate With Textile,POST,devwebservices.purolator.com/EWS/V2/Estimating/EstimatingService.asmx,200,588,"2xx, no errors",True,,
2026-10-06T09:47:04,Development,SOAP,runs/cert-soap.yaml,157,SAMPLE · US · Estimate Dangerous Good,POST,devwebservices.purolator.com/EWS/V2/Estimating/EstimatingService.asmx,200,620,"2xx, no errors",True,,
2026-10-06T09:47:04,Development,SOAP,runs/cert-soap.yaml,158,SAMPLE · Domestic · Quick Estimate Basic,POST,devwebservices.purolator.com/EWS/V2/Estimating/EstimatingService.asmx,200,713,"2xx, no errors",True,,
2026-10-06T09:47:04,Development,SOAP,runs/cert-soap.yaml,159,SAMPLE · Domestic · Quick Estimate Special Handling,POST,devwebservices.purolator.com/EWS/V2/Estimating/EstimatingService.asmx,200,923,"2xx, no errors",True,,
2026-10-06T09:47:04,Development,SOAP,runs/cert-soap.yaml,160,SAMPLE · International · Quick Estimate Basic,POST,devwebservices.purolator.com/EWS/V2/Estimating/EstimatingService.asmx,200,561,"2xx, no errors",True,,
2026-10-06T09:47:04,Development,SOAP,runs/cert-soap.yaml,161,SAMPLE · US · Quick Estimate Basic,POST,devwebservices.purolator.com/EWS/V2/Estimating/EstimatingService.asmx,200,493,"2xx, no errors",True,,
2026-10-06T09:47:04,Development,SOAP,runs/cert-soap.yaml,162,SAMPLE · International · Estimate Germany,POST,devwebservices.purolator.com/EWS/V2/Estimating/EstimatingService.asmx,200,547,"2xx, no errors",True,,
2026-10-06T09:47:04,Development,SOAP,runs/cert-soap.yaml,163,SAMPLE · International · Estimate Germany Bayern,POST,devwebservices.purolator.com/EWS/V2/Estimating/EstimatingService.asmx,200,534,"2xx, no errors",True,,
2026-10-06T09:47:04,Development,SOAP,runs/cert-soap.yaml,164,SAMPLE · International · Estimate Spain,POST,devwebservices.purolator.com/EWS/V2/Estimating/EstimatingService.asmx,200,571,"2xx, no errors",True,,
2026-10-06T09:47:04,Development,SOAP,runs/cert-soap.yaml,165,SAMPLE · International · Estimate Israel,POST,devwebservices.purolator.com/EWS/V2/Estimating/EstimatingService.asmx,200,654,"2xx, no errors",True,,
2026-10-06T09:47:04,Development,SOAP,runs/cert-soap.yaml,166,SAMPLE · International · Estimate Costa Rica,POST,devwebservices.purolator.com/EWS/V2/Estimating/EstimatingService.asmx,200,633,"2xx, no errors",True,,
2026-10-06T09:47:04,Development,SOAP,runs/cert-soap.yaml,167,SAMPLE · US · Estimate Residential Signature,POST,devwebservices.purolator.com/EWS/V2/Estimating/EstimatingService.asmx,200,619,"2xx, no errors",True,,
2026-10-06T09:47:04,Development,SOAP,runs/cert-soap.yaml,168,SAMPLE · US · Estimate Jericho NY,POST,devwebservices.purolator.com/EWS/V2/Estimating/EstimatingService.asmx,200,838,"2xx, no errors",True,,
2026-10-06T09:47:04,Development,SOAP,runs/cert-soap.yaml,169,SAMPLE · Domestic · Estimate Express 1030AM,POST,devwebservices.purolator.com/EWS/V2/Estimating/EstimatingService.asmx,200,584,"2xx, no errors",True,,
2026-10-06T09:47:04,Development,SOAP,runs/cert-soap.yaml,170,RETURN · Domestic · Basic,POST,devwebservices.purolator.com/EWS/V2/ReturnsManagement/ReturnsManagementService.asmx,200,655,"2xx, no errors",True,400021520780,
2026-10-06T09:47:04,Development,SOAP,runs/cert-soap.yaml,171,RETURN · Domestic · Large Package,POST,devwebservices.purolator.com/EWS/V2/ReturnsManagement/ReturnsManagementService.asmx,200,648,"2xx, no errors",True,400021521515,
2026-10-06T09:47:04,Development,SOAP,runs/cert-soap.yaml,172,RETURN · Domestic · Large Package · FR,POST,devwebservices.purolator.com/EWS/V2/ReturnsManagement/ReturnsManagementService.asmx,200,640,"2xx, no errors",True,400021521523,
2026-10-06T09:47:04,Development,SOAP,runs/cert-soap.yaml,173,RETURN · Domestic · Special Handling,POST,devwebservices.purolator.com/EWS/V2/ReturnsManagement/ReturnsManagementService.asmx,200,683,"2xx, no errors",True,400021521531,
2026-10-06T09:47:04,Development,SOAP,runs/cert-soap.yaml,174,VALIDATE RETURN · Domestic · Basic,POST,devwebservices.purolator.com/EWS/V2/ReturnsManagement/ReturnsManagementService.asmx,200,589,"2xx, no errors",True,,
2026-10-06T09:47:04,Development,SOAP,runs/cert-soap.yaml,175,RETURN · Domestic · Basic · FR,POST,devwebservices.purolator.com/EWS/V2/ReturnsManagement/ReturnsManagementService.asmx,200,825,"2xx, no errors",True,400021521549,
2026-10-06T09:47:04,Development,SOAP,runs/cert-soap.yaml,176,VALIDATE RETURN · Domestic · Special Handling,POST,devwebservices.purolator.com/EWS/V2/ReturnsManagement/ReturnsManagementService.asmx,200,602,"2xx, no errors",True,,
2026-10-06T09:47:04,Development,SOAP,runs/cert-soap.yaml,177,RETURN · Domestic · Special Handling · FR,POST,devwebservices.purolator.com/EWS/V2/ReturnsManagement/ReturnsManagementService.asmx,200,771,"2xx, no errors",True,400021521556,
2026-10-06T09:47:04,Development,SOAP,runs/cert-soap.yaml,178,VALIDATE RETURN · Domestic · Basic · FR,POST,devwebservices.purolator.com/EWS/V2/ReturnsManagement/ReturnsManagementService.asmx,200,608,"2xx, no errors",True,,
2026-10-06T09:47:04,Development,SOAP,runs/cert-soap.yaml,179,VALIDATE RETURN · Domestic · Special Handling · FR,POST,devwebservices.purolator.com/EWS/V2/ReturnsManagement/ReturnsManagementService.asmx,200,638,"2xx, no errors",True,,
2026-10-06T09:47:04,Development,SOAP,runs/cert-soap.yaml,180,SAMPLE · Domestic · Validate Return 2-Piece Notification,POST,devwebservices.purolator.com/EWS/V2/ReturnsManagement/ReturnsManagementService.asmx,200,832,"2xx, no errors",True,,
2026-10-06T09:47:04,Development,SOAP,runs/cert-soap.yaml,181,SAMPLE · Domestic · Validate Return Basic,POST,devwebservices.purolator.com/EWS/V2/ReturnsManagement/ReturnsManagementService.asmx,200,618,"2xx, no errors",True,,
2026-10-06T09:47:04,Development,SOAP,runs/cert-soap.yaml,182,SAMPLE · Domestic · Validate Return Special Handling Additional Handling,POST,devwebservices.purolator.com/EWS/V2/ReturnsManagement/ReturnsManagementService.asmx,200,635,"2xx, no errors",True,,
2026-10-06T09:47:04,Development,SOAP,runs/cert-soap.yaml,183,SAMPLE · Domestic · Validate Return Special Handling Flat Package,POST,devwebservices.purolator.com/EWS/V2/ReturnsManagement/ReturnsManagementService.asmx,200,618,"2xx, no errors",True,,
2026-10-06T09:47:04,Development,SOAP,runs/cert-soap.yaml,184,SAMPLE · Domestic · Validate Return Special Handling Large Package,POST,devwebservices.purolator.com/EWS/V2/ReturnsManagement/ReturnsManagementService.asmx,200,849,"2xx, no errors",True,,
2026-10-06T09:47:04,Development,SOAP,runs/cert-soap.yaml,185,SAMPLE · Domestic · Validate Return Special Handling Oversized,POST,devwebservices.purolator.com/EWS/V2/ReturnsManagement/ReturnsManagementService.asmx,200,721,"2xx, no errors",True,,
2026-10-06T09:47:04,Development,SOAP,runs/cert-soap.yaml,186,SAMPLE · Domestic · Validate Return Special Handling Residential Area Heavyweight,POST,devwebservices.purolator.com/EWS/V2/ReturnsManagement/ReturnsManagementService.asmx,200,582,"2xx, no errors",True,,
2026-10-06T09:47:04,Development,SOAP,runs/cert-soap.yaml,187,SAMPLE · Domestic · Validate Return Special Handling Residential Delivery,POST,devwebservices.purolator.com/EWS/V2/ReturnsManagement/ReturnsManagementService.asmx,200,671,"2xx, no errors",True,,
2026-10-06T09:47:04,Development,SOAP,runs/cert-soap.yaml,188,DOCUMENTS · Domestic · Chain of Signature Bill of Lading,POST,devwebservices.purolator.com/EWS/V1/ShippingDocuments/ShippingDocumentsService.asmx,200,377,"2xx, no errors",True,,
2026-10-06T09:47:04,Development,SOAP,runs/cert-soap.yaml,189,DOCUMENTS · Domestic · All Documents (freight sample),POST,devwebservices.purolator.com/EWS/V1/ShippingDocuments/ShippingDocumentsService.asmx,200,280,"2xx, no errors",True,,
2026-10-06T09:47:04,Development,SOAP,runs/cert-soap.yaml,190,DOCUMENTS · Domestic · QR Code,POST,devwebservices.purolator.com/EWS/V1/ShippingDocuments/ShippingDocumentsService.asmx,200,281,"2xx, no errors",True,,
2026-10-06T09:47:04,Development,SOAP,runs/cert-soap.yaml,191,DOCUMENTS · Domestic · Dangerous Goods Declaration (sample),POST,devwebservices.purolator.com/EWS/V1/ShippingDocuments/ShippingDocumentsService.asmx,200,237,"2xx, no errors",True,,
2026-10-06T09:47:04,Development,SOAP,runs/cert-soap.yaml,192,DOCUMENTS · Domestic · All Documents (sample),POST,devwebservices.purolator.com/EWS/V1/ShippingDocuments/ShippingDocumentsService.asmx,200,370,"2xx, no errors",True,,
2026-10-06T09:47:04,Development,SOAP,runs/cert-soap.yaml,193,"DOCUMENTS · Domestic · Bill of Lading (Thermal, sample)",POST,devwebservices.purolator.com/EWS/V1/ShippingDocuments/ShippingDocumentsService.asmx,200,227,"2xx, no errors",True,,
2026-10-06T09:47:04,Development,SOAP,runs/cert-soap.yaml,194,DOCUMENTS · Domestic · Bill of Lading,POST,devwebservices.purolator.com/EWS/V1/ShippingDocuments/ShippingDocumentsService.asmx,200,222,"2xx, no errors",True,,
2026-10-06T09:47:04,Development,SOAP,runs/cert-soap.yaml,195,DOCUMENTS · Domestic · Bill of Lading (Thermal),POST,devwebservices.purolator.com/EWS/V1/ShippingDocuments/ShippingDocumentsService.asmx,200,216,"2xx, no errors",True,,
2026-10-06T09:47:04,Development,SOAP,runs/cert-soap.yaml,196,DOCUMENTS · International · Bill of Lading,POST,devwebservices.purolator.com/EWS/V1/ShippingDocuments/ShippingDocumentsService.asmx,200,197,"2xx, no errors",True,,
2026-10-06T09:47:04,Development,SOAP,runs/cert-soap.yaml,197,DOCUMENTS · US · Bill of Lading,POST,devwebservices.purolator.com/EWS/V1/ShippingDocuments/ShippingDocumentsService.asmx,200,236,"2xx, no errors",True,,
2026-10-06T09:47:04,Development,SOAP,runs/cert-soap.yaml,198,DOCUMENTS · Domestic · Dangerous Goods Declaration,POST,devwebservices.purolator.com/EWS/V1/ShippingDocuments/ShippingDocumentsService.asmx,200,252,"2xx, no errors",True,,
2026-10-06T09:47:04,Development,SOAP,runs/cert-soap.yaml,199,DOCUMENTS · International · Customs Invoice,POST,devwebservices.purolator.com/EWS/V1/ShippingDocuments/ShippingDocumentsService.asmx,200,208,"2xx, no errors",True,,
2026-10-06T09:47:04,Development,SOAP,runs/cert-soap.yaml,200,MANIFEST · Shipment Manifest Document,POST,devwebservices.purolator.com/EWS/V1/ShippingDocuments/ShippingDocumentsService.asmx,403,248,"2xx, no errors",False,,
2026-10-06T09:47:04,Development,SOAP,runs/cert-soap.yaml,201,SAMPLE · Domestic · Documents Bill of Lading PDF,POST,devwebservices.purolator.com/EWS/V1/ShippingDocuments/ShippingDocumentsService.asmx,200,398,"2xx, no errors",True,,
2026-10-06T09:47:04,Development,SOAP,runs/cert-soap.yaml,202,SAMPLE · Domestic · Documents Bill of Lading Thermal PDF,POST,devwebservices.purolator.com/EWS/V1/ShippingDocuments/ShippingDocumentsService.asmx,200,287,"2xx, no errors",True,,
2026-10-06T09:47:04,Development,SOAP,runs/cert-soap.yaml,203,SAMPLE · Domestic · Documents Bill of Lading Thermal ZPL,POST,devwebservices.purolator.com/EWS/V1/ShippingDocuments/ShippingDocumentsService.asmx,200,222,"2xx, no errors",True,,
2026-10-06T09:47:04,Development,SOAP,runs/cert-soap.yaml,204,SAMPLE · Domestic · Documents Chain of Signature Bill of Lading PDF,POST,devwebservices.purolator.com/EWS/V1/ShippingDocuments/ShippingDocumentsService.asmx,200,344,"2xx, no errors",True,,
2026-10-06T09:47:04,Development,SOAP,runs/cert-soap.yaml,205,SAMPLE · International · Documents Bill of Lading PDF,POST,devwebservices.purolator.com/EWS/V1/ShippingDocuments/ShippingDocumentsService.asmx,200,351,"2xx, no errors",True,,
2026-10-06T09:47:04,Development,SOAP,runs/cert-soap.yaml,206,SAMPLE · Domestic · Documents QR Code,POST,devwebservices.purolator.com/EWS/V1/ShippingDocuments/ShippingDocumentsService.asmx,200,398,"2xx, no errors",True,,
2026-10-06T09:47:04,Development,SOAP,runs/cert-soap.yaml,207,SAMPLE · Domestic · Documents Dangerous Goods Declaration,POST,devwebservices.purolator.com/EWS/V1/ShippingDocuments/ShippingDocumentsService.asmx,200,357,"2xx, no errors",False,,1001181 Unsupport Document Type.
2026-10-06T09:47:04,Development,SOAP,runs/cert-soap.yaml,208,SAMPLE · Domestic · Documents Bill of Lading PDF Multiple Labels,POST,devwebservices.purolator.com/EWS/V1/ShippingDocuments/ShippingDocumentsService.asmx,200,205,"2xx, no errors",True,,
2026-10-06T09:47:04,Development,SOAP,runs/cert-soap.yaml,209,SAMPLE · Domestic · Documents Express Cheque Receipt Thermal ZPL,POST,devwebservices.purolator.com/EWS/V1/ShippingDocuments/ShippingDocumentsService.asmx,200,238,"2xx, no errors",True,,
2026-10-06T09:47:04,Development,SOAP,runs/cert-soap.yaml,210,SAMPLE · Domestic · Manifest Shipment Manifest Document,POST,devwebservices.purolator.com/EWS/V1/ShippingDocuments/ShippingDocumentsService.asmx,200,371,"2xx, no errors",True,,
2026-10-06T09:47:04,Development,SOAP,runs/cert-soap.yaml,211,ADDRESS CHECK · Domestic · Wrong City,POST,devwebservices.purolator.com/EWS/V2/ServiceAvailability/ServiceAvailabilityService.asmx,200,370,"2xx, no errors",False,,1001144 One or more addresses are invalid or suggestions are supplied. | 1143 Suggested address is supplied.
2026-10-06T09:47:04,Development,SOAP,runs/cert-soap.yaml,212,ADDRESS CHECK · Domestic · Wrong Province,POST,devwebservices.purolator.com/EWS/V2/ServiceAvailability/ServiceAvailabilityService.asmx,200,406,"2xx, no errors",False,,1001144 One or more addresses are invalid or suggestions are supplied. | 1143 Suggested address is supplied.
2026-10-06T09:47:04,Development,SOAP,runs/cert-soap.yaml,213,ADDRESS CHECK · US · Wrong State and City,POST,devwebservices.purolator.com/EWS/V2/ServiceAvailability/ServiceAvailabilityService.asmx,200,407,"2xx, no errors",False,,1001144 One or more addresses are invalid or suggestions are supplied. | 1143 Suggested address is supplied.
2026-10-06T09:47:04,Development,SOAP,runs/cert-soap.yaml,214,ADDRESS CHECK · US · Wrong State,POST,devwebservices.purolator.com/EWS/V2/ServiceAvailability/ServiceAvailabilityService.asmx,200,273,"2xx, no errors",False,,1001144 One or more addresses are invalid or suggestions are supplied. | 1143 Suggested address is supplied.
2026-10-06T09:47:04,Development,SOAP,runs/cert-soap.yaml,215,SERVICE OPTIONS · Domestic · Basic,POST,devwebservices.purolator.com/EWS/V2/ServiceAvailability/ServiceAvailabilityService.asmx,200,733,"2xx, no errors",True,,
2026-10-06T09:47:04,Development,SOAP,runs/cert-soap.yaml,216,SERVICE OPTIONS · Domestic · Remote Location (CPC local),POST,devwebservices.purolator.com/EWS/V2/ServiceAvailability/ServiceAvailabilityService.asmx,200,598,"2xx, no errors",True,,
2026-10-06T09:47:04,Development,SOAP,runs/cert-soap.yaml,217,SERVICE OPTIONS · International · Basic,POST,devwebservices.purolator.com/EWS/V2/ServiceAvailability/ServiceAvailabilityService.asmx,200,466,"2xx, no errors",True,,
2026-10-06T09:47:04,Development,SOAP,runs/cert-soap.yaml,218,SERVICE OPTIONS · US · Basic,POST,devwebservices.purolator.com/EWS/V2/ServiceAvailability/ServiceAvailabilityService.asmx,200,625,"2xx, no errors",True,,
2026-10-06T09:47:04,Development,SOAP,runs/cert-soap.yaml,219,SERVICE RULES · Domestic · Basic,POST,devwebservices.purolator.com/EWS/V2/ServiceAvailability/ServiceAvailabilityService.asmx,200,811,"2xx, no errors",True,,
2026-10-06T09:47:04,Development,SOAP,runs/cert-soap.yaml,220,SERVICE RULES · International · Basic,POST,devwebservices.purolator.com/EWS/V2/ServiceAvailability/ServiceAvailabilityService.asmx,200,614,"2xx, no errors",True,,
2026-10-06T09:47:04,Development,SOAP,runs/cert-soap.yaml,221,SERVICE RULES · US · Basic,POST,devwebservices.purolator.com/EWS/V2/ServiceAvailability/ServiceAvailabilityService.asmx,200,431,"2xx, no errors",True,,
2026-10-06T09:47:04,Development,SOAP,runs/cert-soap.yaml,222,SERVICE OPTIONS · Domestic · Shipment Date,POST,devwebservices.purolator.com/EWS/V2/ServiceAvailability/ServiceAvailabilityService.asmx,200,674,"2xx, no errors",True,,
2026-10-06T09:47:04,Development,SOAP,runs/cert-soap.yaml,223,SAMPLE · International · Service Options Basic,POST,devwebservices.purolator.com/EWS/V2/ServiceAvailability/ServiceAvailabilityService.asmx,200,562,"2xx, no errors",True,,
2026-10-06T09:47:04,Development,SOAP,runs/cert-soap.yaml,224,SAMPLE · Domestic · Service Rules Basic,POST,devwebservices.purolator.com/EWS/V2/ServiceAvailability/ServiceAvailabilityService.asmx,200,727,"2xx, no errors",True,,
2026-10-06T09:47:04,Development,SOAP,runs/cert-soap.yaml,225,SAMPLE · Domestic · Address Check Basic,POST,devwebservices.purolator.com/EWS/V2/ServiceAvailability/ServiceAvailabilityService.asmx,200,524,"2xx, no errors",False,,1001144 One or more addresses are invalid or suggestions are supplied. | 1143 Suggested address is supplied.
2026-10-06T09:47:04,Development,SOAP,runs/cert-soap.yaml,226,TRACK · Another Account's Shipment,POST,devwebservices.purolator.com/EWS/v2/ShipmentTracking/ShipmentTrackingService.asmx,200,245,"2xx, no errors",True,,
2026-10-06T09:47:04,Development,SOAP,runs/cert-soap.yaml,227,TRACK · Delivery Details,POST,devwebservices.purolator.com/EWS/V1/Tracking/TrackingService.asmx,200,332,"2xx, no errors",True,,
2026-10-06T09:47:04,Development,SOAP,runs/cert-soap.yaml,228,TRACK · By PIN,POST,devwebservices.purolator.com/EWS/V1/Tracking/TrackingService.asmx,200,206,"2xx, no errors",True,,
2026-10-06T09:47:04,Development,SOAP,runs/cert-soap.yaml,229,TRACK · Last Event,POST,devwebservices.purolator.com/EWS/v2/ShipmentTracking/ShipmentTrackingService.asmx,200,280,"2xx, no errors",True,,
2026-10-06T09:47:04,Development,SOAP,runs/cert-soap.yaml,230,TRACK · By Reference,POST,devwebservices.purolator.com/EWS/V1/Tracking/TrackingService.asmx,200,205,"2xx, no errors",False,,"3001136 Service version is invalid | 3003001 Language is missing or invalid. Valid values are: en, fr"
2026-10-06T09:47:04,Development,SOAP,runs/cert-soap.yaml,231,TRACK · Full Event History,POST,devwebservices.purolator.com/EWS/v2/ShipmentTracking/ShipmentTrackingService.asmx,200,249,"2xx, no errors",True,,
2026-10-06T09:47:04,Development,SOAP,runs/cert-soap.yaml,232,TRACK V2 · Single PIN,POST,devwebservices.purolator.com/EWS/v2/ShipmentTracking/ShipmentTrackingService.asmx,200,228,"2xx, no errors",True,,
2026-10-06T09:47:04,Development,SOAP,runs/cert-soap.yaml,233,TRACK V2 · Multiple PINs,POST,devwebservices.purolator.com/EWS/v2/ShipmentTracking/ShipmentTrackingService.asmx,200,433,"2xx, no errors",True,,
2026-10-06T09:47:04,Development,SOAP,runs/cert-soap.yaml,234,TRACK V2 · Reference,POST,devwebservices.purolator.com/EWS/v2/ShipmentTracking/ShipmentTrackingService.asmx,200,220,"2xx, no errors",False,,3002012 Tracking number is required.
2026-10-06T09:47:04,Development,SOAP,runs/cert-soap.yaml,235,TRACK V2 · Proof of delivery,POST,devwebservices.purolator.com/EWS/v2/ShipmentTracking/ShipmentTrackingService.asmx,200,223,"2xx, no errors",True,,
2026-10-06T09:47:04,Development,SOAP,runs/cert-soap.yaml,236,TRACK V2 · Shipment view,POST,devwebservices.purolator.com/EWS/v2/ShipmentTracking/ShipmentTrackingService.asmx,200,414,"2xx, no errors",True,,
2026-10-06T09:47:04,Development,SOAP,runs/cert-soap.yaml,237,TRACK V2 · Date range,POST,devwebservices.purolator.com/EWS/v2/ShipmentTracking/ShipmentTrackingService.asmx,200,226,"2xx, no errors",True,,
2026-10-06T09:47:04,Development,SOAP,runs/cert-soap.yaml,238,TRACK V2 · Account and destination,POST,devwebservices.purolator.com/EWS/v2/ShipmentTracking/ShipmentTrackingService.asmx,200,235,"2xx, no errors",True,,
2026-10-06T09:47:04,Development,SOAP,runs/cert-soap.yaml,239,TRACK V2 · Event sort order,POST,devwebservices.purolator.com/EWS/v2/ShipmentTracking/ShipmentTrackingService.asmx,200,235,"2xx, no errors",True,,
2026-10-06T09:47:04,Development,SOAP,runs/cert-soap.yaml,240,SAMPLE · Domestic · Track By PIN,POST,devwebservices.purolator.com/EWS/V1/Tracking/TrackingService.asmx,200,385,"2xx, no errors",True,,
2026-10-06T09:47:04,Development,SOAP,runs/cert-soap.yaml,241,SAMPLE · Domestic · Track Delivery Details,POST,devwebservices.purolator.com/EWS/V1/Tracking/TrackingService.asmx,200,343,"2xx, no errors",True,,
2026-10-06T09:47:04,Development,SOAP,runs/cert-soap.yaml,242,SAMPLE · Domestic · Track V2 By Reference,POST,devwebservices.purolator.com/EWS/v2/ShipmentTracking/ShipmentTrackingService.asmx,200,384,"2xx, no errors",True,,
2026-10-06T09:47:04,Development,SOAP,runs/cert-soap.yaml,243,SAMPLE · Domestic · Track V2 Proof of Delivery,POST,devwebservices.purolator.com/EWS/v2/ShipmentTracking/ShipmentTrackingService.asmx,200,246,"2xx, no errors",True,,
2026-10-06T09:47:04,Development,SOAP,runs/cert-soap.yaml,244,SAMPLE · Domestic · Track V2 Last Event,POST,devwebservices.purolator.com/EWS/v2/ShipmentTracking/ShipmentTrackingService.asmx,200,243,"2xx, no errors",True,,
2026-10-06T09:47:04,Development,SOAP,runs/cert-soap.yaml,245,LOCATE · By Address,POST,devwebservices.purolator.com/EWS/V1/Locator/LocatorService.asmx,200,716,"2xx, no errors",True,,
2026-10-06T09:47:04,Development,SOAP,runs/cert-soap.yaml,246,LOCATE · By City,POST,devwebservices.purolator.com/EWS/V1/Locator/LocatorService.asmx,200,904,"2xx, no errors",True,,
2026-10-06T09:47:04,Development,SOAP,runs/cert-soap.yaml,247,LOCATE · By Coordinates,POST,devwebservices.purolator.com/EWS/V1/Locator/LocatorService.asmx,200,685,"2xx, no errors",True,,
2026-10-06T09:47:04,Development,SOAP,runs/cert-soap.yaml,248,LOCATE · By Point of Interest,POST,devwebservices.purolator.com/EWS/V1/Locator/LocatorService.asmx,200,260,"2xx, no errors",False,,"3001136 Service version is invalid. | 3003001 Language is missing or invalid. Valid values are: en, fr. | 3002032 Invalid LocationType Code: ?. Valid values are: BestBuy, DropBox, Michaels, MobileQuickStop, PenguinPickUp, PUDO, QSPickupLocker, QuickDropKiosk, QuickSetupKiosk, QuickStopAgent, QuickStopPopup, RetailPopup, ShippingAgent, ShippingCentre, Smarthub, Staples."
2026-10-06T09:47:04,Development,SOAP,runs/cert-soap.yaml,249,LOCATE · By Postal Code,POST,devwebservices.purolator.com/EWS/V1/Locator/LocatorService.asmx,200,913,"2xx, no errors",True,,
2026-10-06T09:47:04,Development,SOAP,runs/cert-soap.yaml,250,SAMPLE · Domestic · Locate By Address,POST,devwebservices.purolator.com/EWS/V1/Locator/LocatorService.asmx,200,563,"2xx, no errors",True,,
2026-10-06T09:47:04,Development,SOAP,runs/cert-soap.yaml,251,SAMPLE · Domestic · Locate By City,POST,devwebservices.purolator.com/EWS/V1/Locator/LocatorService.asmx,200,597,"2xx, no errors",True,,
2026-10-06T09:47:04,Development,SOAP,runs/cert-soap.yaml,252,SAMPLE · Domestic · Locate By Postal Code,POST,devwebservices.purolator.com/EWS/V1/Locator/LocatorService.asmx,200,840,"2xx, no errors",True,,
2026-10-06T09:47:04,Development,SOAP,runs/cert-soap.yaml,253,SAMPLE · Domestic · Locate By Coordinates,POST,devwebservices.purolator.com/EWS/V1/Locator/LocatorService.asmx,200,583,"2xx, no errors",True,,
2026-10-06T09:47:04,Development,SOAP,runs/cert-soap.yaml,254,FREIGHT · Estimate · Multi Line Item,POST,devwebservices.purolator.com/EWS/V1/FreightEstimating/FreightEstimatingService.asmx,403,226,"2xx, no errors",False,,403 Access Denied.
2026-10-06T09:47:04,Development,SOAP,runs/cert-soap.yaml,255,FREIGHT · Estimate · From Create Shipment Sample,POST,devwebservices.purolator.com/EWS/V1/FreightEstimating/FreightEstimatingService.asmx,403,218,"2xx, no errors",False,,403 Access Denied.
2026-10-06T09:47:04,Development,SOAP,runs/cert-soap.yaml,256,FREIGHT · Estimate · With Accessorials,POST,devwebservices.purolator.com/EWS/V1/FreightEstimating/FreightEstimatingService.asmx,403,220,"2xx, no errors",False,,403 Access Denied.
2026-10-06T09:47:04,Development,SOAP,runs/cert-soap.yaml,257,FREIGHT · Estimate · Rate by Address,POST,devwebservices.purolator.com/EWS/V1/FreightEstimating/FreightEstimatingService.asmx,403,193,"2xx, no errors",False,,403 Access Denied.
2026-10-06T09:47:04,Development,SOAP,runs/cert-soap.yaml,258,SAMPLE · Domestic · Freight Estimate Basic,POST,devwebservices.purolator.com/EWS/V1/FreightEstimating/FreightEstimatingService.asmx,200,1079,"2xx, no errors",True,,
2026-10-06T09:47:04,Development,SOAP,runs/cert-soap.yaml,259,SAMPLE · Domestic · Freight Ship Basic,POST,devwebservices.purolator.com/EWS/V1/FreightShipping/FreightShippingService.asmx,200,930,"2xx, no errors",True,,
2026-10-06T09:47:04,Development,SOAP,runs/cert-soap.yaml,260,SAMPLE · Domestic · Freight Track By PIN,POST,devwebservices.purolator.com/EWS/V1/FreightTracking/FreightTrackingService.asmx,200,394,"2xx, no errors",False,,3000035 No shipments matched your search criteria.
2026-10-06T09:47:04,Development,SOAP,runs/cert-soap-products.yaml,1,PRODUCT · PurolatorExpress,POST,devwebservices.purolator.com/EWS/V2/Shipping/ShippingService.asmx,200,893,"2xx, no errors",True,400021521564,
2026-10-06T09:47:04,Development,SOAP,runs/cert-soap-products.yaml,2,PRODUCT · PurolatorExpress · FR,POST,devwebservices.purolator.com/EWS/V2/Shipping/ShippingService.asmx,200,653,"2xx, no errors",True,400021521572,
2026-10-06T09:47:04,Development,SOAP,runs/cert-soap-products.yaml,3,PRODUCT · PurolatorExpress9AM,POST,devwebservices.purolator.com/EWS/V2/Shipping/ShippingService.asmx,200,804,"2xx, no errors",True,400021521580,
2026-10-06T09:47:04,Development,SOAP,runs/cert-soap-products.yaml,4,PRODUCT · PurolatorExpress9AM · FR,POST,devwebservices.purolator.com/EWS/V2/Shipping/ShippingService.asmx,200,1024,"2xx, no errors",True,400021521598,
2026-10-06T09:47:04,Development,SOAP,runs/cert-soap-products.yaml,5,PRODUCT · PurolatorExpress1030AM,POST,devwebservices.purolator.com/EWS/V2/Shipping/ShippingService.asmx,200,692,"2xx, no errors",True,400021521606,
2026-10-06T09:47:04,Development,SOAP,runs/cert-soap-products.yaml,6,PRODUCT · PurolatorExpress1030AM · FR,POST,devwebservices.purolator.com/EWS/V2/Shipping/ShippingService.asmx,200,729,"2xx, no errors",True,400021521614,
2026-10-06T09:47:04,Development,SOAP,runs/cert-soap-products.yaml,7,PRODUCT · PurolatorExpress12PM,POST,devwebservices.purolator.com/EWS/V2/Shipping/ShippingService.asmx,200,645,"2xx, no errors",True,400021521622,
2026-10-06T09:47:04,Development,SOAP,runs/cert-soap-products.yaml,8,PRODUCT · PurolatorExpress12PM · FR,POST,devwebservices.purolator.com/EWS/V2/Shipping/ShippingService.asmx,200,594,"2xx, no errors",True,400021521630,
2026-10-06T09:47:04,Development,SOAP,runs/cert-soap-products.yaml,9,PRODUCT · PurolatorExpressEvening,POST,devwebservices.purolator.com/EWS/V2/Shipping/ShippingService.asmx,200,607,"2xx, no errors",False,,1100491 Product/Service is invalid.
2026-10-06T09:47:04,Development,SOAP,runs/cert-soap-products.yaml,10,PRODUCT · PurolatorExpressEvening · FR,POST,devwebservices.purolator.com/EWS/V2/Shipping/ShippingService.asmx,200,848,"2xx, no errors",False,,1100491 Le produit est invalide.
2026-10-06T09:47:04,Development,SOAP,runs/cert-soap-products.yaml,11,PRODUCT · PurolatorExpressEnvelope,POST,devwebservices.purolator.com/EWS/V2/Shipping/ShippingService.asmx,200,643,"2xx, no errors",True,400021521648,
2026-10-06T09:47:04,Development,SOAP,runs/cert-soap-products.yaml,12,PRODUCT · PurolatorExpressEnvelope · FR,POST,devwebservices.purolator.com/EWS/V2/Shipping/ShippingService.asmx,200,692,"2xx, no errors",True,400021521655,
2026-10-06T09:47:04,Development,SOAP,runs/cert-soap-products.yaml,13,PRODUCT · PurolatorExpressEnvelope9AM,POST,devwebservices.purolator.com/EWS/V2/Shipping/ShippingService.asmx,200,647,"2xx, no errors",True,400021521663,
2026-10-06T09:47:04,Development,SOAP,runs/cert-soap-products.yaml,14,PRODUCT · PurolatorExpressEnvelope9AM · FR,POST,devwebservices.purolator.com/EWS/V2/Shipping/ShippingService.asmx,200,745,"2xx, no errors",True,400021521671,
2026-10-06T09:47:04,Development,SOAP,runs/cert-soap-products.yaml,15,PRODUCT · PurolatorExpressEnvelope1030AM,POST,devwebservices.purolator.com/EWS/V2/Shipping/ShippingService.asmx,200,840,"2xx, no errors",True,400021521689,
2026-10-06T09:47:04,Development,SOAP,runs/cert-soap-products.yaml,16,PRODUCT · PurolatorExpressEnvelope1030AM · FR,POST,devwebservices.purolator.com/EWS/V2/Shipping/ShippingService.asmx,200,618,"2xx, no errors",True,400021521697,
2026-10-06T09:47:04,Development,SOAP,runs/cert-soap-products.yaml,17,PRODUCT · PurolatorExpressEnvelope12PM,POST,devwebservices.purolator.com/EWS/V2/Shipping/ShippingService.asmx,200,785,"2xx, no errors",True,400021521705,
2026-10-06T09:47:04,Development,SOAP,runs/cert-soap-products.yaml,18,PRODUCT · PurolatorExpressEnvelope12PM · FR,POST,devwebservices.purolator.com/EWS/V2/Shipping/ShippingService.asmx,200,763,"2xx, no errors",True,400021521713,
2026-10-06T09:47:04,Development,SOAP,runs/cert-soap-products.yaml,19,PRODUCT · PurolatorExpressEnvelopeEvening,POST,devwebservices.purolator.com/EWS/V2/Shipping/ShippingService.asmx,200,715,"2xx, no errors",False,,1100491 Product/Service is invalid.
2026-10-06T09:47:04,Development,SOAP,runs/cert-soap-products.yaml,20,PRODUCT · PurolatorExpressEnvelopeEvening · FR,POST,devwebservices.purolator.com/EWS/V2/Shipping/ShippingService.asmx,200,593,"2xx, no errors",False,,1100491 Le produit est invalide.
2026-10-06T09:47:04,Development,SOAP,runs/cert-soap-products.yaml,21,PRODUCT · PurolatorExpressPack,POST,devwebservices.purolator.com/EWS/V2/Shipping/ShippingService.asmx,200,682,"2xx, no errors",True,400021520871,
2026-10-06T09:47:04,Development,SOAP,runs/cert-soap-products.yaml,22,PRODUCT · PurolatorExpressPack · FR,POST,devwebservices.purolator.com/EWS/V2/Shipping/ShippingService.asmx,200,659,"2xx, no errors",True,400021520889,
2026-10-06T09:47:04,Development,SOAP,runs/cert-soap-products.yaml,23,PRODUCT · PurolatorExpressPack9AM,POST,devwebservices.purolator.com/EWS/V2/Shipping/ShippingService.asmx,200,667,"2xx, no errors",True,400021520897,
2026-10-06T09:47:04,Development,SOAP,runs/cert-soap-products.yaml,24,PRODUCT · PurolatorExpressPack9AM · FR,POST,devwebservices.purolator.com/EWS/V2/Shipping/ShippingService.asmx,200,655,"2xx, no errors",True,400021520905,
2026-10-06T09:47:04,Development,SOAP,runs/cert-soap-products.yaml,25,PRODUCT · PurolatorExpressPack1030AM,POST,devwebservices.purolator.com/EWS/V2/Shipping/ShippingService.asmx,200,711,"2xx, no errors",True,400021520913,
2026-10-06T09:47:04,Development,SOAP,runs/cert-soap-products.yaml,26,PRODUCT · PurolatorExpressPack1030AM · FR,POST,devwebservices.purolator.com/EWS/V2/Shipping/ShippingService.asmx,200,783,"2xx, no errors",True,400021520921,
2026-10-06T09:47:04,Development,SOAP,runs/cert-soap-products.yaml,27,PRODUCT · PurolatorExpressPack12PM,POST,devwebservices.purolator.com/EWS/V2/Shipping/ShippingService.asmx,200,650,"2xx, no errors",True,400021520939,
2026-10-06T09:47:04,Development,SOAP,runs/cert-soap-products.yaml,28,PRODUCT · PurolatorExpressPack12PM · FR,POST,devwebservices.purolator.com/EWS/V2/Shipping/ShippingService.asmx,200,629,"2xx, no errors",True,400021520947,
2026-10-06T09:47:04,Development,SOAP,runs/cert-soap-products.yaml,29,PRODUCT · PurolatorExpressPackEvening,POST,devwebservices.purolator.com/EWS/V2/Shipping/ShippingService.asmx,200,719,"2xx, no errors",False,,1100491 Product/Service is invalid.
2026-10-06T09:47:04,Development,SOAP,runs/cert-soap-products.yaml,30,PRODUCT · PurolatorExpressPackEvening · FR,POST,devwebservices.purolator.com/EWS/V2/Shipping/ShippingService.asmx,200,804,"2xx, no errors",False,,1100491 Le produit est invalide.
2026-10-06T09:47:04,Development,SOAP,runs/cert-soap-products.yaml,31,PRODUCT · PurolatorExpressBox,POST,devwebservices.purolator.com/EWS/V2/Shipping/ShippingService.asmx,200,652,"2xx, no errors",True,400021520954,
2026-10-06T09:47:04,Development,SOAP,runs/cert-soap-products.yaml,32,PRODUCT · PurolatorExpressBox · FR,POST,devwebservices.purolator.com/EWS/V2/Shipping/ShippingService.asmx,200,626,"2xx, no errors",True,400021520962,
2026-10-06T09:47:04,Development,SOAP,runs/cert-soap-products.yaml,33,PRODUCT · PurolatorExpressBox9AM,POST,devwebservices.purolator.com/EWS/V2/Shipping/ShippingService.asmx,200,633,"2xx, no errors",True,400021520970,
2026-10-06T09:47:04,Development,SOAP,runs/cert-soap-products.yaml,34,PRODUCT · PurolatorExpressBox9AM · FR,POST,devwebservices.purolator.com/EWS/V2/Shipping/ShippingService.asmx,200,642,"2xx, no errors",True,400021520988,
2026-10-06T09:47:04,Development,SOAP,runs/cert-soap-products.yaml,35,PRODUCT · PurolatorExpressBox1030AM,POST,devwebservices.purolator.com/EWS/V2/Shipping/ShippingService.asmx,200,636,"2xx, no errors",True,400021520996,
2026-10-06T09:47:04,Development,SOAP,runs/cert-soap-products.yaml,36,PRODUCT · PurolatorExpressBox1030AM · FR,POST,devwebservices.purolator.com/EWS/V2/Shipping/ShippingService.asmx,200,631,"2xx, no errors",True,400021521721,
2026-10-06T09:47:04,Development,SOAP,runs/cert-soap-products.yaml,37,PRODUCT · PurolatorExpressBox12PM,POST,devwebservices.purolator.com/EWS/V2/Shipping/ShippingService.asmx,200,702,"2xx, no errors",True,400021521739,
2026-10-06T09:47:04,Development,SOAP,runs/cert-soap-products.yaml,38,PRODUCT · PurolatorExpressBox12PM · FR,POST,devwebservices.purolator.com/EWS/V2/Shipping/ShippingService.asmx,200,827,"2xx, no errors",True,400021521747,
2026-10-06T09:47:04,Development,SOAP,runs/cert-soap-products.yaml,39,PRODUCT · PurolatorExpressBoxEvening,POST,devwebservices.purolator.com/EWS/V2/Shipping/ShippingService.asmx,200,597,"2xx, no errors",False,,1100491 Product/Service is invalid.
2026-10-06T09:47:04,Development,SOAP,runs/cert-soap-products.yaml,40,PRODUCT · PurolatorExpressBoxEvening · FR,POST,devwebservices.purolator.com/EWS/V2/Shipping/ShippingService.asmx,200,696,"2xx, no errors",False,,1100491 Le produit est invalide.
2026-10-06T09:47:04,Development,SOAP,runs/cert-soap-products.yaml,41,PRODUCT · PurolatorGround,POST,devwebservices.purolator.com/EWS/V2/Shipping/ShippingService.asmx,200,809,"2xx, no errors",True,400021521754,
2026-10-06T09:47:04,Development,SOAP,runs/cert-soap-products.yaml,42,PRODUCT · PurolatorGround · FR,POST,devwebservices.purolator.com/EWS/V2/Shipping/ShippingService.asmx,200,625,"2xx, no errors",True,400021521762,
2026-10-06T09:47:04,Development,SOAP,runs/cert-soap-products.yaml,43,PRODUCT · PurolatorGround9AM,POST,devwebservices.purolator.com/EWS/V2/Shipping/ShippingService.asmx,200,725,"2xx, no errors",False,,1100491 Product/Service is invalid.
2026-10-06T09:47:04,Development,SOAP,runs/cert-soap-products.yaml,44,PRODUCT · PurolatorGround9AM · FR,POST,devwebservices.purolator.com/EWS/V2/Shipping/ShippingService.asmx,200,580,"2xx, no errors",False,,1100491 Le produit est invalide.
2026-10-06T09:47:04,Development,SOAP,runs/cert-soap-products.yaml,45,PRODUCT · PurolatorGround1030AM,POST,devwebservices.purolator.com/EWS/V2/Shipping/ShippingService.asmx,200,779,"2xx, no errors",False,,1100491 Product/Service is invalid.
2026-10-06T09:47:04,Development,SOAP,runs/cert-soap-products.yaml,46,PRODUCT · PurolatorGround1030AM · FR,POST,devwebservices.purolator.com/EWS/V2/Shipping/ShippingService.asmx,200,589,"2xx, no errors",False,,1100491 Le produit est invalide.
2026-10-06T09:47:04,Development,SOAP,runs/cert-soap-products.yaml,47,PRODUCT · PurolatorGroundDistribution,POST,devwebservices.purolator.com/EWS/V2/Shipping/ShippingService.asmx,200,248,"2xx, no errors",False,,"1001108 Invalid Service Id: PurolatorGroundDistribution. Valid values are: PurolatorExpress9AM, PurolatorExpress10:30AM, PurolatorExpress, PurolatorExpressEvening, PurolatorExpress12PM, PurolatorExpressEnvelope9AM, PurolatorExpressEnvelope10:30AM, PurolatorExpressEnvelope, PurolatorExpressEnvelopeEvening, PurolatorExpressEnvelope12PM, PurolatorExpressPack9AM, PurolatorExpressPack10:30AM, PurolatorExpressPack, PurolatorExpressPackEvening, PurolatorExpressPack12PM, PurolatorExpressBox9AM, PurolatorExpressBox10:30AM, PurolatorExpressBox, PurolatorExpressBoxEvening, PurolatorExpressBox12PM, PurolatorQuickship, PurolatorGround, PurolatorGroundEvening, PurolatorGround9AM, PurolatorGround10:30AM, PurolatorExpressU.S., PurolatorExpressU.S.9AM, PurolatorExpressU.S.10:30AM, PurolatorExpressU.S.12:00, PurolatorExpressU.S.Envelope9AM, PurolatorExpressU.S.Envelope10:30AM, PurolatorExpressU.S.Envelope12:00, PurolatorExpressEnvelopeU.S., PurolatorExpressPackU.S., PurolatorExpressU.S.Pack9AM, PurolatorExpressU.S.Pack10:30AM, PurolatorExpressU.S.Pack12:00, PurolatorExpressU.S.Box9AM, PurolatorExpressU.S.Box10:30AM, PurolatorExpressU.S.Box12:00, PurolatorExpressBoxU.S., PurolatorGroundU.S., PurolatorExpressInternational, PurolatorExpressInternational9AM, PurolatorExpressInternational10:30AM, PurolatorExpressInternational12:00, PurolatorExpressInternationalEnvelope9AM, PurolatorExpressInternationalEnvelope10:30AM, PurolatorExpressInternationalEnvelope12:00, PurolatorExpressEnvelopeInternational, PurolatorExpressPackInternational, PurolatorExpressInternationalPack9AM, PurolatorExpressInternationalPack10:30AM, PurolatorExpressInternationalPack12:00, PurolatorExpressInternationalBox9AM, PurolatorExpressInternationalBox10:30AM, PurolatorExpressInternationalBox12:00, PurolatorExpressBoxInternational."
2026-10-06T09:47:04,Development,SOAP,runs/cert-soap-products.yaml,48,PRODUCT · PurolatorGroundDistribution · FR,POST,devwebservices.purolator.com/EWS/V2/Shipping/ShippingService.asmx,200,336,"2xx, no errors",False,,"1001108 Num&#233;ro de service invalide: PurolatorGroundDistribution. Les valeurs valides sont: PurolatorExpress9AM, PurolatorExpress10:30AM, PurolatorExpress, PurolatorExpressEvening, PurolatorExpress12PM, PurolatorExpressEnvelope9AM, PurolatorExpressEnvelope10:30AM, PurolatorExpressEnvelope, PurolatorExpressEnvelopeEvening, PurolatorExpressEnvelope12PM, PurolatorExpressPack9AM, PurolatorExpressPack10:30AM, PurolatorExpressPack, PurolatorExpressPackEvening, PurolatorExpressPack12PM, PurolatorExpressBox9AM, PurolatorExpressBox10:30AM, PurolatorExpressBox, PurolatorExpressBoxEvening, PurolatorExpressBox12PM, PurolatorQuickship, PurolatorGround, PurolatorGroundEvening, PurolatorGround9AM, PurolatorGround10:30AM, PurolatorExpressU.S., PurolatorExpressU.S.9AM, PurolatorExpressU.S.10:30AM, PurolatorExpressU.S.12:00, PurolatorExpressU.S.Envelope9AM, PurolatorExpressU.S.Envelope10:30AM, PurolatorExpressU.S.Envelope12:00, PurolatorExpressEnvelopeU.S., PurolatorExpressPackU.S., PurolatorExpressU.S.Pack9AM, PurolatorExpressU.S.Pack10:30AM, PurolatorExpressU.S.Pack12:00, PurolatorExpressU.S.Box9AM, PurolatorExpressU.S.Box10:30AM, PurolatorExpressU.S.Box12:00, PurolatorExpressBoxU.S., PurolatorGroundU.S., PurolatorExpressInternational, PurolatorExpressInternational9AM, PurolatorExpressInternational10:30AM, PurolatorExpressInternational12:00, PurolatorExpressInternationalEnvelope9AM, PurolatorExpressInternationalEnvelope10:30AM, PurolatorExpressInternationalEnvelope12:00, PurolatorExpressEnvelopeInternational, PurolatorExpressPackInternational, PurolatorExpressInternationalPack9AM, PurolatorExpressInternationalPack10:30AM, PurolatorExpressInternationalPack12:00, PurolatorExpressInternationalBox9AM, PurolatorExpressInternationalBox10:30AM, PurolatorExpressInternationalBox12:00, PurolatorExpressBoxInternational."
2026-10-06T09:47:04,Development,SOAP,runs/cert-soap-products.yaml,49,PRODUCT · PurolatorGroundEvening,POST,devwebservices.purolator.com/EWS/V2/Shipping/ShippingService.asmx,200,641,"2xx, no errors",False,,1100491 Product/Service is invalid.
2026-10-06T09:47:04,Development,SOAP,runs/cert-soap-products.yaml,50,PRODUCT · PurolatorGroundEvening · FR,POST,devwebservices.purolator.com/EWS/V2/Shipping/ShippingService.asmx,200,582,"2xx, no errors",False,,1100491 Le produit est invalide.
2026-10-06T09:47:04,Development,SOAP,runs/cert-soap-products.yaml,51,PRODUCT · PurolatorExpressReturns,POST,devwebservices.purolator.com/EWS/V2/Shipping/ShippingService.asmx,200,258,"2xx, no errors",False,,"1001108 Invalid Service Id: PurolatorExpressReturns. Valid values are: PurolatorExpress9AM, PurolatorExpress10:30AM, PurolatorExpress, PurolatorExpressEvening, PurolatorExpress12PM, PurolatorExpressEnvelope9AM, PurolatorExpressEnvelope10:30AM, PurolatorExpressEnvelope, PurolatorExpressEnvelopeEvening, PurolatorExpressEnvelope12PM, PurolatorExpressPack9AM, PurolatorExpressPack10:30AM, PurolatorExpressPack, PurolatorExpressPackEvening, PurolatorExpressPack12PM, PurolatorExpressBox9AM, PurolatorExpressBox10:30AM, PurolatorExpressBox, PurolatorExpressBoxEvening, PurolatorExpressBox12PM, PurolatorQuickship, PurolatorGround, PurolatorGroundEvening, PurolatorGround9AM, PurolatorGround10:30AM, PurolatorExpressU.S., PurolatorExpressU.S.9AM, PurolatorExpressU.S.10:30AM, PurolatorExpressU.S.12:00, PurolatorExpressU.S.Envelope9AM, PurolatorExpressU.S.Envelope10:30AM, PurolatorExpressU.S.Envelope12:00, PurolatorExpressEnvelopeU.S., PurolatorExpressPackU.S., PurolatorExpressU.S.Pack9AM, PurolatorExpressU.S.Pack10:30AM, PurolatorExpressU.S.Pack12:00, PurolatorExpressU.S.Box9AM, PurolatorExpressU.S.Box10:30AM, PurolatorExpressU.S.Box12:00, PurolatorExpressBoxU.S., PurolatorGroundU.S., PurolatorExpressInternational, PurolatorExpressInternational9AM, PurolatorExpressInternational10:30AM, PurolatorExpressInternational12:00, PurolatorExpressInternationalEnvelope9AM, PurolatorExpressInternationalEnvelope10:30AM, PurolatorExpressInternationalEnvelope12:00, PurolatorExpressEnvelopeInternational, PurolatorExpressPackInternational, PurolatorExpressInternationalPack9AM, PurolatorExpressInternationalPack10:30AM, PurolatorExpressInternationalPack12:00, PurolatorExpressInternationalBox9AM, PurolatorExpressInternationalBox10:30AM, PurolatorExpressInternationalBox12:00, PurolatorExpressBoxInternational."
2026-10-06T09:47:04,Development,SOAP,runs/cert-soap-products.yaml,52,PRODUCT · PurolatorGroundRegional,POST,devwebservices.purolator.com/EWS/V2/Shipping/ShippingService.asmx,200,274,"2xx, no errors",False,,"1001108 Invalid Service Id: PurolatorGroundRegional. Valid values are: PurolatorExpress9AM, PurolatorExpress10:30AM, PurolatorExpress, PurolatorExpressEvening, PurolatorExpress12PM, PurolatorExpressEnvelope9AM, PurolatorExpressEnvelope10:30AM, PurolatorExpressEnvelope, PurolatorExpressEnvelopeEvening, PurolatorExpressEnvelope12PM, PurolatorExpressPack9AM, PurolatorExpressPack10:30AM, PurolatorExpressPack, PurolatorExpressPackEvening, PurolatorExpressPack12PM, PurolatorExpressBox9AM, PurolatorExpressBox10:30AM, PurolatorExpressBox, PurolatorExpressBoxEvening, PurolatorExpressBox12PM, PurolatorQuickship, PurolatorGround, PurolatorGroundEvening, PurolatorGround9AM, PurolatorGround10:30AM, PurolatorExpressU.S., PurolatorExpressU.S.9AM, PurolatorExpressU.S.10:30AM, PurolatorExpressU.S.12:00, PurolatorExpressU.S.Envelope9AM, PurolatorExpressU.S.Envelope10:30AM, PurolatorExpressU.S.Envelope12:00, PurolatorExpressEnvelopeU.S., PurolatorExpressPackU.S., PurolatorExpressU.S.Pack9AM, PurolatorExpressU.S.Pack10:30AM, PurolatorExpressU.S.Pack12:00, PurolatorExpressU.S.Box9AM, PurolatorExpressU.S.Box10:30AM, PurolatorExpressU.S.Box12:00, PurolatorExpressBoxU.S., PurolatorGroundU.S., PurolatorExpressInternational, PurolatorExpressInternational9AM, PurolatorExpressInternational10:30AM, PurolatorExpressInternational12:00, PurolatorExpressInternationalEnvelope9AM, PurolatorExpressInternationalEnvelope10:30AM, PurolatorExpressInternationalEnvelope12:00, PurolatorExpressEnvelopeInternational, PurolatorExpressPackInternational, PurolatorExpressInternationalPack9AM, PurolatorExpressInternationalPack10:30AM, PurolatorExpressInternationalPack12:00, PurolatorExpressInternationalBox9AM, PurolatorExpressInternationalBox10:30AM, PurolatorExpressInternationalBox12:00, PurolatorExpressBoxInternational."
2026-10-06T09:47:04,Development,SOAP,runs/cert-soap-products.yaml,53,PRODUCT · PurolatorExpressReturns · FR,POST,devwebservices.purolator.com/EWS/V2/Shipping/ShippingService.asmx,200,392,"2xx, no errors",False,,"1001108 Num&#233;ro de service invalide: PurolatorExpressReturns. Les valeurs valides sont: PurolatorExpress9AM, PurolatorExpress10:30AM, PurolatorExpress, PurolatorExpressEvening, PurolatorExpress12PM, PurolatorExpressEnvelope9AM, PurolatorExpressEnvelope10:30AM, PurolatorExpressEnvelope, PurolatorExpressEnvelopeEvening, PurolatorExpressEnvelope12PM, PurolatorExpressPack9AM, PurolatorExpressPack10:30AM, PurolatorExpressPack, PurolatorExpressPackEvening, PurolatorExpressPack12PM, PurolatorExpressBox9AM, PurolatorExpressBox10:30AM, PurolatorExpressBox, PurolatorExpressBoxEvening, PurolatorExpressBox12PM, PurolatorQuickship, PurolatorGround, PurolatorGroundEvening, PurolatorGround9AM, PurolatorGround10:30AM, PurolatorExpressU.S., PurolatorExpressU.S.9AM, PurolatorExpressU.S.10:30AM, PurolatorExpressU.S.12:00, PurolatorExpressU.S.Envelope9AM, PurolatorExpressU.S.Envelope10:30AM, PurolatorExpressU.S.Envelope12:00, PurolatorExpressEnvelopeU.S., PurolatorExpressPackU.S., PurolatorExpressU.S.Pack9AM, PurolatorExpressU.S.Pack10:30AM, PurolatorExpressU.S.Pack12:00, PurolatorExpressU.S.Box9AM, PurolatorExpressU.S.Box10:30AM, PurolatorExpressU.S.Box12:00, PurolatorExpressBoxU.S., PurolatorGroundU.S., PurolatorExpressInternational, PurolatorExpressInternational9AM, PurolatorExpressInternational10:30AM, PurolatorExpressInternational12:00, PurolatorExpressInternationalEnvelope9AM, PurolatorExpressInternationalEnvelope10:30AM, PurolatorExpressInternationalEnvelope12:00, PurolatorExpressEnvelopeInternational, PurolatorExpressPackInternational, PurolatorExpressInternationalPack9AM, PurolatorExpressInternationalPack10:30AM, PurolatorExpressInternationalPack12:00, PurolatorExpressInternationalBox9AM, PurolatorExpressInternationalBox10:30AM, PurolatorExpressInternationalBox12:00, PurolatorExpressBoxInternational."
2026-10-06T09:47:04,Development,SOAP,runs/cert-soap-products.yaml,54,PRODUCT · PurolatorGroundRegional · FR,POST,devwebservices.purolator.com/EWS/V2/Shipping/ShippingService.asmx,200,271,"2xx, no errors",False,,"1001108 Num&#233;ro de service invalide: PurolatorGroundRegional. Les valeurs valides sont: PurolatorExpress9AM, PurolatorExpress10:30AM, PurolatorExpress, PurolatorExpressEvening, PurolatorExpress12PM, PurolatorExpressEnvelope9AM, PurolatorExpressEnvelope10:30AM, PurolatorExpressEnvelope, PurolatorExpressEnvelopeEvening, PurolatorExpressEnvelope12PM, PurolatorExpressPack9AM, PurolatorExpressPack10:30AM, PurolatorExpressPack, PurolatorExpressPackEvening, PurolatorExpressPack12PM, PurolatorExpressBox9AM, PurolatorExpressBox10:30AM, PurolatorExpressBox, PurolatorExpressBoxEvening, PurolatorExpressBox12PM, PurolatorQuickship, PurolatorGround, PurolatorGroundEvening, PurolatorGround9AM, PurolatorGround10:30AM, PurolatorExpressU.S., PurolatorExpressU.S.9AM, PurolatorExpressU.S.10:30AM, PurolatorExpressU.S.12:00, PurolatorExpressU.S.Envelope9AM, PurolatorExpressU.S.Envelope10:30AM, PurolatorExpressU.S.Envelope12:00, PurolatorExpressEnvelopeU.S., PurolatorExpressPackU.S., PurolatorExpressU.S.Pack9AM, PurolatorExpressU.S.Pack10:30AM, PurolatorExpressU.S.Pack12:00, PurolatorExpressU.S.Box9AM, PurolatorExpressU.S.Box10:30AM, PurolatorExpressU.S.Box12:00, PurolatorExpressBoxU.S., PurolatorGroundU.S., PurolatorExpressInternational, PurolatorExpressInternational9AM, PurolatorExpressInternational10:30AM, PurolatorExpressInternational12:00, PurolatorExpressInternationalEnvelope9AM, PurolatorExpressInternationalEnvelope10:30AM, PurolatorExpressInternationalEnvelope12:00, PurolatorExpressEnvelopeInternational, PurolatorExpressPackInternational, PurolatorExpressInternationalPack9AM, PurolatorExpressInternationalPack10:30AM, PurolatorExpressInternationalPack12:00, PurolatorExpressInternationalBox9AM, PurolatorExpressInternationalBox10:30AM, PurolatorExpressInternationalBox12:00, PurolatorExpressBoxInternational."
2026-10-06T09:47:04,Development,SOAP,runs/cert-soap-products.yaml,55,PRODUCT · PurolatorGroundReturns,POST,devwebservices.purolator.com/EWS/V2/Shipping/ShippingService.asmx,200,267,"2xx, no errors",False,,"1001108 Invalid Service Id: PurolatorGroundReturns. Valid values are: PurolatorExpress9AM, PurolatorExpress10:30AM, PurolatorExpress, PurolatorExpressEvening, PurolatorExpress12PM, PurolatorExpressEnvelope9AM, PurolatorExpressEnvelope10:30AM, PurolatorExpressEnvelope, PurolatorExpressEnvelopeEvening, PurolatorExpressEnvelope12PM, PurolatorExpressPack9AM, PurolatorExpressPack10:30AM, PurolatorExpressPack, PurolatorExpressPackEvening, PurolatorExpressPack12PM, PurolatorExpressBox9AM, PurolatorExpressBox10:30AM, PurolatorExpressBox, PurolatorExpressBoxEvening, PurolatorExpressBox12PM, PurolatorQuickship, PurolatorGround, PurolatorGroundEvening, PurolatorGround9AM, PurolatorGround10:30AM, PurolatorExpressU.S., PurolatorExpressU.S.9AM, PurolatorExpressU.S.10:30AM, PurolatorExpressU.S.12:00, PurolatorExpressU.S.Envelope9AM, PurolatorExpressU.S.Envelope10:30AM, PurolatorExpressU.S.Envelope12:00, PurolatorExpressEnvelopeU.S., PurolatorExpressPackU.S., PurolatorExpressU.S.Pack9AM, PurolatorExpressU.S.Pack10:30AM, PurolatorExpressU.S.Pack12:00, PurolatorExpressU.S.Box9AM, PurolatorExpressU.S.Box10:30AM, PurolatorExpressU.S.Box12:00, PurolatorExpressBoxU.S., PurolatorGroundU.S., PurolatorExpressInternational, PurolatorExpressInternational9AM, PurolatorExpressInternational10:30AM, PurolatorExpressInternational12:00, PurolatorExpressInternationalEnvelope9AM, PurolatorExpressInternationalEnvelope10:30AM, PurolatorExpressInternationalEnvelope12:00, PurolatorExpressEnvelopeInternational, PurolatorExpressPackInternational, PurolatorExpressInternationalPack9AM, PurolatorExpressInternationalPack10:30AM, PurolatorExpressInternationalPack12:00, PurolatorExpressInternationalBox9AM, PurolatorExpressInternationalBox10:30AM, PurolatorExpressInternationalBox12:00, PurolatorExpressBoxInternational."
2026-10-06T09:47:04,Development,SOAP,runs/cert-soap-products.yaml,56,PRODUCT · PurolatorQuickShip,POST,devwebservices.purolator.com/EWS/V2/Shipping/ShippingService.asmx,200,747,"2xx, no errors",False,,1100491 Product/Service is invalid.
2026-10-06T09:47:04,Development,SOAP,runs/cert-soap-products.yaml,57,PRODUCT · PurolatorGroundReturns · FR,POST,devwebservices.purolator.com/EWS/V2/Shipping/ShippingService.asmx,200,276,"2xx, no errors",False,,"1001108 Num&#233;ro de service invalide: PurolatorGroundReturns. Les valeurs valides sont: PurolatorExpress9AM, PurolatorExpress10:30AM, PurolatorExpress, PurolatorExpressEvening, PurolatorExpress12PM, PurolatorExpressEnvelope9AM, PurolatorExpressEnvelope10:30AM, PurolatorExpressEnvelope, PurolatorExpressEnvelopeEvening, PurolatorExpressEnvelope12PM, PurolatorExpressPack9AM, PurolatorExpressPack10:30AM, PurolatorExpressPack, PurolatorExpressPackEvening, PurolatorExpressPack12PM, PurolatorExpressBox9AM, PurolatorExpressBox10:30AM, PurolatorExpressBox, PurolatorExpressBoxEvening, PurolatorExpressBox12PM, PurolatorQuickship, PurolatorGround, PurolatorGroundEvening, PurolatorGround9AM, PurolatorGround10:30AM, PurolatorExpressU.S., PurolatorExpressU.S.9AM, PurolatorExpressU.S.10:30AM, PurolatorExpressU.S.12:00, PurolatorExpressU.S.Envelope9AM, PurolatorExpressU.S.Envelope10:30AM, PurolatorExpressU.S.Envelope12:00, PurolatorExpressEnvelopeU.S., PurolatorExpressPackU.S., PurolatorExpressU.S.Pack9AM, PurolatorExpressU.S.Pack10:30AM, PurolatorExpressU.S.Pack12:00, PurolatorExpressU.S.Box9AM, PurolatorExpressU.S.Box10:30AM, PurolatorExpressU.S.Box12:00, PurolatorExpressBoxU.S., PurolatorGroundU.S., PurolatorExpressInternational, PurolatorExpressInternational9AM, PurolatorExpressInternational10:30AM, PurolatorExpressInternational12:00, PurolatorExpressInternationalEnvelope9AM, PurolatorExpressInternationalEnvelope10:30AM, PurolatorExpressInternationalEnvelope12:00, PurolatorExpressEnvelopeInternational, PurolatorExpressPackInternational, PurolatorExpressInternationalPack9AM, PurolatorExpressInternationalPack10:30AM, PurolatorExpressInternationalPack12:00, PurolatorExpressInternationalBox9AM, PurolatorExpressInternationalBox10:30AM, PurolatorExpressInternationalBox12:00, PurolatorExpressBoxInternational."
2026-10-06T09:47:04,Development,SOAP,runs/cert-soap-products.yaml,58,PRODUCT · PurolatorQuickShip · FR,POST,devwebservices.purolator.com/EWS/V2/Shipping/ShippingService.asmx,200,601,"2xx, no errors",False,,1100491 Le produit est invalide.
2026-10-06T09:47:04,Development,SOAP,runs/cert-soap-products.yaml,59,PRODUCT · PurolatorDeffered,POST,devwebservices.purolator.com/EWS/V2/Shipping/ShippingService.asmx,200,411,"2xx, no errors",False,,"1001108 Invalid Service Id: PurolatorDeffered. Valid values are: PurolatorExpress9AM, PurolatorExpress10:30AM, PurolatorExpress, PurolatorExpressEvening, PurolatorExpress12PM, PurolatorExpressEnvelope9AM, PurolatorExpressEnvelope10:30AM, PurolatorExpressEnvelope, PurolatorExpressEnvelopeEvening, PurolatorExpressEnvelope12PM, PurolatorExpressPack9AM, PurolatorExpressPack10:30AM, PurolatorExpressPack, PurolatorExpressPackEvening, PurolatorExpressPack12PM, PurolatorExpressBox9AM, PurolatorExpressBox10:30AM, PurolatorExpressBox, PurolatorExpressBoxEvening, PurolatorExpressBox12PM, PurolatorQuickship, PurolatorGround, PurolatorGroundEvening, PurolatorGround9AM, PurolatorGround10:30AM, PurolatorExpressU.S., PurolatorExpressU.S.9AM, PurolatorExpressU.S.10:30AM, PurolatorExpressU.S.12:00, PurolatorExpressU.S.Envelope9AM, PurolatorExpressU.S.Envelope10:30AM, PurolatorExpressU.S.Envelope12:00, PurolatorExpressEnvelopeU.S., PurolatorExpressPackU.S., PurolatorExpressU.S.Pack9AM, PurolatorExpressU.S.Pack10:30AM, PurolatorExpressU.S.Pack12:00, PurolatorExpressU.S.Box9AM, PurolatorExpressU.S.Box10:30AM, PurolatorExpressU.S.Box12:00, PurolatorExpressBoxU.S., PurolatorGroundU.S., PurolatorExpressInternational, PurolatorExpressInternational9AM, PurolatorExpressInternational10:30AM, PurolatorExpressInternational12:00, PurolatorExpressInternationalEnvelope9AM, PurolatorExpressInternationalEnvelope10:30AM, PurolatorExpressInternationalEnvelope12:00, PurolatorExpressEnvelopeInternational, PurolatorExpressPackInternational, PurolatorExpressInternationalPack9AM, PurolatorExpressInternationalPack10:30AM, PurolatorExpressInternationalPack12:00, PurolatorExpressInternationalBox9AM, PurolatorExpressInternationalBox10:30AM, PurolatorExpressInternationalBox12:00, PurolatorExpressBoxInternational."
2026-10-06T09:47:04,Development,SOAP,runs/cert-soap-products.yaml,60,PRODUCT · PurolatorStandard,POST,devwebservices.purolator.com/EWS/V2/Shipping/ShippingService.asmx,200,268,"2xx, no errors",False,,"1001108 Invalid Service Id: PurolatorStandard. Valid values are: PurolatorExpress9AM, PurolatorExpress10:30AM, PurolatorExpress, PurolatorExpressEvening, PurolatorExpress12PM, PurolatorExpressEnvelope9AM, PurolatorExpressEnvelope10:30AM, PurolatorExpressEnvelope, PurolatorExpressEnvelopeEvening, PurolatorExpressEnvelope12PM, PurolatorExpressPack9AM, PurolatorExpressPack10:30AM, PurolatorExpressPack, PurolatorExpressPackEvening, PurolatorExpressPack12PM, PurolatorExpressBox9AM, PurolatorExpressBox10:30AM, PurolatorExpressBox, PurolatorExpressBoxEvening, PurolatorExpressBox12PM, PurolatorQuickship, PurolatorGround, PurolatorGroundEvening, PurolatorGround9AM, PurolatorGround10:30AM, PurolatorExpressU.S., PurolatorExpressU.S.9AM, PurolatorExpressU.S.10:30AM, PurolatorExpressU.S.12:00, PurolatorExpressU.S.Envelope9AM, PurolatorExpressU.S.Envelope10:30AM, PurolatorExpressU.S.Envelope12:00, PurolatorExpressEnvelopeU.S., PurolatorExpressPackU.S., PurolatorExpressU.S.Pack9AM, PurolatorExpressU.S.Pack10:30AM, PurolatorExpressU.S.Pack12:00, PurolatorExpressU.S.Box9AM, PurolatorExpressU.S.Box10:30AM, PurolatorExpressU.S.Box12:00, PurolatorExpressBoxU.S., PurolatorGroundU.S., PurolatorExpressInternational, PurolatorExpressInternational9AM, PurolatorExpressInternational10:30AM, PurolatorExpressInternational12:00, PurolatorExpressInternationalEnvelope9AM, PurolatorExpressInternationalEnvelope10:30AM, PurolatorExpressInternationalEnvelope12:00, PurolatorExpressEnvelopeInternational, PurolatorExpressPackInternational, PurolatorExpressInternationalPack9AM, PurolatorExpressInternationalPack10:30AM, PurolatorExpressInternationalPack12:00, PurolatorExpressInternationalBox9AM, PurolatorExpressInternationalBox10:30AM, PurolatorExpressInternationalBox12:00, PurolatorExpressBoxInternational."
2026-10-06T09:47:04,Development,SOAP,runs/cert-soap-products.yaml,61,PRODUCT · PurolatorDeffered · FR,POST,devwebservices.purolator.com/EWS/V2/Shipping/ShippingService.asmx,200,272,"2xx, no errors",False,,"1001108 Num&#233;ro de service invalide: PurolatorDeffered. Les valeurs valides sont: PurolatorExpress9AM, PurolatorExpress10:30AM, PurolatorExpress, PurolatorExpressEvening, PurolatorExpress12PM, PurolatorExpressEnvelope9AM, PurolatorExpressEnvelope10:30AM, PurolatorExpressEnvelope, PurolatorExpressEnvelopeEvening, PurolatorExpressEnvelope12PM, PurolatorExpressPack9AM, PurolatorExpressPack10:30AM, PurolatorExpressPack, PurolatorExpressPackEvening, PurolatorExpressPack12PM, PurolatorExpressBox9AM, PurolatorExpressBox10:30AM, PurolatorExpressBox, PurolatorExpressBoxEvening, PurolatorExpressBox12PM, PurolatorQuickship, PurolatorGround, PurolatorGroundEvening, PurolatorGround9AM, PurolatorGround10:30AM, PurolatorExpressU.S., PurolatorExpressU.S.9AM, PurolatorExpressU.S.10:30AM, PurolatorExpressU.S.12:00, PurolatorExpressU.S.Envelope9AM, PurolatorExpressU.S.Envelope10:30AM, PurolatorExpressU.S.Envelope12:00, PurolatorExpressEnvelopeU.S., PurolatorExpressPackU.S., PurolatorExpressU.S.Pack9AM, PurolatorExpressU.S.Pack10:30AM, PurolatorExpressU.S.Pack12:00, PurolatorExpressU.S.Box9AM, PurolatorExpressU.S.Box10:30AM, PurolatorExpressU.S.Box12:00, PurolatorExpressBoxU.S., PurolatorGroundU.S., PurolatorExpressInternational, PurolatorExpressInternational9AM, PurolatorExpressInternational10:30AM, PurolatorExpressInternational12:00, PurolatorExpressInternationalEnvelope9AM, PurolatorExpressInternationalEnvelope10:30AM, PurolatorExpressInternationalEnvelope12:00, PurolatorExpressEnvelopeInternational, PurolatorExpressPackInternational, PurolatorExpressInternationalPack9AM, PurolatorExpressInternationalPack10:30AM, PurolatorExpressInternationalPack12:00, PurolatorExpressInternationalBox9AM, PurolatorExpressInternationalBox10:30AM, PurolatorExpressInternationalBox12:00, PurolatorExpressBoxInternational."
2026-10-06T09:47:04,Development,SOAP,runs/cert-soap-products.yaml,62,PRODUCT · PurolatorStandard · FR,POST,devwebservices.purolator.com/EWS/V2/Shipping/ShippingService.asmx,200,263,"2xx, no errors",False,,"1001108 Num&#233;ro de service invalide: PurolatorStandard. Les valeurs valides sont: PurolatorExpress9AM, PurolatorExpress10:30AM, PurolatorExpress, PurolatorExpressEvening, PurolatorExpress12PM, PurolatorExpressEnvelope9AM, PurolatorExpressEnvelope10:30AM, PurolatorExpressEnvelope, PurolatorExpressEnvelopeEvening, PurolatorExpressEnvelope12PM, PurolatorExpressPack9AM, PurolatorExpressPack10:30AM, PurolatorExpressPack, PurolatorExpressPackEvening, PurolatorExpressPack12PM, PurolatorExpressBox9AM, PurolatorExpressBox10:30AM, PurolatorExpressBox, PurolatorExpressBoxEvening, PurolatorExpressBox12PM, PurolatorQuickship, PurolatorGround, PurolatorGroundEvening, PurolatorGround9AM, PurolatorGround10:30AM, PurolatorExpressU.S., PurolatorExpressU.S.9AM, PurolatorExpressU.S.10:30AM, PurolatorExpressU.S.12:00, PurolatorExpressU.S.Envelope9AM, PurolatorExpressU.S.Envelope10:30AM, PurolatorExpressU.S.Envelope12:00, PurolatorExpressEnvelopeU.S., PurolatorExpressPackU.S., PurolatorExpressU.S.Pack9AM, PurolatorExpressU.S.Pack10:30AM, PurolatorExpressU.S.Pack12:00, PurolatorExpressU.S.Box9AM, PurolatorExpressU.S.Box10:30AM, PurolatorExpressU.S.Box12:00, PurolatorExpressBoxU.S., PurolatorGroundU.S., PurolatorExpressInternational, PurolatorExpressInternational9AM, PurolatorExpressInternational10:30AM, PurolatorExpressInternational12:00, PurolatorExpressInternationalEnvelope9AM, PurolatorExpressInternationalEnvelope10:30AM, PurolatorExpressInternationalEnvelope12:00, PurolatorExpressEnvelopeInternational, PurolatorExpressPackInternational, PurolatorExpressInternationalPack9AM, PurolatorExpressInternationalPack10:30AM, PurolatorExpressInternationalPack12:00, PurolatorExpressInternationalBox9AM, PurolatorExpressInternationalBox10:30AM, PurolatorExpressInternationalBox12:00, PurolatorExpressBoxInternational."
2026-10-06T09:47:04,Development,SOAP,runs/cert-soap-products.yaml,63,PRODUCT · PurolatorExpressU.S.12PM,POST,devwebservices.purolator.com/EWS/V2/Shipping/ShippingService.asmx,200,426,"2xx, no errors",False,,"1001108 Invalid Service Id: PurolatorExpressU.S.12PM. Valid values are: PurolatorExpress9AM, PurolatorExpress10:30AM, PurolatorExpress, PurolatorExpressEvening, PurolatorExpress12PM, PurolatorExpressEnvelope9AM, PurolatorExpressEnvelope10:30AM, PurolatorExpressEnvelope, PurolatorExpressEnvelopeEvening, PurolatorExpressEnvelope12PM, PurolatorExpressPack9AM, PurolatorExpressPack10:30AM, PurolatorExpressPack, PurolatorExpressPackEvening, PurolatorExpressPack12PM, PurolatorExpressBox9AM, PurolatorExpressBox10:30AM, PurolatorExpressBox, PurolatorExpressBoxEvening, PurolatorExpressBox12PM, PurolatorQuickship, PurolatorGround, PurolatorGroundEvening, PurolatorGround9AM, PurolatorGround10:30AM, PurolatorExpressU.S., PurolatorExpressU.S.9AM, PurolatorExpressU.S.10:30AM, PurolatorExpressU.S.12:00, PurolatorExpressU.S.Envelope9AM, PurolatorExpressU.S.Envelope10:30AM, PurolatorExpressU.S.Envelope12:00, PurolatorExpressEnvelopeU.S., PurolatorExpressPackU.S., PurolatorExpressU.S.Pack9AM, PurolatorExpressU.S.Pack10:30AM, PurolatorExpressU.S.Pack12:00, PurolatorExpressU.S.Box9AM, PurolatorExpressU.S.Box10:30AM, PurolatorExpressU.S.Box12:00, PurolatorExpressBoxU.S., PurolatorGroundU.S., PurolatorExpressInternational, PurolatorExpressInternational9AM, PurolatorExpressInternational10:30AM, PurolatorExpressInternational12:00, PurolatorExpressInternationalEnvelope9AM, PurolatorExpressInternationalEnvelope10:30AM, PurolatorExpressInternationalEnvelope12:00, PurolatorExpressEnvelopeInternational, PurolatorExpressPackInternational, PurolatorExpressInternationalPack9AM, PurolatorExpressInternationalPack10:30AM, PurolatorExpressInternationalPack12:00, PurolatorExpressInternationalBox9AM, PurolatorExpressInternationalBox10:30AM, PurolatorExpressInternationalBox12:00, PurolatorExpressBoxInternational."
2026-10-06T09:47:04,Development,SOAP,runs/cert-soap-products.yaml,64,PRODUCT · PurolatorExpressU.S.12PM · FR,POST,devwebservices.purolator.com/EWS/V2/Shipping/ShippingService.asmx,200,295,"2xx, no errors",False,,"1001108 Num&#233;ro de service invalide: PurolatorExpressU.S.12PM. Les valeurs valides sont: PurolatorExpress9AM, PurolatorExpress10:30AM, PurolatorExpress, PurolatorExpressEvening, PurolatorExpress12PM, PurolatorExpressEnvelope9AM, PurolatorExpressEnvelope10:30AM, PurolatorExpressEnvelope, PurolatorExpressEnvelopeEvening, PurolatorExpressEnvelope12PM, PurolatorExpressPack9AM, PurolatorExpressPack10:30AM, PurolatorExpressPack, PurolatorExpressPackEvening, PurolatorExpressPack12PM, PurolatorExpressBox9AM, PurolatorExpressBox10:30AM, PurolatorExpressBox, PurolatorExpressBoxEvening, PurolatorExpressBox12PM, PurolatorQuickship, PurolatorGround, PurolatorGroundEvening, PurolatorGround9AM, PurolatorGround10:30AM, PurolatorExpressU.S., PurolatorExpressU.S.9AM, PurolatorExpressU.S.10:30AM, PurolatorExpressU.S.12:00, PurolatorExpressU.S.Envelope9AM, PurolatorExpressU.S.Envelope10:30AM, PurolatorExpressU.S.Envelope12:00, PurolatorExpressEnvelopeU.S., PurolatorExpressPackU.S., PurolatorExpressU.S.Pack9AM, PurolatorExpressU.S.Pack10:30AM, PurolatorExpressU.S.Pack12:00, PurolatorExpressU.S.Box9AM, PurolatorExpressU.S.Box10:30AM, PurolatorExpressU.S.Box12:00, PurolatorExpressBoxU.S., PurolatorGroundU.S., PurolatorExpressInternational, PurolatorExpressInternational9AM, PurolatorExpressInternational10:30AM, PurolatorExpressInternational12:00, PurolatorExpressInternationalEnvelope9AM, PurolatorExpressInternationalEnvelope10:30AM, PurolatorExpressInternationalEnvelope12:00, PurolatorExpressEnvelopeInternational, PurolatorExpressPackInternational, PurolatorExpressInternationalPack9AM, PurolatorExpressInternationalPack10:30AM, PurolatorExpressInternationalPack12:00, PurolatorExpressInternationalBox9AM, PurolatorExpressInternationalBox10:30AM, PurolatorExpressInternationalBox12:00, PurolatorExpressBoxInternational."
2026-10-06T09:47:04,Development,SOAP,runs/cert-soap-products.yaml,65,PRODUCT · PurolatorExpressEnvelopeU.S.9AM,POST,devwebservices.purolator.com/EWS/V2/Shipping/ShippingService.asmx,200,285,"2xx, no errors",False,,"1001108 Invalid Service Id: PurolatorExpressEnvelopeU.S.9AM. Valid values are: PurolatorExpress9AM, PurolatorExpress10:30AM, PurolatorExpress, PurolatorExpressEvening, PurolatorExpress12PM, PurolatorExpressEnvelope9AM, PurolatorExpressEnvelope10:30AM, PurolatorExpressEnvelope, PurolatorExpressEnvelopeEvening, PurolatorExpressEnvelope12PM, PurolatorExpressPack9AM, PurolatorExpressPack10:30AM, PurolatorExpressPack, PurolatorExpressPackEvening, PurolatorExpressPack12PM, PurolatorExpressBox9AM, PurolatorExpressBox10:30AM, PurolatorExpressBox, PurolatorExpressBoxEvening, PurolatorExpressBox12PM, PurolatorQuickship, PurolatorGround, PurolatorGroundEvening, PurolatorGround9AM, PurolatorGround10:30AM, PurolatorExpressU.S., PurolatorExpressU.S.9AM, PurolatorExpressU.S.10:30AM, PurolatorExpressU.S.12:00, PurolatorExpressU.S.Envelope9AM, PurolatorExpressU.S.Envelope10:30AM, PurolatorExpressU.S.Envelope12:00, PurolatorExpressEnvelopeU.S., PurolatorExpressPackU.S., PurolatorExpressU.S.Pack9AM, PurolatorExpressU.S.Pack10:30AM, PurolatorExpressU.S.Pack12:00, PurolatorExpressU.S.Box9AM, PurolatorExpressU.S.Box10:30AM, PurolatorExpressU.S.Box12:00, PurolatorExpressBoxU.S., PurolatorGroundU.S., PurolatorExpressInternational, PurolatorExpressInternational9AM, PurolatorExpressInternational10:30AM, PurolatorExpressInternational12:00, PurolatorExpressInternationalEnvelope9AM, PurolatorExpressInternationalEnvelope10:30AM, PurolatorExpressInternationalEnvelope12:00, PurolatorExpressEnvelopeInternational, PurolatorExpressPackInternational, PurolatorExpressInternationalPack9AM, PurolatorExpressInternationalPack10:30AM, PurolatorExpressInternationalPack12:00, PurolatorExpressInternationalBox9AM, PurolatorExpressInternationalBox10:30AM, PurolatorExpressInternationalBox12:00, PurolatorExpressBoxInternational."
2026-10-06T09:47:04,Development,SOAP,runs/cert-soap-products.yaml,66,PRODUCT · PurolatorExpressEnvelopeU.S.9AM · FR,POST,devwebservices.purolator.com/EWS/V2/Shipping/ShippingService.asmx,200,294,"2xx, no errors",False,,"1001108 Num&#233;ro de service invalide: PurolatorExpressEnvelopeU.S.9AM. Les valeurs valides sont: PurolatorExpress9AM, PurolatorExpress10:30AM, PurolatorExpress, PurolatorExpressEvening, PurolatorExpress12PM, PurolatorExpressEnvelope9AM, PurolatorExpressEnvelope10:30AM, PurolatorExpressEnvelope, PurolatorExpressEnvelopeEvening, PurolatorExpressEnvelope12PM, PurolatorExpressPack9AM, PurolatorExpressPack10:30AM, PurolatorExpressPack, PurolatorExpressPackEvening, PurolatorExpressPack12PM, PurolatorExpressBox9AM, PurolatorExpressBox10:30AM, PurolatorExpressBox, PurolatorExpressBoxEvening, PurolatorExpressBox12PM, PurolatorQuickship, PurolatorGround, PurolatorGroundEvening, PurolatorGround9AM, PurolatorGround10:30AM, PurolatorExpressU.S., PurolatorExpressU.S.9AM, PurolatorExpressU.S.10:30AM, PurolatorExpressU.S.12:00, PurolatorExpressU.S.Envelope9AM, PurolatorExpressU.S.Envelope10:30AM, PurolatorExpressU.S.Envelope12:00, PurolatorExpressEnvelopeU.S., PurolatorExpressPackU.S., PurolatorExpressU.S.Pack9AM, PurolatorExpressU.S.Pack10:30AM, PurolatorExpressU.S.Pack12:00, PurolatorExpressU.S.Box9AM, PurolatorExpressU.S.Box10:30AM, PurolatorExpressU.S.Box12:00, PurolatorExpressBoxU.S., PurolatorGroundU.S., PurolatorExpressInternational, PurolatorExpressInternational9AM, PurolatorExpressInternational10:30AM, PurolatorExpressInternational12:00, PurolatorExpressInternationalEnvelope9AM, PurolatorExpressInternationalEnvelope10:30AM, PurolatorExpressInternationalEnvelope12:00, PurolatorExpressEnvelopeInternational, PurolatorExpressPackInternational, PurolatorExpressInternationalPack9AM, PurolatorExpressInternationalPack10:30AM, PurolatorExpressInternationalPack12:00, PurolatorExpressInternationalBox9AM, PurolatorExpressInternationalBox10:30AM, PurolatorExpressInternationalBox12:00, PurolatorExpressBoxInternational."
2026-10-06T09:47:04,Development,SOAP,runs/cert-soap-products.yaml,67,PRODUCT · PurolatorExpressEnvelopeU.S.1030AM,POST,devwebservices.purolator.com/EWS/V2/Shipping/ShippingService.asmx,200,304,"2xx, no errors",False,,"1001108 Invalid Service Id: PurolatorExpressEnvelopeU.S.10:30AM. Valid values are: PurolatorExpress9AM, PurolatorExpress10:30AM, PurolatorExpress, PurolatorExpressEvening, PurolatorExpress12PM, PurolatorExpressEnvelope9AM, PurolatorExpressEnvelope10:30AM, PurolatorExpressEnvelope, PurolatorExpressEnvelopeEvening, PurolatorExpressEnvelope12PM, PurolatorExpressPack9AM, PurolatorExpressPack10:30AM, PurolatorExpressPack, PurolatorExpressPackEvening, PurolatorExpressPack12PM, PurolatorExpressBox9AM, PurolatorExpressBox10:30AM, PurolatorExpressBox, PurolatorExpressBoxEvening, PurolatorExpressBox12PM, PurolatorQuickship, PurolatorGround, PurolatorGroundEvening, PurolatorGround9AM, PurolatorGround10:30AM, PurolatorExpressU.S., PurolatorExpressU.S.9AM, PurolatorExpressU.S.10:30AM, PurolatorExpressU.S.12:00, PurolatorExpressU.S.Envelope9AM, PurolatorExpressU.S.Envelope10:30AM, PurolatorExpressU.S.Envelope12:00, PurolatorExpressEnvelopeU.S., PurolatorExpressPackU.S., PurolatorExpressU.S.Pack9AM, PurolatorExpressU.S.Pack10:30AM, PurolatorExpressU.S.Pack12:00, PurolatorExpressU.S.Box9AM, PurolatorExpressU.S.Box10:30AM, PurolatorExpressU.S.Box12:00, PurolatorExpressBoxU.S., PurolatorGroundU.S., PurolatorExpressInternational, PurolatorExpressInternational9AM, PurolatorExpressInternational10:30AM, PurolatorExpressInternational12:00, PurolatorExpressInternationalEnvelope9AM, PurolatorExpressInternationalEnvelope10:30AM, PurolatorExpressInternationalEnvelope12:00, PurolatorExpressEnvelopeInternational, PurolatorExpressPackInternational, PurolatorExpressInternationalPack9AM, PurolatorExpressInternationalPack10:30AM, PurolatorExpressInternationalPack12:00, PurolatorExpressInternationalBox9AM, PurolatorExpressInternationalBox10:30AM, PurolatorExpressInternationalBox12:00, PurolatorExpressBoxInternational."
2026-10-06T09:47:04,Development,SOAP,runs/cert-soap-products.yaml,68,PRODUCT · PurolatorExpressEnvelopeU.S.1030AM · FR,POST,devwebservices.purolator.com/EWS/V2/Shipping/ShippingService.asmx,200,344,"2xx, no errors",False,,"1001108 Num&#233;ro de service invalide: PurolatorExpressEnvelopeU.S.10:30AM. Les valeurs valides sont: PurolatorExpress9AM, PurolatorExpress10:30AM, PurolatorExpress, PurolatorExpressEvening, PurolatorExpress12PM, PurolatorExpressEnvelope9AM, PurolatorExpressEnvelope10:30AM, PurolatorExpressEnvelope, PurolatorExpressEnvelopeEvening, PurolatorExpressEnvelope12PM, PurolatorExpressPack9AM, PurolatorExpressPack10:30AM, PurolatorExpressPack, PurolatorExpressPackEvening, PurolatorExpressPack12PM, PurolatorExpressBox9AM, PurolatorExpressBox10:30AM, PurolatorExpressBox, PurolatorExpressBoxEvening, PurolatorExpressBox12PM, PurolatorQuickship, PurolatorGround, PurolatorGroundEvening, PurolatorGround9AM, PurolatorGround10:30AM, PurolatorExpressU.S., PurolatorExpressU.S.9AM, PurolatorExpressU.S.10:30AM, PurolatorExpressU.S.12:00, PurolatorExpressU.S.Envelope9AM, PurolatorExpressU.S.Envelope10:30AM, PurolatorExpressU.S.Envelope12:00, PurolatorExpressEnvelopeU.S., PurolatorExpressPackU.S., PurolatorExpressU.S.Pack9AM, PurolatorExpressU.S.Pack10:30AM, PurolatorExpressU.S.Pack12:00, PurolatorExpressU.S.Box9AM, PurolatorExpressU.S.Box10:30AM, PurolatorExpressU.S.Box12:00, PurolatorExpressBoxU.S., PurolatorGroundU.S., PurolatorExpressInternational, PurolatorExpressInternational9AM, PurolatorExpressInternational10:30AM, PurolatorExpressInternational12:00, PurolatorExpressInternationalEnvelope9AM, PurolatorExpressInternationalEnvelope10:30AM, PurolatorExpressInternationalEnvelope12:00, PurolatorExpressEnvelopeInternational, PurolatorExpressPackInternational, PurolatorExpressInternationalPack9AM, PurolatorExpressInternationalPack10:30AM, PurolatorExpressInternationalPack12:00, PurolatorExpressInternationalBox9AM, PurolatorExpressInternationalBox10:30AM, PurolatorExpressInternationalBox12:00, PurolatorExpressBoxInternational."
2026-10-06T09:47:04,Development,SOAP,runs/cert-soap-products.yaml,69,PRODUCT · PurolatorExpressEnvelopeU.S.12PM,POST,devwebservices.purolator.com/EWS/V2/Shipping/ShippingService.asmx,200,418,"2xx, no errors",False,,"1001108 Invalid Service Id: PurolatorExpressEnvelopeU.S.12PM. Valid values are: PurolatorExpress9AM, PurolatorExpress10:30AM, PurolatorExpress, PurolatorExpressEvening, PurolatorExpress12PM, PurolatorExpressEnvelope9AM, PurolatorExpressEnvelope10:30AM, PurolatorExpressEnvelope, PurolatorExpressEnvelopeEvening, PurolatorExpressEnvelope12PM, PurolatorExpressPack9AM, PurolatorExpressPack10:30AM, PurolatorExpressPack, PurolatorExpressPackEvening, PurolatorExpressPack12PM, PurolatorExpressBox9AM, PurolatorExpressBox10:30AM, PurolatorExpressBox, PurolatorExpressBoxEvening, PurolatorExpressBox12PM, PurolatorQuickship, PurolatorGround, PurolatorGroundEvening, PurolatorGround9AM, PurolatorGround10:30AM, PurolatorExpressU.S., PurolatorExpressU.S.9AM, PurolatorExpressU.S.10:30AM, PurolatorExpressU.S.12:00, PurolatorExpressU.S.Envelope9AM, PurolatorExpressU.S.Envelope10:30AM, PurolatorExpressU.S.Envelope12:00, PurolatorExpressEnvelopeU.S., PurolatorExpressPackU.S., PurolatorExpressU.S.Pack9AM, PurolatorExpressU.S.Pack10:30AM, PurolatorExpressU.S.Pack12:00, PurolatorExpressU.S.Box9AM, PurolatorExpressU.S.Box10:30AM, PurolatorExpressU.S.Box12:00, PurolatorExpressBoxU.S., PurolatorGroundU.S., PurolatorExpressInternational, PurolatorExpressInternational9AM, PurolatorExpressInternational10:30AM, PurolatorExpressInternational12:00, PurolatorExpressInternationalEnvelope9AM, PurolatorExpressInternationalEnvelope10:30AM, PurolatorExpressInternationalEnvelope12:00, PurolatorExpressEnvelopeInternational, PurolatorExpressPackInternational, PurolatorExpressInternationalPack9AM, PurolatorExpressInternationalPack10:30AM, PurolatorExpressInternationalPack12:00, PurolatorExpressInternationalBox9AM, PurolatorExpressInternationalBox10:30AM, PurolatorExpressInternationalBox12:00, PurolatorExpressBoxInternational."
2026-10-06T09:47:04,Development,SOAP,runs/cert-soap-products.yaml,70,PRODUCT · PurolatorExpressEnvelopeU.S.12PM · FR,POST,devwebservices.purolator.com/EWS/V2/Shipping/ShippingService.asmx,200,322,"2xx, no errors",False,,"1001108 Num&#233;ro de service invalide: PurolatorExpressEnvelopeU.S.12PM. Les valeurs valides sont: PurolatorExpress9AM, PurolatorExpress10:30AM, PurolatorExpress, PurolatorExpressEvening, PurolatorExpress12PM, PurolatorExpressEnvelope9AM, PurolatorExpressEnvelope10:30AM, PurolatorExpressEnvelope, PurolatorExpressEnvelopeEvening, PurolatorExpressEnvelope12PM, PurolatorExpressPack9AM, PurolatorExpressPack10:30AM, PurolatorExpressPack, PurolatorExpressPackEvening, PurolatorExpressPack12PM, PurolatorExpressBox9AM, PurolatorExpressBox10:30AM, PurolatorExpressBox, PurolatorExpressBoxEvening, PurolatorExpressBox12PM, PurolatorQuickship, PurolatorGround, PurolatorGroundEvening, PurolatorGround9AM, PurolatorGround10:30AM, PurolatorExpressU.S., PurolatorExpressU.S.9AM, PurolatorExpressU.S.10:30AM, PurolatorExpressU.S.12:00, PurolatorExpressU.S.Envelope9AM, PurolatorExpressU.S.Envelope10:30AM, PurolatorExpressU.S.Envelope12:00, PurolatorExpressEnvelopeU.S., PurolatorExpressPackU.S., PurolatorExpressU.S.Pack9AM, PurolatorExpressU.S.Pack10:30AM, PurolatorExpressU.S.Pack12:00, PurolatorExpressU.S.Box9AM, PurolatorExpressU.S.Box10:30AM, PurolatorExpressU.S.Box12:00, PurolatorExpressBoxU.S., PurolatorGroundU.S., PurolatorExpressInternational, PurolatorExpressInternational9AM, PurolatorExpressInternational10:30AM, PurolatorExpressInternational12:00, PurolatorExpressInternationalEnvelope9AM, PurolatorExpressInternationalEnvelope10:30AM, PurolatorExpressInternationalEnvelope12:00, PurolatorExpressEnvelopeInternational, PurolatorExpressPackInternational, PurolatorExpressInternationalPack9AM, PurolatorExpressInternationalPack10:30AM, PurolatorExpressInternationalPack12:00, PurolatorExpressInternationalBox9AM, PurolatorExpressInternationalBox10:30AM, PurolatorExpressInternationalBox12:00, PurolatorExpressBoxInternational."
2026-10-06T09:47:04,Development,SOAP,runs/cert-soap-products.yaml,71,PRODUCT · PurolatorExpressPackU.S.9AM,POST,devwebservices.purolator.com/EWS/V2/Shipping/ShippingService.asmx,200,336,"2xx, no errors",False,,"1001108 Invalid Service Id: PurolatorExpressPackU.S.9AM. Valid values are: PurolatorExpress9AM, PurolatorExpress10:30AM, PurolatorExpress, PurolatorExpressEvening, PurolatorExpress12PM, PurolatorExpressEnvelope9AM, PurolatorExpressEnvelope10:30AM, PurolatorExpressEnvelope, PurolatorExpressEnvelopeEvening, PurolatorExpressEnvelope12PM, PurolatorExpressPack9AM, PurolatorExpressPack10:30AM, PurolatorExpressPack, PurolatorExpressPackEvening, PurolatorExpressPack12PM, PurolatorExpressBox9AM, PurolatorExpressBox10:30AM, PurolatorExpressBox, PurolatorExpressBoxEvening, PurolatorExpressBox12PM, PurolatorQuickship, PurolatorGround, PurolatorGroundEvening, PurolatorGround9AM, PurolatorGround10:30AM, PurolatorExpressU.S., PurolatorExpressU.S.9AM, PurolatorExpressU.S.10:30AM, PurolatorExpressU.S.12:00, PurolatorExpressU.S.Envelope9AM, PurolatorExpressU.S.Envelope10:30AM, PurolatorExpressU.S.Envelope12:00, PurolatorExpressEnvelopeU.S., PurolatorExpressPackU.S., PurolatorExpressU.S.Pack9AM, PurolatorExpressU.S.Pack10:30AM, PurolatorExpressU.S.Pack12:00, PurolatorExpressU.S.Box9AM, PurolatorExpressU.S.Box10:30AM, PurolatorExpressU.S.Box12:00, PurolatorExpressBoxU.S., PurolatorGroundU.S., PurolatorExpressInternational, PurolatorExpressInternational9AM, PurolatorExpressInternational10:30AM, PurolatorExpressInternational12:00, PurolatorExpressInternationalEnvelope9AM, PurolatorExpressInternationalEnvelope10:30AM, PurolatorExpressInternationalEnvelope12:00, PurolatorExpressEnvelopeInternational, PurolatorExpressPackInternational, PurolatorExpressInternationalPack9AM, PurolatorExpressInternationalPack10:30AM, PurolatorExpressInternationalPack12:00, PurolatorExpressInternationalBox9AM, PurolatorExpressInternationalBox10:30AM, PurolatorExpressInternationalBox12:00, PurolatorExpressBoxInternational."
2026-10-06T09:47:04,Development,SOAP,runs/cert-soap-products.yaml,72,PRODUCT · PurolatorExpressPackU.S.9AM · FR,POST,devwebservices.purolator.com/EWS/V2/Shipping/ShippingService.asmx,200,466,"2xx, no errors",False,,"1001108 Num&#233;ro de service invalide: PurolatorExpressPackU.S.9AM. Les valeurs valides sont: PurolatorExpress9AM, PurolatorExpress10:30AM, PurolatorExpress, PurolatorExpressEvening, PurolatorExpress12PM, PurolatorExpressEnvelope9AM, PurolatorExpressEnvelope10:30AM, PurolatorExpressEnvelope, PurolatorExpressEnvelopeEvening, PurolatorExpressEnvelope12PM, PurolatorExpressPack9AM, PurolatorExpressPack10:30AM, PurolatorExpressPack, PurolatorExpressPackEvening, PurolatorExpressPack12PM, PurolatorExpressBox9AM, PurolatorExpressBox10:30AM, PurolatorExpressBox, PurolatorExpressBoxEvening, PurolatorExpressBox12PM, PurolatorQuickship, PurolatorGround, PurolatorGroundEvening, PurolatorGround9AM, PurolatorGround10:30AM, PurolatorExpressU.S., PurolatorExpressU.S.9AM, PurolatorExpressU.S.10:30AM, PurolatorExpressU.S.12:00, PurolatorExpressU.S.Envelope9AM, PurolatorExpressU.S.Envelope10:30AM, PurolatorExpressU.S.Envelope12:00, PurolatorExpressEnvelopeU.S., PurolatorExpressPackU.S., PurolatorExpressU.S.Pack9AM, PurolatorExpressU.S.Pack10:30AM, PurolatorExpressU.S.Pack12:00, PurolatorExpressU.S.Box9AM, PurolatorExpressU.S.Box10:30AM, PurolatorExpressU.S.Box12:00, PurolatorExpressBoxU.S., PurolatorGroundU.S., PurolatorExpressInternational, PurolatorExpressInternational9AM, PurolatorExpressInternational10:30AM, PurolatorExpressInternational12:00, PurolatorExpressInternationalEnvelope9AM, PurolatorExpressInternationalEnvelope10:30AM, PurolatorExpressInternationalEnvelope12:00, PurolatorExpressEnvelopeInternational, PurolatorExpressPackInternational, PurolatorExpressInternationalPack9AM, PurolatorExpressInternationalPack10:30AM, PurolatorExpressInternationalPack12:00, PurolatorExpressInternationalBox9AM, PurolatorExpressInternationalBox10:30AM, PurolatorExpressInternationalBox12:00, PurolatorExpressBoxInternational."
2026-10-06T09:47:04,Development,SOAP,runs/cert-soap-products.yaml,73,PRODUCT · PurolatorExpressPackU.S.1030AM,POST,devwebservices.purolator.com/EWS/V2/Shipping/ShippingService.asmx,200,446,"2xx, no errors",False,,"1001108 Invalid Service Id: PurolatorExpressPackU.S.10:30AM. Valid values are: PurolatorExpress9AM, PurolatorExpress10:30AM, PurolatorExpress, PurolatorExpressEvening, PurolatorExpress12PM, PurolatorExpressEnvelope9AM, PurolatorExpressEnvelope10:30AM, PurolatorExpressEnvelope, PurolatorExpressEnvelopeEvening, PurolatorExpressEnvelope12PM, PurolatorExpressPack9AM, PurolatorExpressPack10:30AM, PurolatorExpressPack, PurolatorExpressPackEvening, PurolatorExpressPack12PM, PurolatorExpressBox9AM, PurolatorExpressBox10:30AM, PurolatorExpressBox, PurolatorExpressBoxEvening, PurolatorExpressBox12PM, PurolatorQuickship, PurolatorGround, PurolatorGroundEvening, PurolatorGround9AM, PurolatorGround10:30AM, PurolatorExpressU.S., PurolatorExpressU.S.9AM, PurolatorExpressU.S.10:30AM, PurolatorExpressU.S.12:00, PurolatorExpressU.S.Envelope9AM, PurolatorExpressU.S.Envelope10:30AM, PurolatorExpressU.S.Envelope12:00, PurolatorExpressEnvelopeU.S., PurolatorExpressPackU.S., PurolatorExpressU.S.Pack9AM, PurolatorExpressU.S.Pack10:30AM, PurolatorExpressU.S.Pack12:00, PurolatorExpressU.S.Box9AM, PurolatorExpressU.S.Box10:30AM, PurolatorExpressU.S.Box12:00, PurolatorExpressBoxU.S., PurolatorGroundU.S., PurolatorExpressInternational, PurolatorExpressInternational9AM, PurolatorExpressInternational10:30AM, PurolatorExpressInternational12:00, PurolatorExpressInternationalEnvelope9AM, PurolatorExpressInternationalEnvelope10:30AM, PurolatorExpressInternationalEnvelope12:00, PurolatorExpressEnvelopeInternational, PurolatorExpressPackInternational, PurolatorExpressInternationalPack9AM, PurolatorExpressInternationalPack10:30AM, PurolatorExpressInternationalPack12:00, PurolatorExpressInternationalBox9AM, PurolatorExpressInternationalBox10:30AM, PurolatorExpressInternationalBox12:00, PurolatorExpressBoxInternational."
2026-10-06T09:47:04,Development,SOAP,runs/cert-soap-products.yaml,74,PRODUCT · PurolatorExpressPackU.S.1030AM · FR,POST,devwebservices.purolator.com/EWS/V2/Shipping/ShippingService.asmx,200,441,"2xx, no errors",False,,"1001108 Num&#233;ro de service invalide: PurolatorExpressPackU.S.10:30AM. Les valeurs valides sont: PurolatorExpress9AM, PurolatorExpress10:30AM, PurolatorExpress, PurolatorExpressEvening, PurolatorExpress12PM, PurolatorExpressEnvelope9AM, PurolatorExpressEnvelope10:30AM, PurolatorExpressEnvelope, PurolatorExpressEnvelopeEvening, PurolatorExpressEnvelope12PM, PurolatorExpressPack9AM, PurolatorExpressPack10:30AM, PurolatorExpressPack, PurolatorExpressPackEvening, PurolatorExpressPack12PM, PurolatorExpressBox9AM, PurolatorExpressBox10:30AM, PurolatorExpressBox, PurolatorExpressBoxEvening, PurolatorExpressBox12PM, PurolatorQuickship, PurolatorGround, PurolatorGroundEvening, PurolatorGround9AM, PurolatorGround10:30AM, PurolatorExpressU.S., PurolatorExpressU.S.9AM, PurolatorExpressU.S.10:30AM, PurolatorExpressU.S.12:00, PurolatorExpressU.S.Envelope9AM, PurolatorExpressU.S.Envelope10:30AM, PurolatorExpressU.S.Envelope12:00, PurolatorExpressEnvelopeU.S., PurolatorExpressPackU.S., PurolatorExpressU.S.Pack9AM, PurolatorExpressU.S.Pack10:30AM, PurolatorExpressU.S.Pack12:00, PurolatorExpressU.S.Box9AM, PurolatorExpressU.S.Box10:30AM, PurolatorExpressU.S.Box12:00, PurolatorExpressBoxU.S., PurolatorGroundU.S., PurolatorExpressInternational, PurolatorExpressInternational9AM, PurolatorExpressInternational10:30AM, PurolatorExpressInternational12:00, PurolatorExpressInternationalEnvelope9AM, PurolatorExpressInternationalEnvelope10:30AM, PurolatorExpressInternationalEnvelope12:00, PurolatorExpressEnvelopeInternational, PurolatorExpressPackInternational, PurolatorExpressInternationalPack9AM, PurolatorExpressInternationalPack10:30AM, PurolatorExpressInternationalPack12:00, PurolatorExpressInternationalBox9AM, PurolatorExpressInternationalBox10:30AM, PurolatorExpressInternationalBox12:00, PurolatorExpressBoxInternational."
2026-10-06T09:47:04,Development,SOAP,runs/cert-soap-products.yaml,75,PRODUCT · PurolatorExpressPackU.S.12PM,POST,devwebservices.purolator.com/EWS/V2/Shipping/ShippingService.asmx,200,427,"2xx, no errors",False,,"1001108 Invalid Service Id: PurolatorExpressPackU.S.12PM. Valid values are: PurolatorExpress9AM, PurolatorExpress10:30AM, PurolatorExpress, PurolatorExpressEvening, PurolatorExpress12PM, PurolatorExpressEnvelope9AM, PurolatorExpressEnvelope10:30AM, PurolatorExpressEnvelope, PurolatorExpressEnvelopeEvening, PurolatorExpressEnvelope12PM, PurolatorExpressPack9AM, PurolatorExpressPack10:30AM, PurolatorExpressPack, PurolatorExpressPackEvening, PurolatorExpressPack12PM, PurolatorExpressBox9AM, PurolatorExpressBox10:30AM, PurolatorExpressBox, PurolatorExpressBoxEvening, PurolatorExpressBox12PM, PurolatorQuickship, PurolatorGround, PurolatorGroundEvening, PurolatorGround9AM, PurolatorGround10:30AM, PurolatorExpressU.S., PurolatorExpressU.S.9AM, PurolatorExpressU.S.10:30AM, PurolatorExpressU.S.12:00, PurolatorExpressU.S.Envelope9AM, PurolatorExpressU.S.Envelope10:30AM, PurolatorExpressU.S.Envelope12:00, PurolatorExpressEnvelopeU.S., PurolatorExpressPackU.S., PurolatorExpressU.S.Pack9AM, PurolatorExpressU.S.Pack10:30AM, PurolatorExpressU.S.Pack12:00, PurolatorExpressU.S.Box9AM, PurolatorExpressU.S.Box10:30AM, PurolatorExpressU.S.Box12:00, PurolatorExpressBoxU.S., PurolatorGroundU.S., PurolatorExpressInternational, PurolatorExpressInternational9AM, PurolatorExpressInternational10:30AM, PurolatorExpressInternational12:00, PurolatorExpressInternationalEnvelope9AM, PurolatorExpressInternationalEnvelope10:30AM, PurolatorExpressInternationalEnvelope12:00, PurolatorExpressEnvelopeInternational, PurolatorExpressPackInternational, PurolatorExpressInternationalPack9AM, PurolatorExpressInternationalPack10:30AM, PurolatorExpressInternationalPack12:00, PurolatorExpressInternationalBox9AM, PurolatorExpressInternationalBox10:30AM, PurolatorExpressInternationalBox12:00, PurolatorExpressBoxInternational."
2026-10-06T09:47:04,Development,SOAP,runs/cert-soap-products.yaml,76,PRODUCT · PurolatorExpressPackU.S.12PM · FR,POST,devwebservices.purolator.com/EWS/V2/Shipping/ShippingService.asmx,200,325,"2xx, no errors",False,,"1001108 Num&#233;ro de service invalide: PurolatorExpressPackU.S.12PM. Les valeurs valides sont: PurolatorExpress9AM, PurolatorExpress10:30AM, PurolatorExpress, PurolatorExpressEvening, PurolatorExpress12PM, PurolatorExpressEnvelope9AM, PurolatorExpressEnvelope10:30AM, PurolatorExpressEnvelope, PurolatorExpressEnvelopeEvening, PurolatorExpressEnvelope12PM, PurolatorExpressPack9AM, PurolatorExpressPack10:30AM, PurolatorExpressPack, PurolatorExpressPackEvening, PurolatorExpressPack12PM, PurolatorExpressBox9AM, PurolatorExpressBox10:30AM, PurolatorExpressBox, PurolatorExpressBoxEvening, PurolatorExpressBox12PM, PurolatorQuickship, PurolatorGround, PurolatorGroundEvening, PurolatorGround9AM, PurolatorGround10:30AM, PurolatorExpressU.S., PurolatorExpressU.S.9AM, PurolatorExpressU.S.10:30AM, PurolatorExpressU.S.12:00, PurolatorExpressU.S.Envelope9AM, PurolatorExpressU.S.Envelope10:30AM, PurolatorExpressU.S.Envelope12:00, PurolatorExpressEnvelopeU.S., PurolatorExpressPackU.S., PurolatorExpressU.S.Pack9AM, PurolatorExpressU.S.Pack10:30AM, PurolatorExpressU.S.Pack12:00, PurolatorExpressU.S.Box9AM, PurolatorExpressU.S.Box10:30AM, PurolatorExpressU.S.Box12:00, PurolatorExpressBoxU.S., PurolatorGroundU.S., PurolatorExpressInternational, PurolatorExpressInternational9AM, PurolatorExpressInternational10:30AM, PurolatorExpressInternational12:00, PurolatorExpressInternationalEnvelope9AM, PurolatorExpressInternationalEnvelope10:30AM, PurolatorExpressInternationalEnvelope12:00, PurolatorExpressEnvelopeInternational, PurolatorExpressPackInternational, PurolatorExpressInternationalPack9AM, PurolatorExpressInternationalPack10:30AM, PurolatorExpressInternationalPack12:00, PurolatorExpressInternationalBox9AM, PurolatorExpressInternationalBox10:30AM, PurolatorExpressInternationalBox12:00, PurolatorExpressBoxInternational."
2026-10-06T09:47:04,Development,SOAP,runs/cert-soap-products.yaml,77,PRODUCT · PurolatorExpressBoxU.S.9AM,POST,devwebservices.purolator.com/EWS/V2/Shipping/ShippingService.asmx,200,278,"2xx, no errors",False,,"1001108 Invalid Service Id: PurolatorExpressBoxU.S.9AM. Valid values are: PurolatorExpress9AM, PurolatorExpress10:30AM, PurolatorExpress, PurolatorExpressEvening, PurolatorExpress12PM, PurolatorExpressEnvelope9AM, PurolatorExpressEnvelope10:30AM, PurolatorExpressEnvelope, PurolatorExpressEnvelopeEvening, PurolatorExpressEnvelope12PM, PurolatorExpressPack9AM, PurolatorExpressPack10:30AM, PurolatorExpressPack, PurolatorExpressPackEvening, PurolatorExpressPack12PM, PurolatorExpressBox9AM, PurolatorExpressBox10:30AM, PurolatorExpressBox, PurolatorExpressBoxEvening, PurolatorExpressBox12PM, PurolatorQuickship, PurolatorGround, PurolatorGroundEvening, PurolatorGround9AM, PurolatorGround10:30AM, PurolatorExpressU.S., PurolatorExpressU.S.9AM, PurolatorExpressU.S.10:30AM, PurolatorExpressU.S.12:00, PurolatorExpressU.S.Envelope9AM, PurolatorExpressU.S.Envelope10:30AM, PurolatorExpressU.S.Envelope12:00, PurolatorExpressEnvelopeU.S., PurolatorExpressPackU.S., PurolatorExpressU.S.Pack9AM, PurolatorExpressU.S.Pack10:30AM, PurolatorExpressU.S.Pack12:00, PurolatorExpressU.S.Box9AM, PurolatorExpressU.S.Box10:30AM, PurolatorExpressU.S.Box12:00, PurolatorExpressBoxU.S., PurolatorGroundU.S., PurolatorExpressInternational, PurolatorExpressInternational9AM, PurolatorExpressInternational10:30AM, PurolatorExpressInternational12:00, PurolatorExpressInternationalEnvelope9AM, PurolatorExpressInternationalEnvelope10:30AM, PurolatorExpressInternationalEnvelope12:00, PurolatorExpressEnvelopeInternational, PurolatorExpressPackInternational, PurolatorExpressInternationalPack9AM, PurolatorExpressInternationalPack10:30AM, PurolatorExpressInternationalPack12:00, PurolatorExpressInternationalBox9AM, PurolatorExpressInternationalBox10:30AM, PurolatorExpressInternationalBox12:00, PurolatorExpressBoxInternational."
2026-10-06T09:47:04,Development,SOAP,runs/cert-soap-products.yaml,78,PRODUCT · PurolatorExpressBoxU.S.9AM · FR,POST,devwebservices.purolator.com/EWS/V2/Shipping/ShippingService.asmx,200,294,"2xx, no errors",False,,"1001108 Num&#233;ro de service invalide: PurolatorExpressBoxU.S.9AM. Les valeurs valides sont: PurolatorExpress9AM, PurolatorExpress10:30AM, PurolatorExpress, PurolatorExpressEvening, PurolatorExpress12PM, PurolatorExpressEnvelope9AM, PurolatorExpressEnvelope10:30AM, PurolatorExpressEnvelope, PurolatorExpressEnvelopeEvening, PurolatorExpressEnvelope12PM, PurolatorExpressPack9AM, PurolatorExpressPack10:30AM, PurolatorExpressPack, PurolatorExpressPackEvening, PurolatorExpressPack12PM, PurolatorExpressBox9AM, PurolatorExpressBox10:30AM, PurolatorExpressBox, PurolatorExpressBoxEvening, PurolatorExpressBox12PM, PurolatorQuickship, PurolatorGround, PurolatorGroundEvening, PurolatorGround9AM, PurolatorGround10:30AM, PurolatorExpressU.S., PurolatorExpressU.S.9AM, PurolatorExpressU.S.10:30AM, PurolatorExpressU.S.12:00, PurolatorExpressU.S.Envelope9AM, PurolatorExpressU.S.Envelope10:30AM, PurolatorExpressU.S.Envelope12:00, PurolatorExpressEnvelopeU.S., PurolatorExpressPackU.S., PurolatorExpressU.S.Pack9AM, PurolatorExpressU.S.Pack10:30AM, PurolatorExpressU.S.Pack12:00, PurolatorExpressU.S.Box9AM, PurolatorExpressU.S.Box10:30AM, PurolatorExpressU.S.Box12:00, PurolatorExpressBoxU.S., PurolatorGroundU.S., PurolatorExpressInternational, PurolatorExpressInternational9AM, PurolatorExpressInternational10:30AM, PurolatorExpressInternational12:00, PurolatorExpressInternationalEnvelope9AM, PurolatorExpressInternationalEnvelope10:30AM, PurolatorExpressInternationalEnvelope12:00, PurolatorExpressEnvelopeInternational, PurolatorExpressPackInternational, PurolatorExpressInternationalPack9AM, PurolatorExpressInternationalPack10:30AM, PurolatorExpressInternationalPack12:00, PurolatorExpressInternationalBox9AM, PurolatorExpressInternationalBox10:30AM, PurolatorExpressInternationalBox12:00, PurolatorExpressBoxInternational."
2026-10-06T09:47:04,Development,SOAP,runs/cert-soap-products.yaml,79,PRODUCT · PurolatorExpressBoxU.S.1030AM,POST,devwebservices.purolator.com/EWS/V2/Shipping/ShippingService.asmx,200,297,"2xx, no errors",False,,"1001108 Invalid Service Id: PurolatorExpressBoxU.S.10:30AM. Valid values are: PurolatorExpress9AM, PurolatorExpress10:30AM, PurolatorExpress, PurolatorExpressEvening, PurolatorExpress12PM, PurolatorExpressEnvelope9AM, PurolatorExpressEnvelope10:30AM, PurolatorExpressEnvelope, PurolatorExpressEnvelopeEvening, PurolatorExpressEnvelope12PM, PurolatorExpressPack9AM, PurolatorExpressPack10:30AM, PurolatorExpressPack, PurolatorExpressPackEvening, PurolatorExpressPack12PM, PurolatorExpressBox9AM, PurolatorExpressBox10:30AM, PurolatorExpressBox, PurolatorExpressBoxEvening, PurolatorExpressBox12PM, PurolatorQuickship, PurolatorGround, PurolatorGroundEvening, PurolatorGround9AM, PurolatorGround10:30AM, PurolatorExpressU.S., PurolatorExpressU.S.9AM, PurolatorExpressU.S.10:30AM, PurolatorExpressU.S.12:00, PurolatorExpressU.S.Envelope9AM, PurolatorExpressU.S.Envelope10:30AM, PurolatorExpressU.S.Envelope12:00, PurolatorExpressEnvelopeU.S., PurolatorExpressPackU.S., PurolatorExpressU.S.Pack9AM, PurolatorExpressU.S.Pack10:30AM, PurolatorExpressU.S.Pack12:00, PurolatorExpressU.S.Box9AM, PurolatorExpressU.S.Box10:30AM, PurolatorExpressU.S.Box12:00, PurolatorExpressBoxU.S., PurolatorGroundU.S., PurolatorExpressInternational, PurolatorExpressInternational9AM, PurolatorExpressInternational10:30AM, PurolatorExpressInternational12:00, PurolatorExpressInternationalEnvelope9AM, PurolatorExpressInternationalEnvelope10:30AM, PurolatorExpressInternationalEnvelope12:00, PurolatorExpressEnvelopeInternational, PurolatorExpressPackInternational, PurolatorExpressInternationalPack9AM, PurolatorExpressInternationalPack10:30AM, PurolatorExpressInternationalPack12:00, PurolatorExpressInternationalBox9AM, PurolatorExpressInternationalBox10:30AM, PurolatorExpressInternationalBox12:00, PurolatorExpressBoxInternational."
2026-10-06T09:47:04,Development,SOAP,runs/cert-soap-products.yaml,80,PRODUCT · PurolatorExpressBoxU.S.1030AM · FR,POST,devwebservices.purolator.com/EWS/V2/Shipping/ShippingService.asmx,200,289,"2xx, no errors",False,,"1001108 Num&#233;ro de service invalide: PurolatorExpressBoxU.S.10:30AM. Les valeurs valides sont: PurolatorExpress9AM, PurolatorExpress10:30AM, PurolatorExpress, PurolatorExpressEvening, PurolatorExpress12PM, PurolatorExpressEnvelope9AM, PurolatorExpressEnvelope10:30AM, PurolatorExpressEnvelope, PurolatorExpressEnvelopeEvening, PurolatorExpressEnvelope12PM, PurolatorExpressPack9AM, PurolatorExpressPack10:30AM, PurolatorExpressPack, PurolatorExpressPackEvening, PurolatorExpressPack12PM, PurolatorExpressBox9AM, PurolatorExpressBox10:30AM, PurolatorExpressBox, PurolatorExpressBoxEvening, PurolatorExpressBox12PM, PurolatorQuickship, PurolatorGround, PurolatorGroundEvening, PurolatorGround9AM, PurolatorGround10:30AM, PurolatorExpressU.S., PurolatorExpressU.S.9AM, PurolatorExpressU.S.10:30AM, PurolatorExpressU.S.12:00, PurolatorExpressU.S.Envelope9AM, PurolatorExpressU.S.Envelope10:30AM, PurolatorExpressU.S.Envelope12:00, PurolatorExpressEnvelopeU.S., PurolatorExpressPackU.S., PurolatorExpressU.S.Pack9AM, PurolatorExpressU.S.Pack10:30AM, PurolatorExpressU.S.Pack12:00, PurolatorExpressU.S.Box9AM, PurolatorExpressU.S.Box10:30AM, PurolatorExpressU.S.Box12:00, PurolatorExpressBoxU.S., PurolatorGroundU.S., PurolatorExpressInternational, PurolatorExpressInternational9AM, PurolatorExpressInternational10:30AM, PurolatorExpressInternational12:00, PurolatorExpressInternationalEnvelope9AM, PurolatorExpressInternationalEnvelope10:30AM, PurolatorExpressInternationalEnvelope12:00, PurolatorExpressEnvelopeInternational, PurolatorExpressPackInternational, PurolatorExpressInternationalPack9AM, PurolatorExpressInternationalPack10:30AM, PurolatorExpressInternationalPack12:00, PurolatorExpressInternationalBox9AM, PurolatorExpressInternationalBox10:30AM, PurolatorExpressInternationalBox12:00, PurolatorExpressBoxInternational."
2026-10-06T09:47:04,Development,SOAP,runs/cert-soap-products.yaml,81,PRODUCT · PurolatorExpressBoxU.S.12PM,POST,devwebservices.purolator.com/EWS/V2/Shipping/ShippingService.asmx,200,430,"2xx, no errors",False,,"1001108 Invalid Service Id: PurolatorExpressBoxU.S.12PM. Valid values are: PurolatorExpress9AM, PurolatorExpress10:30AM, PurolatorExpress, PurolatorExpressEvening, PurolatorExpress12PM, PurolatorExpressEnvelope9AM, PurolatorExpressEnvelope10:30AM, PurolatorExpressEnvelope, PurolatorExpressEnvelopeEvening, PurolatorExpressEnvelope12PM, PurolatorExpressPack9AM, PurolatorExpressPack10:30AM, PurolatorExpressPack, PurolatorExpressPackEvening, PurolatorExpressPack12PM, PurolatorExpressBox9AM, PurolatorExpressBox10:30AM, PurolatorExpressBox, PurolatorExpressBoxEvening, PurolatorExpressBox12PM, PurolatorQuickship, PurolatorGround, PurolatorGroundEvening, PurolatorGround9AM, PurolatorGround10:30AM, PurolatorExpressU.S., PurolatorExpressU.S.9AM, PurolatorExpressU.S.10:30AM, PurolatorExpressU.S.12:00, PurolatorExpressU.S.Envelope9AM, PurolatorExpressU.S.Envelope10:30AM, PurolatorExpressU.S.Envelope12:00, PurolatorExpressEnvelopeU.S., PurolatorExpressPackU.S., PurolatorExpressU.S.Pack9AM, PurolatorExpressU.S.Pack10:30AM, PurolatorExpressU.S.Pack12:00, PurolatorExpressU.S.Box9AM, PurolatorExpressU.S.Box10:30AM, PurolatorExpressU.S.Box12:00, PurolatorExpressBoxU.S., PurolatorGroundU.S., PurolatorExpressInternational, PurolatorExpressInternational9AM, PurolatorExpressInternational10:30AM, PurolatorExpressInternational12:00, PurolatorExpressInternationalEnvelope9AM, PurolatorExpressInternationalEnvelope10:30AM, PurolatorExpressInternationalEnvelope12:00, PurolatorExpressEnvelopeInternational, PurolatorExpressPackInternational, PurolatorExpressInternationalPack9AM, PurolatorExpressInternationalPack10:30AM, PurolatorExpressInternationalPack12:00, PurolatorExpressInternationalBox9AM, PurolatorExpressInternationalBox10:30AM, PurolatorExpressInternationalBox12:00, PurolatorExpressBoxInternational."
2026-10-06T09:47:04,Development,SOAP,runs/cert-soap-products.yaml,82,PRODUCT · PurolatorExpressBoxU.S.12PM · FR,POST,devwebservices.purolator.com/EWS/V2/Shipping/ShippingService.asmx,200,442,"2xx, no errors",False,,"1001108 Num&#233;ro de service invalide: PurolatorExpressBoxU.S.12PM. Les valeurs valides sont: PurolatorExpress9AM, PurolatorExpress10:30AM, PurolatorExpress, PurolatorExpressEvening, PurolatorExpress12PM, PurolatorExpressEnvelope9AM, PurolatorExpressEnvelope10:30AM, PurolatorExpressEnvelope, PurolatorExpressEnvelopeEvening, PurolatorExpressEnvelope12PM, PurolatorExpressPack9AM, PurolatorExpressPack10:30AM, PurolatorExpressPack, PurolatorExpressPackEvening, PurolatorExpressPack12PM, PurolatorExpressBox9AM, PurolatorExpressBox10:30AM, PurolatorExpressBox, PurolatorExpressBoxEvening, PurolatorExpressBox12PM, PurolatorQuickship, PurolatorGround, PurolatorGroundEvening, PurolatorGround9AM, PurolatorGround10:30AM, PurolatorExpressU.S., PurolatorExpressU.S.9AM, PurolatorExpressU.S.10:30AM, PurolatorExpressU.S.12:00, PurolatorExpressU.S.Envelope9AM, PurolatorExpressU.S.Envelope10:30AM, PurolatorExpressU.S.Envelope12:00, PurolatorExpressEnvelopeU.S., PurolatorExpressPackU.S., PurolatorExpressU.S.Pack9AM, PurolatorExpressU.S.Pack10:30AM, PurolatorExpressU.S.Pack12:00, PurolatorExpressU.S.Box9AM, PurolatorExpressU.S.Box10:30AM, PurolatorExpressU.S.Box12:00, PurolatorExpressBoxU.S., PurolatorGroundU.S., PurolatorExpressInternational, PurolatorExpressInternational9AM, PurolatorExpressInternational10:30AM, PurolatorExpressInternational12:00, PurolatorExpressInternationalEnvelope9AM, PurolatorExpressInternationalEnvelope10:30AM, PurolatorExpressInternationalEnvelope12:00, PurolatorExpressEnvelopeInternational, PurolatorExpressPackInternational, PurolatorExpressInternationalPack9AM, PurolatorExpressInternationalPack10:30AM, PurolatorExpressInternationalPack12:00, PurolatorExpressInternationalBox9AM, PurolatorExpressInternationalBox10:30AM, PurolatorExpressInternationalBox12:00, PurolatorExpressBoxInternational."
2026-10-06T09:47:04,Development,SOAP,runs/cert-soap-products.yaml,83,PRODUCT · PurolatorExpressU.S.,POST,devwebservices.purolator.com/EWS/V2/Shipping/ShippingService.asmx,200,601,"2xx, no errors",True,400021521796,
2026-10-06T09:47:04,Development,SOAP,runs/cert-soap-products.yaml,84,PRODUCT · PurolatorExpressU.S. · FR,POST,devwebservices.purolator.com/EWS/V2/Shipping/ShippingService.asmx,200,594,"2xx, no errors",True,400021521010,
2026-10-06T09:47:04,Development,SOAP,runs/cert-soap-products.yaml,85,PRODUCT · PurolatorExpressU.S.9AM,POST,devwebservices.purolator.com/EWS/V2/Shipping/ShippingService.asmx,200,573,"2xx, no errors",True,400021521036,
2026-10-06T09:47:04,Development,SOAP,runs/cert-soap-products.yaml,86,PRODUCT · PurolatorExpressU.S.9AM · FR,POST,devwebservices.purolator.com/EWS/V2/Shipping/ShippingService.asmx,200,555,"2xx, no errors",True,400021521804,
2026-10-06T09:47:04,Development,SOAP,runs/cert-soap-products.yaml,87,PRODUCT · PurolatorExpressU.S.1030AM,POST,devwebservices.purolator.com/EWS/V2/Shipping/ShippingService.asmx,200,589,"2xx, no errors",True,400021521812,
2026-10-06T09:47:04,Development,SOAP,runs/cert-soap-products.yaml,88,PRODUCT · PurolatorExpressU.S.1030AM · FR,POST,devwebservices.purolator.com/EWS/V2/Shipping/ShippingService.asmx,200,583,"2xx, no errors",True,400021521820,
2026-10-06T09:47:04,Development,SOAP,runs/cert-soap-products.yaml,89,PRODUCT · PurolatorExpressU.S.1200,POST,devwebservices.purolator.com/EWS/V2/Shipping/ShippingService.asmx,200,680,"2xx, no errors",False,,1100491 Product/Service is invalid.
2026-10-06T09:47:04,Development,SOAP,runs/cert-soap-products.yaml,90,PRODUCT · PurolatorExpressU.S.1200 · FR,POST,devwebservices.purolator.com/EWS/V2/Shipping/ShippingService.asmx,200,662,"2xx, no errors",False,,1100491 Le produit est invalide.
2026-10-06T09:47:04,Development,SOAP,runs/cert-soap-products.yaml,91,PRODUCT · PurolatorExpressEnvelopeU.S.,POST,devwebservices.purolator.com/EWS/V2/Shipping/ShippingService.asmx,200,757,"2xx, no errors",True,400021521838,
2026-10-06T09:47:04,Development,SOAP,runs/cert-soap-products.yaml,92,PRODUCT · PurolatorExpressEnvelopeU.S. · FR,POST,devwebservices.purolator.com/EWS/V2/Shipping/ShippingService.asmx,200,719,"2xx, no errors",True,400021521846,
2026-10-06T09:47:04,Development,SOAP,runs/cert-soap-products.yaml,93,PRODUCT · PurolatorExpressU.S.Envelope9AM,POST,devwebservices.purolator.com/EWS/V2/Shipping/ShippingService.asmx,200,609,"2xx, no errors",True,400021521853,
2026-10-06T09:47:04,Development,SOAP,runs/cert-soap-products.yaml,94,PRODUCT · PurolatorExpressU.S.Envelope9AM · FR,POST,devwebservices.purolator.com/EWS/V2/Shipping/ShippingService.asmx,200,723,"2xx, no errors",True,400021521044,
2026-10-06T09:47:04,Development,SOAP,runs/cert-soap-products.yaml,95,PRODUCT · PurolatorExpressU.S.Envelope1030AM,POST,devwebservices.purolator.com/EWS/V2/Shipping/ShippingService.asmx,200,595,"2xx, no errors",True,400021521051,
2026-10-06T09:47:04,Development,SOAP,runs/cert-soap-products.yaml,96,PRODUCT · PurolatorExpressU.S.Envelope1030AM · FR,POST,devwebservices.purolator.com/EWS/V2/Shipping/ShippingService.asmx,200,587,"2xx, no errors",True,400021521069,
2026-10-06T09:47:04,Development,SOAP,runs/cert-soap-products.yaml,97,PRODUCT · PurolatorExpressU.S.Envelope1200,POST,devwebservices.purolator.com/EWS/V2/Shipping/ShippingService.asmx,200,555,"2xx, no errors",False,,1100491 Product/Service is invalid.
2026-10-06T09:47:04,Development,SOAP,runs/cert-soap-products.yaml,98,PRODUCT · PurolatorExpressU.S.Envelope1200 · FR,POST,devwebservices.purolator.com/EWS/V2/Shipping/ShippingService.asmx,200,680,"2xx, no errors",False,,1100491 Le produit est invalide.
2026-10-06T09:47:04,Development,SOAP,runs/cert-soap-products.yaml,99,PRODUCT · PurolatorExpressPackU.S.,POST,devwebservices.purolator.com/EWS/V2/Shipping/ShippingService.asmx,200,593,"2xx, no errors",True,400021521085,
2026-10-06T09:47:04,Development,SOAP,runs/cert-soap-products.yaml,100,PRODUCT · PurolatorExpressPackU.S. · FR,POST,devwebservices.purolator.com/EWS/V2/Shipping/ShippingService.asmx,200,711,"2xx, no errors",True,400021521093,
2026-10-06T09:47:04,Development,SOAP,runs/cert-soap-products.yaml,101,PRODUCT · PurolatorExpressU.S.Pack9AM,POST,devwebservices.purolator.com/EWS/V2/Shipping/ShippingService.asmx,200,635,"2xx, no errors",True,400021521101,
2026-10-06T09:47:04,Development,SOAP,runs/cert-soap-products.yaml,102,PRODUCT · PurolatorExpressU.S.Pack9AM · FR,POST,devwebservices.purolator.com/EWS/V2/Shipping/ShippingService.asmx,200,561,"2xx, no errors",True,400021521119,
2026-10-06T09:47:04,Development,SOAP,runs/cert-soap-products.yaml,103,PRODUCT · PurolatorExpressU.S.Pack1030AM,POST,devwebservices.purolator.com/EWS/V2/Shipping/ShippingService.asmx,200,721,"2xx, no errors",True,400021521127,
2026-10-06T09:47:04,Development,SOAP,runs/cert-soap-products.yaml,104,PRODUCT · PurolatorExpressU.S.Pack1030AM · FR,POST,devwebservices.purolator.com/EWS/V2/Shipping/ShippingService.asmx,200,586,"2xx, no errors",True,400021522190,
2026-10-06T09:47:04,Development,SOAP,runs/cert-soap-products.yaml,105,PRODUCT · PurolatorExpressU.S.Pack1200,POST,devwebservices.purolator.com/EWS/V2/Shipping/ShippingService.asmx,200,539,"2xx, no errors",False,,1100491 Product/Service is invalid.
2026-10-06T09:47:04,Development,SOAP,runs/cert-soap-products.yaml,106,PRODUCT · PurolatorExpressU.S.Pack1200 · FR,POST,devwebservices.purolator.com/EWS/V2/Shipping/ShippingService.asmx,200,750,"2xx, no errors",False,,1100491 Le produit est invalide.
2026-10-06T09:47:04,Development,SOAP,runs/cert-soap-products.yaml,107,PRODUCT · PurolatorExpressBoxU.S.,POST,devwebservices.purolator.com/EWS/V2/Shipping/ShippingService.asmx,200,556,"2xx, no errors",True,400021522208,
2026-10-06T09:47:04,Development,SOAP,runs/cert-soap-products.yaml,108,PRODUCT · PurolatorExpressBoxU.S. · FR,POST,devwebservices.purolator.com/EWS/V2/Shipping/ShippingService.asmx,200,558,"2xx, no errors",True,400021522224,
2026-10-06T09:47:04,Development,SOAP,runs/cert-soap-products.yaml,109,PRODUCT · PurolatorExpressU.S.Box9AM,POST,devwebservices.purolator.com/EWS/V2/Shipping/ShippingService.asmx,200,594,"2xx, no errors",True,400021522232,
2026-10-06T09:47:04,Development,SOAP,runs/cert-soap-products.yaml,110,PRODUCT · PurolatorExpressU.S.Box9AM · FR,POST,devwebservices.purolator.com/EWS/V2/Shipping/ShippingService.asmx,200,584,"2xx, no errors",True,400021522240,
2026-10-06T09:47:04,Development,SOAP,runs/cert-soap-products.yaml,111,PRODUCT · PurolatorExpressU.S.Box1030AM,POST,devwebservices.purolator.com/EWS/V2/Shipping/ShippingService.asmx,200,840,"2xx, no errors",True,400021522257,
2026-10-06T09:47:04,Development,SOAP,runs/cert-soap-products.yaml,112,PRODUCT · PurolatorExpressU.S.Box1030AM · FR,POST,devwebservices.purolator.com/EWS/V2/Shipping/ShippingService.asmx,200,622,"2xx, no errors",True,400021522265,
2026-10-06T09:47:04,Development,SOAP,runs/cert-soap-products.yaml,113,PRODUCT · PurolatorExpressU.S.Box1200,POST,devwebservices.purolator.com/EWS/V2/Shipping/ShippingService.asmx,200,532,"2xx, no errors",False,,1100491 Product/Service is invalid.
2026-10-06T09:47:04,Development,SOAP,runs/cert-soap-products.yaml,114,PRODUCT · PurolatorExpressU.S.Box1200 · FR,POST,devwebservices.purolator.com/EWS/V2/Shipping/ShippingService.asmx,200,710,"2xx, no errors",False,,1100491 Le produit est invalide.
2026-10-06T09:47:04,Development,SOAP,runs/cert-soap-products.yaml,115,PRODUCT · PurolatorGroundU.S.,POST,devwebservices.purolator.com/EWS/V2/Shipping/ShippingService.asmx,200,580,"2xx, no errors",True,400021522273,
2026-10-06T09:47:04,Development,SOAP,runs/cert-soap-products.yaml,116,PRODUCT · PurolatorGroundU.S. · FR,POST,devwebservices.purolator.com/EWS/V2/Shipping/ShippingService.asmx,200,594,"2xx, no errors",True,400021522281,
2026-10-06T09:47:04,Development,SOAP,runs/cert-soap-products.yaml,117,PRODUCT · PurolatorExpressInternational1200,POST,devwebservices.purolator.com/EWS/V2/Shipping/ShippingService.asmx,200,573,"2xx, no errors",True,400021522299,
2026-10-06T09:47:04,Development,SOAP,runs/cert-soap-products.yaml,118,PRODUCT · PurolatorExpressInternational1200 · FR,POST,devwebservices.purolator.com/EWS/V2/Shipping/ShippingService.asmx,200,710,"2xx, no errors",True,400021522307,
2026-10-06T09:47:04,Development,SOAP,runs/cert-soap-products.yaml,119,PRODUCT · PurolatorExpressInternationalEnvelope9AM,POST,devwebservices.purolator.com/EWS/V2/Shipping/ShippingService.asmx,200,513,"2xx, no errors",False,,1100491 Product/Service is invalid.
2026-10-06T09:47:04,Development,SOAP,runs/cert-soap-products.yaml,120,PRODUCT · PurolatorExpressInternationalEnvelope9AM · FR,POST,devwebservices.purolator.com/EWS/V2/Shipping/ShippingService.asmx,200,513,"2xx, no errors",False,,1100491 Le produit est invalide.
2026-10-06T09:47:04,Development,SOAP,runs/cert-soap-products.yaml,121,PRODUCT · PurolatorExpressInternationalEnvelope1030AM,POST,devwebservices.purolator.com/EWS/V2/Shipping/ShippingService.asmx,200,523,"2xx, no errors",False,,1100491 Product/Service is invalid.
2026-10-06T09:47:04,Development,SOAP,runs/cert-soap-products.yaml,122,PRODUCT · PurolatorExpressInternationalEnvelope1030AM · FR,POST,devwebservices.purolator.com/EWS/V2/Shipping/ShippingService.asmx,200,671,"2xx, no errors",False,,1100491 Le produit est invalide.
2026-10-06T09:47:04,Development,SOAP,runs/cert-soap-products.yaml,123,PRODUCT · PurolatorExpressInternationalEnvelope1200,POST,devwebservices.purolator.com/EWS/V2/Shipping/ShippingService.asmx,200,610,"2xx, no errors",True,400021522315,
2026-10-06T09:47:04,Development,SOAP,runs/cert-soap-products.yaml,124,PRODUCT · PurolatorExpressInternationalEnvelope1200 · FR,POST,devwebservices.purolator.com/EWS/V2/Shipping/ShippingService.asmx,200,575,"2xx, no errors",True,400021522323,
2026-10-06T09:47:04,Development,SOAP,runs/cert-soap-products.yaml,125,PRODUCT · PurolatorExpressInternationalPack9AM,POST,devwebservices.purolator.com/EWS/V2/Shipping/ShippingService.asmx,200,506,"2xx, no errors",False,,1100491 Product/Service is invalid.
2026-10-06T09:47:04,Development,SOAP,runs/cert-soap-products.yaml,126,PRODUCT · PurolatorExpressInternationalPack9AM · FR,POST,devwebservices.purolator.com/EWS/V2/Shipping/ShippingService.asmx,200,527,"2xx, no errors",False,,1100491 Le produit est invalide.
2026-10-06T09:47:04,Development,SOAP,runs/cert-soap-products.yaml,127,PRODUCT · PurolatorExpressInternationalPack1030AM,POST,devwebservices.purolator.com/EWS/V2/Shipping/ShippingService.asmx,200,665,"2xx, no errors",False,,1100491 Product/Service is invalid.
2026-10-06T09:47:04,Development,SOAP,runs/cert-soap-products.yaml,128,PRODUCT · PurolatorExpressInternationalPack1030AM · FR,POST,devwebservices.purolator.com/EWS/V2/Shipping/ShippingService.asmx,200,676,"2xx, no errors",False,,1100491 Le produit est invalide.
2026-10-06T09:47:04,Development,SOAP,runs/cert-soap-products.yaml,129,PRODUCT · PurolatorExpressInternationalPack1200,POST,devwebservices.purolator.com/EWS/V2/Shipping/ShippingService.asmx,200,646,"2xx, no errors",True,400021522349,
2026-10-06T09:47:04,Development,SOAP,runs/cert-soap-products.yaml,130,PRODUCT · PurolatorExpressInternationalPack1200 · FR,POST,devwebservices.purolator.com/EWS/V2/Shipping/ShippingService.asmx,200,565,"2xx, no errors",True,400021522356,
2026-10-06T09:47:04,Development,SOAP,runs/cert-soap-products.yaml,131,PRODUCT · PurolatorExpressInternationalBox9AM,POST,devwebservices.purolator.com/EWS/V2/Shipping/ShippingService.asmx,200,654,"2xx, no errors",False,,1100491 Product/Service is invalid.
2026-10-06T09:47:04,Development,SOAP,runs/cert-soap-products.yaml,132,PRODUCT · PurolatorExpressInternationalBox9AM · FR,POST,devwebservices.purolator.com/EWS/V2/Shipping/ShippingService.asmx,200,529,"2xx, no errors",False,,1100491 Le produit est invalide.
2026-10-06T09:47:04,Development,SOAP,runs/cert-soap-products.yaml,133,PRODUCT · PurolatorExpressInternationalBox1030AM,POST,devwebservices.purolator.com/EWS/V2/Shipping/ShippingService.asmx,200,538,"2xx, no errors",False,,1100491 Product/Service is invalid.
2026-10-06T09:47:04,Development,SOAP,runs/cert-soap-products.yaml,134,PRODUCT · PurolatorExpressInternationalBox1030AM · FR,POST,devwebservices.purolator.com/EWS/V2/Shipping/ShippingService.asmx,200,652,"2xx, no errors",False,,1100491 Le produit est invalide.
2026-10-06T09:47:04,Development,SOAP,runs/cert-soap-products.yaml,135,PRODUCT · PurolatorExpressInternationalBox1200,POST,devwebservices.purolator.com/EWS/V2/Shipping/ShippingService.asmx,200,582,"2xx, no errors",True,400021522364,
2026-10-06T09:47:04,Development,SOAP,runs/cert-soap-products.yaml,136,PRODUCT · PurolatorExpressInternationalBox1200 · FR,POST,devwebservices.purolator.com/EWS/V2/Shipping/ShippingService.asmx,200,619,"2xx, no errors",True,400021522372,
2026-10-06T09:47:04,Development,SOAP,runs/cert-soap-products.yaml,137,PRODUCT · PurolatorExpressInternational,POST,devwebservices.purolator.com/EWS/V2/Shipping/ShippingService.asmx,200,569,"2xx, no errors",True,400021522380,
2026-10-06T09:47:04,Development,SOAP,runs/cert-soap-products.yaml,138,PRODUCT · PurolatorExpressInternational · FR,POST,devwebservices.purolator.com/EWS/V2/Shipping/ShippingService.asmx,200,619,"2xx, no errors",True,400021522398,
2026-10-06T09:47:04,Development,SOAP,runs/cert-soap-products.yaml,139,PRODUCT · PurolatorExpressInternational9AM,POST,devwebservices.purolator.com/EWS/V2/Shipping/ShippingService.asmx,200,519,"2xx, no errors",False,,1100491 Product/Service is invalid.
2026-10-06T09:47:04,Development,SOAP,runs/cert-soap-products.yaml,140,PRODUCT · PurolatorExpressInternational9AM · FR,POST,devwebservices.purolator.com/EWS/V2/Shipping/ShippingService.asmx,200,518,"2xx, no errors",False,,1100491 Le produit est invalide.
2026-10-06T09:47:04,Development,SOAP,runs/cert-soap-products.yaml,141,PRODUCT · PurolatorExpressInternational1030AM,POST,devwebservices.purolator.com/EWS/V2/Shipping/ShippingService.asmx,200,520,"2xx, no errors",False,,1100491 Product/Service is invalid.
2026-10-06T09:47:04,Development,SOAP,runs/cert-soap-products.yaml,142,PRODUCT · PurolatorExpressInternational1030AM · FR,POST,devwebservices.purolator.com/EWS/V2/Shipping/ShippingService.asmx,200,520,"2xx, no errors",False,,1100491 Le produit est invalide.
2026-10-06T09:47:04,Development,SOAP,runs/cert-soap-products.yaml,143,PRODUCT · PurolatorExpressInternational12PM,POST,devwebservices.purolator.com/EWS/V2/Shipping/ShippingService.asmx,200,677,"2xx, no errors",False,,"1001108 Invalid Service Id: PurolatorExpressInternational12PM. Valid values are: PurolatorExpress9AM, PurolatorExpress10:30AM, PurolatorExpress, PurolatorExpressEvening, PurolatorExpress12PM, PurolatorExpressEnvelope9AM, PurolatorExpressEnvelope10:30AM, PurolatorExpressEnvelope, PurolatorExpressEnvelopeEvening, PurolatorExpressEnvelope12PM, PurolatorExpressPack9AM, PurolatorExpressPack10:30AM, PurolatorExpressPack, PurolatorExpressPackEvening, PurolatorExpressPack12PM, PurolatorExpressBox9AM, PurolatorExpressBox10:30AM, PurolatorExpressBox, PurolatorExpressBoxEvening, PurolatorExpressBox12PM, PurolatorQuickship, PurolatorGround, PurolatorGroundEvening, PurolatorGround9AM, PurolatorGround10:30AM, PurolatorExpressU.S., PurolatorExpressU.S.9AM, PurolatorExpressU.S.10:30AM, PurolatorExpressU.S.12:00, PurolatorExpressU.S.Envelope9AM, PurolatorExpressU.S.Envelope10:30AM, PurolatorExpressU.S.Envelope12:00, PurolatorExpressEnvelopeU.S., PurolatorExpressPackU.S., PurolatorExpressU.S.Pack9AM, PurolatorExpressU.S.Pack10:30AM, PurolatorExpressU.S.Pack12:00, PurolatorExpressU.S.Box9AM, PurolatorExpressU.S.Box10:30AM, PurolatorExpressU.S.Box12:00, PurolatorExpressBoxU.S., PurolatorGroundU.S., PurolatorExpressInternational, PurolatorExpressInternational9AM, PurolatorExpressInternational10:30AM, PurolatorExpressInternational12:00, PurolatorExpressInternationalEnvelope9AM, PurolatorExpressInternationalEnvelope10:30AM, PurolatorExpressInternationalEnvelope12:00, PurolatorExpressEnvelopeInternational, PurolatorExpressPackInternational, PurolatorExpressInternationalPack9AM, PurolatorExpressInternationalPack10:30AM, PurolatorExpressInternationalPack12:00, PurolatorExpressInternationalBox9AM, PurolatorExpressInternationalBox10:30AM, PurolatorExpressInternationalBox12:00, PurolatorExpressBoxInternational."
2026-10-06T09:47:04,Development,SOAP,runs/cert-soap-products.yaml,144,PRODUCT · PurolatorExpressInternational12PM · FR,POST,devwebservices.purolator.com/EWS/V2/Shipping/ShippingService.asmx,200,296,"2xx, no errors",False,,"1001108 Num&#233;ro de service invalide: PurolatorExpressInternational12PM. Les valeurs valides sont: PurolatorExpress9AM, PurolatorExpress10:30AM, PurolatorExpress, PurolatorExpressEvening, PurolatorExpress12PM, PurolatorExpressEnvelope9AM, PurolatorExpressEnvelope10:30AM, PurolatorExpressEnvelope, PurolatorExpressEnvelopeEvening, PurolatorExpressEnvelope12PM, PurolatorExpressPack9AM, PurolatorExpressPack10:30AM, PurolatorExpressPack, PurolatorExpressPackEvening, PurolatorExpressPack12PM, PurolatorExpressBox9AM, PurolatorExpressBox10:30AM, PurolatorExpressBox, PurolatorExpressBoxEvening, PurolatorExpressBox12PM, PurolatorQuickship, PurolatorGround, PurolatorGroundEvening, PurolatorGround9AM, PurolatorGround10:30AM, PurolatorExpressU.S., PurolatorExpressU.S.9AM, PurolatorExpressU.S.10:30AM, PurolatorExpressU.S.12:00, PurolatorExpressU.S.Envelope9AM, PurolatorExpressU.S.Envelope10:30AM, PurolatorExpressU.S.Envelope12:00, PurolatorExpressEnvelopeU.S., PurolatorExpressPackU.S., PurolatorExpressU.S.Pack9AM, PurolatorExpressU.S.Pack10:30AM, PurolatorExpressU.S.Pack12:00, PurolatorExpressU.S.Box9AM, PurolatorExpressU.S.Box10:30AM, PurolatorExpressU.S.Box12:00, PurolatorExpressBoxU.S., PurolatorGroundU.S., PurolatorExpressInternational, PurolatorExpressInternational9AM, PurolatorExpressInternational10:30AM, PurolatorExpressInternational12:00, PurolatorExpressInternationalEnvelope9AM, PurolatorExpressInternationalEnvelope10:30AM, PurolatorExpressInternationalEnvelope12:00, PurolatorExpressEnvelopeInternational, PurolatorExpressPackInternational, PurolatorExpressInternationalPack9AM, PurolatorExpressInternationalPack10:30AM, PurolatorExpressInternationalPack12:00, PurolatorExpressInternationalBox9AM, PurolatorExpressInternationalBox10:30AM, PurolatorExpressInternationalBox12:00, PurolatorExpressBoxInternational."
2026-10-06T09:47:04,Development,SOAP,runs/cert-soap-products.yaml,145,PRODUCT · PurolatorExpressEnvelopeInternational,POST,devwebservices.purolator.com/EWS/V2/Shipping/ShippingService.asmx,200,600,"2xx, no errors",True,400021522414,
2026-10-06T09:47:04,Development,SOAP,runs/cert-soap-products.yaml,146,PRODUCT · PurolatorExpressEnvelopeInternational · FR,POST,devwebservices.purolator.com/EWS/V2/Shipping/ShippingService.asmx,200,613,"2xx, no errors",True,400021522422,
2026-10-06T09:47:04,Development,SOAP,runs/cert-soap-products.yaml,147,PRODUCT · PurolatorExpressEnvelopeInternational9AM,POST,devwebservices.purolator.com/EWS/V2/Shipping/ShippingService.asmx,200,390,"2xx, no errors",False,,"1001108 Invalid Service Id: PurolatorExpressEnvelopeInternational9AM. Valid values are: PurolatorExpress9AM, PurolatorExpress10:30AM, PurolatorExpress, PurolatorExpressEvening, PurolatorExpress12PM, PurolatorExpressEnvelope9AM, PurolatorExpressEnvelope10:30AM, PurolatorExpressEnvelope, PurolatorExpressEnvelopeEvening, PurolatorExpressEnvelope12PM, PurolatorExpressPack9AM, PurolatorExpressPack10:30AM, PurolatorExpressPack, PurolatorExpressPackEvening, PurolatorExpressPack12PM, PurolatorExpressBox9AM, PurolatorExpressBox10:30AM, PurolatorExpressBox, PurolatorExpressBoxEvening, PurolatorExpressBox12PM, PurolatorQuickship, PurolatorGround, PurolatorGroundEvening, PurolatorGround9AM, PurolatorGround10:30AM, PurolatorExpressU.S., PurolatorExpressU.S.9AM, PurolatorExpressU.S.10:30AM, PurolatorExpressU.S.12:00, PurolatorExpressU.S.Envelope9AM, PurolatorExpressU.S.Envelope10:30AM, PurolatorExpressU.S.Envelope12:00, PurolatorExpressEnvelopeU.S., PurolatorExpressPackU.S., PurolatorExpressU.S.Pack9AM, PurolatorExpressU.S.Pack10:30AM, PurolatorExpressU.S.Pack12:00, PurolatorExpressU.S.Box9AM, PurolatorExpressU.S.Box10:30AM, PurolatorExpressU.S.Box12:00, PurolatorExpressBoxU.S., PurolatorGroundU.S., PurolatorExpressInternational, PurolatorExpressInternational9AM, PurolatorExpressInternational10:30AM, PurolatorExpressInternational12:00, PurolatorExpressInternationalEnvelope9AM, PurolatorExpressInternationalEnvelope10:30AM, PurolatorExpressInternationalEnvelope12:00, PurolatorExpressEnvelopeInternational, PurolatorExpressPackInternational, PurolatorExpressInternationalPack9AM, PurolatorExpressInternationalPack10:30AM, PurolatorExpressInternationalPack12:00, PurolatorExpressInternationalBox9AM, PurolatorExpressInternationalBox10:30AM, PurolatorExpressInternationalBox12:00, PurolatorExpressBoxInternational."
2026-10-06T09:47:04,Development,SOAP,runs/cert-soap-products.yaml,148,PRODUCT · PurolatorExpressEnvelopeInternational9AM · FR,POST,devwebservices.purolator.com/EWS/V2/Shipping/ShippingService.asmx,200,285,"2xx, no errors",False,,"1001108 Num&#233;ro de service invalide: PurolatorExpressEnvelopeInternational9AM. Les valeurs valides sont: PurolatorExpress9AM, PurolatorExpress10:30AM, PurolatorExpress, PurolatorExpressEvening, PurolatorExpress12PM, PurolatorExpressEnvelope9AM, PurolatorExpressEnvelope10:30AM, PurolatorExpressEnvelope, PurolatorExpressEnvelopeEvening, PurolatorExpressEnvelope12PM, PurolatorExpressPack9AM, PurolatorExpressPack10:30AM, PurolatorExpressPack, PurolatorExpressPackEvening, PurolatorExpressPack12PM, PurolatorExpressBox9AM, PurolatorExpressBox10:30AM, PurolatorExpressBox, PurolatorExpressBoxEvening, PurolatorExpressBox12PM, PurolatorQuickship, PurolatorGround, PurolatorGroundEvening, PurolatorGround9AM, PurolatorGround10:30AM, PurolatorExpressU.S., PurolatorExpressU.S.9AM, PurolatorExpressU.S.10:30AM, PurolatorExpressU.S.12:00, PurolatorExpressU.S.Envelope9AM, PurolatorExpressU.S.Envelope10:30AM, PurolatorExpressU.S.Envelope12:00, PurolatorExpressEnvelopeU.S., PurolatorExpressPackU.S., PurolatorExpressU.S.Pack9AM, PurolatorExpressU.S.Pack10:30AM, PurolatorExpressU.S.Pack12:00, PurolatorExpressU.S.Box9AM, PurolatorExpressU.S.Box10:30AM, PurolatorExpressU.S.Box12:00, PurolatorExpressBoxU.S., PurolatorGroundU.S., PurolatorExpressInternational, PurolatorExpressInternational9AM, PurolatorExpressInternational10:30AM, PurolatorExpressInternational12:00, PurolatorExpressInternationalEnvelope9AM, PurolatorExpressInternationalEnvelope10:30AM, PurolatorExpressInternationalEnvelope12:00, PurolatorExpressEnvelopeInternational, PurolatorExpressPackInternational, PurolatorExpressInternationalPack9AM, PurolatorExpressInternationalPack10:30AM, PurolatorExpressInternationalPack12:00, PurolatorExpressInternationalBox9AM, PurolatorExpressInternationalBox10:30AM, PurolatorExpressInternationalBox12:00, PurolatorExpressBoxInternational."
2026-10-06T09:47:04,Development,SOAP,runs/cert-soap-products.yaml,149,PRODUCT · PurolatorExpressEnvelopeInternational1030AM,POST,devwebservices.purolator.com/EWS/V2/Shipping/ShippingService.asmx,200,285,"2xx, no errors",False,,"1001108 Invalid Service Id: PurolatorExpressEnvelopeInternational10:30AM. Valid values are: PurolatorExpress9AM, PurolatorExpress10:30AM, PurolatorExpress, PurolatorExpressEvening, PurolatorExpress12PM, PurolatorExpressEnvelope9AM, PurolatorExpressEnvelope10:30AM, PurolatorExpressEnvelope, PurolatorExpressEnvelopeEvening, PurolatorExpressEnvelope12PM, PurolatorExpressPack9AM, PurolatorExpressPack10:30AM, PurolatorExpressPack, PurolatorExpressPackEvening, PurolatorExpressPack12PM, PurolatorExpressBox9AM, PurolatorExpressBox10:30AM, PurolatorExpressBox, PurolatorExpressBoxEvening, PurolatorExpressBox12PM, PurolatorQuickship, PurolatorGround, PurolatorGroundEvening, PurolatorGround9AM, PurolatorGround10:30AM, PurolatorExpressU.S., PurolatorExpressU.S.9AM, PurolatorExpressU.S.10:30AM, PurolatorExpressU.S.12:00, PurolatorExpressU.S.Envelope9AM, PurolatorExpressU.S.Envelope10:30AM, PurolatorExpressU.S.Envelope12:00, PurolatorExpressEnvelopeU.S., PurolatorExpressPackU.S., PurolatorExpressU.S.Pack9AM, PurolatorExpressU.S.Pack10:30AM, PurolatorExpressU.S.Pack12:00, PurolatorExpressU.S.Box9AM, PurolatorExpressU.S.Box10:30AM, PurolatorExpressU.S.Box12:00, PurolatorExpressBoxU.S., PurolatorGroundU.S., PurolatorExpressInternational, PurolatorExpressInternational9AM, PurolatorExpressInternational10:30AM, PurolatorExpressInternational12:00, PurolatorExpressInternationalEnvelope9AM, PurolatorExpressInternationalEnvelope10:30AM, PurolatorExpressInternationalEnvelope12:00, PurolatorExpressEnvelopeInternational, PurolatorExpressPackInternational, PurolatorExpressInternationalPack9AM, PurolatorExpressInternationalPack10:30AM, PurolatorExpressInternationalPack12:00, PurolatorExpressInternationalBox9AM, PurolatorExpressInternationalBox10:30AM, PurolatorExpressInternationalBox12:00, PurolatorExpressBoxInternational."
2026-10-06T09:47:04,Development,SOAP,runs/cert-soap-products.yaml,150,PRODUCT · PurolatorExpressEnvelopeInternational1030AM · FR,POST,devwebservices.purolator.com/EWS/V2/Shipping/ShippingService.asmx,200,288,"2xx, no errors",False,,"1001108 Num&#233;ro de service invalide: PurolatorExpressEnvelopeInternational10:30AM. Les valeurs valides sont: PurolatorExpress9AM, PurolatorExpress10:30AM, PurolatorExpress, PurolatorExpressEvening, PurolatorExpress12PM, PurolatorExpressEnvelope9AM, PurolatorExpressEnvelope10:30AM, PurolatorExpressEnvelope, PurolatorExpressEnvelopeEvening, PurolatorExpressEnvelope12PM, PurolatorExpressPack9AM, PurolatorExpressPack10:30AM, PurolatorExpressPack, PurolatorExpressPackEvening, PurolatorExpressPack12PM, PurolatorExpressBox9AM, PurolatorExpressBox10:30AM, PurolatorExpressBox, PurolatorExpressBoxEvening, PurolatorExpressBox12PM, PurolatorQuickship, PurolatorGround, PurolatorGroundEvening, PurolatorGround9AM, PurolatorGround10:30AM, PurolatorExpressU.S., PurolatorExpressU.S.9AM, PurolatorExpressU.S.10:30AM, PurolatorExpressU.S.12:00, PurolatorExpressU.S.Envelope9AM, PurolatorExpressU.S.Envelope10:30AM, PurolatorExpressU.S.Envelope12:00, PurolatorExpressEnvelopeU.S., PurolatorExpressPackU.S., PurolatorExpressU.S.Pack9AM, PurolatorExpressU.S.Pack10:30AM, PurolatorExpressU.S.Pack12:00, PurolatorExpressU.S.Box9AM, PurolatorExpressU.S.Box10:30AM, PurolatorExpressU.S.Box12:00, PurolatorExpressBoxU.S., PurolatorGroundU.S., PurolatorExpressInternational, PurolatorExpressInternational9AM, PurolatorExpressInternational10:30AM, PurolatorExpressInternational12:00, PurolatorExpressInternationalEnvelope9AM, PurolatorExpressInternationalEnvelope10:30AM, PurolatorExpressInternationalEnvelope12:00, PurolatorExpressEnvelopeInternational, PurolatorExpressPackInternational, PurolatorExpressInternationalPack9AM, PurolatorExpressInternationalPack10:30AM, PurolatorExpressInternationalPack12:00, PurolatorExpressInternationalBox9AM, PurolatorExpressInternationalBox10:30AM, PurolatorExpressInternationalBox12:00, PurolatorExpressBoxInternational."
2026-10-06T09:47:04,Development,SOAP,runs/cert-soap-products.yaml,151,PRODUCT · PurolatorExpressEnvelopeInternational12PM,POST,devwebservices.purolator.com/EWS/V2/Shipping/ShippingService.asmx,200,300,"2xx, no errors",False,,"1001108 Invalid Service Id: PurolatorExpressEnvelopeInternational12PM. Valid values are: PurolatorExpress9AM, PurolatorExpress10:30AM, PurolatorExpress, PurolatorExpressEvening, PurolatorExpress12PM, PurolatorExpressEnvelope9AM, PurolatorExpressEnvelope10:30AM, PurolatorExpressEnvelope, PurolatorExpressEnvelopeEvening, PurolatorExpressEnvelope12PM, PurolatorExpressPack9AM, PurolatorExpressPack10:30AM, PurolatorExpressPack, PurolatorExpressPackEvening, PurolatorExpressPack12PM, PurolatorExpressBox9AM, PurolatorExpressBox10:30AM, PurolatorExpressBox, PurolatorExpressBoxEvening, PurolatorExpressBox12PM, PurolatorQuickship, PurolatorGround, PurolatorGroundEvening, PurolatorGround9AM, PurolatorGround10:30AM, PurolatorExpressU.S., PurolatorExpressU.S.9AM, PurolatorExpressU.S.10:30AM, PurolatorExpressU.S.12:00, PurolatorExpressU.S.Envelope9AM, PurolatorExpressU.S.Envelope10:30AM, PurolatorExpressU.S.Envelope12:00, PurolatorExpressEnvelopeU.S., PurolatorExpressPackU.S., PurolatorExpressU.S.Pack9AM, PurolatorExpressU.S.Pack10:30AM, PurolatorExpressU.S.Pack12:00, PurolatorExpressU.S.Box9AM, PurolatorExpressU.S.Box10:30AM, PurolatorExpressU.S.Box12:00, PurolatorExpressBoxU.S., PurolatorGroundU.S., PurolatorExpressInternational, PurolatorExpressInternational9AM, PurolatorExpressInternational10:30AM, PurolatorExpressInternational12:00, PurolatorExpressInternationalEnvelope9AM, PurolatorExpressInternationalEnvelope10:30AM, PurolatorExpressInternationalEnvelope12:00, PurolatorExpressEnvelopeInternational, PurolatorExpressPackInternational, PurolatorExpressInternationalPack9AM, PurolatorExpressInternationalPack10:30AM, PurolatorExpressInternationalPack12:00, PurolatorExpressInternationalBox9AM, PurolatorExpressInternationalBox10:30AM, PurolatorExpressInternationalBox12:00, PurolatorExpressBoxInternational."
2026-10-06T09:47:04,Development,SOAP,runs/cert-soap-products.yaml,152,PRODUCT · PurolatorExpressEnvelopeInternational12PM · FR,POST,devwebservices.purolator.com/EWS/V2/Shipping/ShippingService.asmx,200,268,"2xx, no errors",False,,"1001108 Num&#233;ro de service invalide: PurolatorExpressEnvelopeInternational12PM. Les valeurs valides sont: PurolatorExpress9AM, PurolatorExpress10:30AM, PurolatorExpress, PurolatorExpressEvening, PurolatorExpress12PM, PurolatorExpressEnvelope9AM, PurolatorExpressEnvelope10:30AM, PurolatorExpressEnvelope, PurolatorExpressEnvelopeEvening, PurolatorExpressEnvelope12PM, PurolatorExpressPack9AM, PurolatorExpressPack10:30AM, PurolatorExpressPack, PurolatorExpressPackEvening, PurolatorExpressPack12PM, PurolatorExpressBox9AM, PurolatorExpressBox10:30AM, PurolatorExpressBox, PurolatorExpressBoxEvening, PurolatorExpressBox12PM, PurolatorQuickship, PurolatorGround, PurolatorGroundEvening, PurolatorGround9AM, PurolatorGround10:30AM, PurolatorExpressU.S., PurolatorExpressU.S.9AM, PurolatorExpressU.S.10:30AM, PurolatorExpressU.S.12:00, PurolatorExpressU.S.Envelope9AM, PurolatorExpressU.S.Envelope10:30AM, PurolatorExpressU.S.Envelope12:00, PurolatorExpressEnvelopeU.S., PurolatorExpressPackU.S., PurolatorExpressU.S.Pack9AM, PurolatorExpressU.S.Pack10:30AM, PurolatorExpressU.S.Pack12:00, PurolatorExpressU.S.Box9AM, PurolatorExpressU.S.Box10:30AM, PurolatorExpressU.S.Box12:00, PurolatorExpressBoxU.S., PurolatorGroundU.S., PurolatorExpressInternational, PurolatorExpressInternational9AM, PurolatorExpressInternational10:30AM, PurolatorExpressInternational12:00, PurolatorExpressInternationalEnvelope9AM, PurolatorExpressInternationalEnvelope10:30AM, PurolatorExpressInternationalEnvelope12:00, PurolatorExpressEnvelopeInternational, PurolatorExpressPackInternational, PurolatorExpressInternationalPack9AM, PurolatorExpressInternationalPack10:30AM, PurolatorExpressInternationalPack12:00, PurolatorExpressInternationalBox9AM, PurolatorExpressInternationalBox10:30AM, PurolatorExpressInternationalBox12:00, PurolatorExpressBoxInternational."
2026-10-06T09:47:04,Development,SOAP,runs/cert-soap-products.yaml,153,PRODUCT · PurolatorExpressPackInternational,POST,devwebservices.purolator.com/EWS/V2/Shipping/ShippingService.asmx,200,544,"2xx, no errors",True,400021521861,
2026-10-06T09:47:04,Development,SOAP,runs/cert-soap-products.yaml,154,PRODUCT · PurolatorExpressPackInternational · FR,POST,devwebservices.purolator.com/EWS/V2/Shipping/ShippingService.asmx,200,578,"2xx, no errors",True,400021521879,
2026-10-06T09:47:04,Development,SOAP,runs/cert-soap-products.yaml,155,PRODUCT · PurolatorExpressPackInternational9AM,POST,devwebservices.purolator.com/EWS/V2/Shipping/ShippingService.asmx,200,458,"2xx, no errors",False,,"1001108 Invalid Service Id: PurolatorExpressPackInternational9AM. Valid values are: PurolatorExpress9AM, PurolatorExpress10:30AM, PurolatorExpress, PurolatorExpressEvening, PurolatorExpress12PM, PurolatorExpressEnvelope9AM, PurolatorExpressEnvelope10:30AM, PurolatorExpressEnvelope, PurolatorExpressEnvelopeEvening, PurolatorExpressEnvelope12PM, PurolatorExpressPack9AM, PurolatorExpressPack10:30AM, PurolatorExpressPack, PurolatorExpressPackEvening, PurolatorExpressPack12PM, PurolatorExpressBox9AM, PurolatorExpressBox10:30AM, PurolatorExpressBox, PurolatorExpressBoxEvening, PurolatorExpressBox12PM, PurolatorQuickship, PurolatorGround, PurolatorGroundEvening, PurolatorGround9AM, PurolatorGround10:30AM, PurolatorExpressU.S., PurolatorExpressU.S.9AM, PurolatorExpressU.S.10:30AM, PurolatorExpressU.S.12:00, PurolatorExpressU.S.Envelope9AM, PurolatorExpressU.S.Envelope10:30AM, PurolatorExpressU.S.Envelope12:00, PurolatorExpressEnvelopeU.S., PurolatorExpressPackU.S., PurolatorExpressU.S.Pack9AM, PurolatorExpressU.S.Pack10:30AM, PurolatorExpressU.S.Pack12:00, PurolatorExpressU.S.Box9AM, PurolatorExpressU.S.Box10:30AM, PurolatorExpressU.S.Box12:00, PurolatorExpressBoxU.S., PurolatorGroundU.S., PurolatorExpressInternational, PurolatorExpressInternational9AM, PurolatorExpressInternational10:30AM, PurolatorExpressInternational12:00, PurolatorExpressInternationalEnvelope9AM, PurolatorExpressInternationalEnvelope10:30AM, PurolatorExpressInternationalEnvelope12:00, PurolatorExpressEnvelopeInternational, PurolatorExpressPackInternational, PurolatorExpressInternationalPack9AM, PurolatorExpressInternationalPack10:30AM, PurolatorExpressInternationalPack12:00, PurolatorExpressInternationalBox9AM, PurolatorExpressInternationalBox10:30AM, PurolatorExpressInternationalBox12:00, PurolatorExpressBoxInternational."
2026-10-06T09:47:04,Development,SOAP,runs/cert-soap-products.yaml,156,PRODUCT · PurolatorExpressPackInternational9AM · FR,POST,devwebservices.purolator.com/EWS/V2/Shipping/ShippingService.asmx,200,303,"2xx, no errors",False,,"1001108 Num&#233;ro de service invalide: PurolatorExpressPackInternational9AM. Les valeurs valides sont: PurolatorExpress9AM, PurolatorExpress10:30AM, PurolatorExpress, PurolatorExpressEvening, PurolatorExpress12PM, PurolatorExpressEnvelope9AM, PurolatorExpressEnvelope10:30AM, PurolatorExpressEnvelope, PurolatorExpressEnvelopeEvening, PurolatorExpressEnvelope12PM, PurolatorExpressPack9AM, PurolatorExpressPack10:30AM, PurolatorExpressPack, PurolatorExpressPackEvening, PurolatorExpressPack12PM, PurolatorExpressBox9AM, PurolatorExpressBox10:30AM, PurolatorExpressBox, PurolatorExpressBoxEvening, PurolatorExpressBox12PM, PurolatorQuickship, PurolatorGround, PurolatorGroundEvening, PurolatorGround9AM, PurolatorGround10:30AM, PurolatorExpressU.S., PurolatorExpressU.S.9AM, PurolatorExpressU.S.10:30AM, PurolatorExpressU.S.12:00, PurolatorExpressU.S.Envelope9AM, PurolatorExpressU.S.Envelope10:30AM, PurolatorExpressU.S.Envelope12:00, PurolatorExpressEnvelopeU.S., PurolatorExpressPackU.S., PurolatorExpressU.S.Pack9AM, PurolatorExpressU.S.Pack10:30AM, PurolatorExpressU.S.Pack12:00, PurolatorExpressU.S.Box9AM, PurolatorExpressU.S.Box10:30AM, PurolatorExpressU.S.Box12:00, PurolatorExpressBoxU.S., PurolatorGroundU.S., PurolatorExpressInternational, PurolatorExpressInternational9AM, PurolatorExpressInternational10:30AM, PurolatorExpressInternational12:00, PurolatorExpressInternationalEnvelope9AM, PurolatorExpressInternationalEnvelope10:30AM, PurolatorExpressInternationalEnvelope12:00, PurolatorExpressEnvelopeInternational, PurolatorExpressPackInternational, PurolatorExpressInternationalPack9AM, PurolatorExpressInternationalPack10:30AM, PurolatorExpressInternationalPack12:00, PurolatorExpressInternationalBox9AM, PurolatorExpressInternationalBox10:30AM, PurolatorExpressInternationalBox12:00, PurolatorExpressBoxInternational."
2026-10-06T09:47:04,Development,SOAP,runs/cert-soap-products.yaml,157,PRODUCT · PurolatorExpressPackInternational1030AM,POST,devwebservices.purolator.com/EWS/V2/Shipping/ShippingService.asmx,200,297,"2xx, no errors",False,,"1001108 Invalid Service Id: PurolatorExpressPackInternational10:30AM. Valid values are: PurolatorExpress9AM, PurolatorExpress10:30AM, PurolatorExpress, PurolatorExpressEvening, PurolatorExpress12PM, PurolatorExpressEnvelope9AM, PurolatorExpressEnvelope10:30AM, PurolatorExpressEnvelope, PurolatorExpressEnvelopeEvening, PurolatorExpressEnvelope12PM, PurolatorExpressPack9AM, PurolatorExpressPack10:30AM, PurolatorExpressPack, PurolatorExpressPackEvening, PurolatorExpressPack12PM, PurolatorExpressBox9AM, PurolatorExpressBox10:30AM, PurolatorExpressBox, PurolatorExpressBoxEvening, PurolatorExpressBox12PM, PurolatorQuickship, PurolatorGround, PurolatorGroundEvening, PurolatorGround9AM, PurolatorGround10:30AM, PurolatorExpressU.S., PurolatorExpressU.S.9AM, PurolatorExpressU.S.10:30AM, PurolatorExpressU.S.12:00, PurolatorExpressU.S.Envelope9AM, PurolatorExpressU.S.Envelope10:30AM, PurolatorExpressU.S.Envelope12:00, PurolatorExpressEnvelopeU.S., PurolatorExpressPackU.S., PurolatorExpressU.S.Pack9AM, PurolatorExpressU.S.Pack10:30AM, PurolatorExpressU.S.Pack12:00, PurolatorExpressU.S.Box9AM, PurolatorExpressU.S.Box10:30AM, PurolatorExpressU.S.Box12:00, PurolatorExpressBoxU.S., PurolatorGroundU.S., PurolatorExpressInternational, PurolatorExpressInternational9AM, PurolatorExpressInternational10:30AM, PurolatorExpressInternational12:00, PurolatorExpressInternationalEnvelope9AM, PurolatorExpressInternationalEnvelope10:30AM, PurolatorExpressInternationalEnvelope12:00, PurolatorExpressEnvelopeInternational, PurolatorExpressPackInternational, PurolatorExpressInternationalPack9AM, PurolatorExpressInternationalPack10:30AM, PurolatorExpressInternationalPack12:00, PurolatorExpressInternationalBox9AM, PurolatorExpressInternationalBox10:30AM, PurolatorExpressInternationalBox12:00, PurolatorExpressBoxInternational."
2026-10-06T09:47:04,Development,SOAP,runs/cert-soap-products.yaml,158,PRODUCT · PurolatorExpressPackInternational1030AM · FR,POST,devwebservices.purolator.com/EWS/V2/Shipping/ShippingService.asmx,200,285,"2xx, no errors",False,,"1001108 Num&#233;ro de service invalide: PurolatorExpressPackInternational10:30AM. Les valeurs valides sont: PurolatorExpress9AM, PurolatorExpress10:30AM, PurolatorExpress, PurolatorExpressEvening, PurolatorExpress12PM, PurolatorExpressEnvelope9AM, PurolatorExpressEnvelope10:30AM, PurolatorExpressEnvelope, PurolatorExpressEnvelopeEvening, PurolatorExpressEnvelope12PM, PurolatorExpressPack9AM, PurolatorExpressPack10:30AM, PurolatorExpressPack, PurolatorExpressPackEvening, PurolatorExpressPack12PM, PurolatorExpressBox9AM, PurolatorExpressBox10:30AM, PurolatorExpressBox, PurolatorExpressBoxEvening, PurolatorExpressBox12PM, PurolatorQuickship, PurolatorGround, PurolatorGroundEvening, PurolatorGround9AM, PurolatorGround10:30AM, PurolatorExpressU.S., PurolatorExpressU.S.9AM, PurolatorExpressU.S.10:30AM, PurolatorExpressU.S.12:00, PurolatorExpressU.S.Envelope9AM, PurolatorExpressU.S.Envelope10:30AM, PurolatorExpressU.S.Envelope12:00, PurolatorExpressEnvelopeU.S., PurolatorExpressPackU.S., PurolatorExpressU.S.Pack9AM, PurolatorExpressU.S.Pack10:30AM, PurolatorExpressU.S.Pack12:00, PurolatorExpressU.S.Box9AM, PurolatorExpressU.S.Box10:30AM, PurolatorExpressU.S.Box12:00, PurolatorExpressBoxU.S., PurolatorGroundU.S., PurolatorExpressInternational, PurolatorExpressInternational9AM, PurolatorExpressInternational10:30AM, PurolatorExpressInternational12:00, PurolatorExpressInternationalEnvelope9AM, PurolatorExpressInternationalEnvelope10:30AM, PurolatorExpressInternationalEnvelope12:00, PurolatorExpressEnvelopeInternational, PurolatorExpressPackInternational, PurolatorExpressInternationalPack9AM, PurolatorExpressInternationalPack10:30AM, PurolatorExpressInternationalPack12:00, PurolatorExpressInternationalBox9AM, PurolatorExpressInternationalBox10:30AM, PurolatorExpressInternationalBox12:00, PurolatorExpressBoxInternational."
2026-10-06T09:47:04,Development,SOAP,runs/cert-soap-products.yaml,159,PRODUCT · PurolatorExpressPackInternational12PM,POST,devwebservices.purolator.com/EWS/V2/Shipping/ShippingService.asmx,200,276,"2xx, no errors",False,,"1001108 Invalid Service Id: PurolatorExpressPackInternational12PM. Valid values are: PurolatorExpress9AM, PurolatorExpress10:30AM, PurolatorExpress, PurolatorExpressEvening, PurolatorExpress12PM, PurolatorExpressEnvelope9AM, PurolatorExpressEnvelope10:30AM, PurolatorExpressEnvelope, PurolatorExpressEnvelopeEvening, PurolatorExpressEnvelope12PM, PurolatorExpressPack9AM, PurolatorExpressPack10:30AM, PurolatorExpressPack, PurolatorExpressPackEvening, PurolatorExpressPack12PM, PurolatorExpressBox9AM, PurolatorExpressBox10:30AM, PurolatorExpressBox, PurolatorExpressBoxEvening, PurolatorExpressBox12PM, PurolatorQuickship, PurolatorGround, PurolatorGroundEvening, PurolatorGround9AM, PurolatorGround10:30AM, PurolatorExpressU.S., PurolatorExpressU.S.9AM, PurolatorExpressU.S.10:30AM, PurolatorExpressU.S.12:00, PurolatorExpressU.S.Envelope9AM, PurolatorExpressU.S.Envelope10:30AM, PurolatorExpressU.S.Envelope12:00, PurolatorExpressEnvelopeU.S., PurolatorExpressPackU.S., PurolatorExpressU.S.Pack9AM, PurolatorExpressU.S.Pack10:30AM, PurolatorExpressU.S.Pack12:00, PurolatorExpressU.S.Box9AM, PurolatorExpressU.S.Box10:30AM, PurolatorExpressU.S.Box12:00, PurolatorExpressBoxU.S., PurolatorGroundU.S., PurolatorExpressInternational, PurolatorExpressInternational9AM, PurolatorExpressInternational10:30AM, PurolatorExpressInternational12:00, PurolatorExpressInternationalEnvelope9AM, PurolatorExpressInternationalEnvelope10:30AM, PurolatorExpressInternationalEnvelope12:00, PurolatorExpressEnvelopeInternational, PurolatorExpressPackInternational, PurolatorExpressInternationalPack9AM, PurolatorExpressInternationalPack10:30AM, PurolatorExpressInternationalPack12:00, PurolatorExpressInternationalBox9AM, PurolatorExpressInternationalBox10:30AM, PurolatorExpressInternationalBox12:00, PurolatorExpressBoxInternational."
2026-10-06T09:47:04,Development,SOAP,runs/cert-soap-products.yaml,160,PRODUCT · PurolatorExpressPackInternational12PM · FR,POST,devwebservices.purolator.com/EWS/V2/Shipping/ShippingService.asmx,200,288,"2xx, no errors",False,,"1001108 Num&#233;ro de service invalide: PurolatorExpressPackInternational12PM. Les valeurs valides sont: PurolatorExpress9AM, PurolatorExpress10:30AM, PurolatorExpress, PurolatorExpressEvening, PurolatorExpress12PM, PurolatorExpressEnvelope9AM, PurolatorExpressEnvelope10:30AM, PurolatorExpressEnvelope, PurolatorExpressEnvelopeEvening, PurolatorExpressEnvelope12PM, PurolatorExpressPack9AM, PurolatorExpressPack10:30AM, PurolatorExpressPack, PurolatorExpressPackEvening, PurolatorExpressPack12PM, PurolatorExpressBox9AM, PurolatorExpressBox10:30AM, PurolatorExpressBox, PurolatorExpressBoxEvening, PurolatorExpressBox12PM, PurolatorQuickship, PurolatorGround, PurolatorGroundEvening, PurolatorGround9AM, PurolatorGround10:30AM, PurolatorExpressU.S., PurolatorExpressU.S.9AM, PurolatorExpressU.S.10:30AM, PurolatorExpressU.S.12:00, PurolatorExpressU.S.Envelope9AM, PurolatorExpressU.S.Envelope10:30AM, PurolatorExpressU.S.Envelope12:00, PurolatorExpressEnvelopeU.S., PurolatorExpressPackU.S., PurolatorExpressU.S.Pack9AM, PurolatorExpressU.S.Pack10:30AM, PurolatorExpressU.S.Pack12:00, PurolatorExpressU.S.Box9AM, PurolatorExpressU.S.Box10:30AM, PurolatorExpressU.S.Box12:00, PurolatorExpressBoxU.S., PurolatorGroundU.S., PurolatorExpressInternational, PurolatorExpressInternational9AM, PurolatorExpressInternational10:30AM, PurolatorExpressInternational12:00, PurolatorExpressInternationalEnvelope9AM, PurolatorExpressInternationalEnvelope10:30AM, PurolatorExpressInternationalEnvelope12:00, PurolatorExpressEnvelopeInternational, PurolatorExpressPackInternational, PurolatorExpressInternationalPack9AM, PurolatorExpressInternationalPack10:30AM, PurolatorExpressInternationalPack12:00, PurolatorExpressInternationalBox9AM, PurolatorExpressInternationalBox10:30AM, PurolatorExpressInternationalBox12:00, PurolatorExpressBoxInternational."
2026-10-06T09:47:04,Development,SOAP,runs/cert-soap-products.yaml,161,PRODUCT · PurolatorExpressBoxInternational,POST,devwebservices.purolator.com/EWS/V2/Shipping/ShippingService.asmx,200,587,"2xx, no errors",True,400021521887,
2026-10-06T09:47:04,Development,SOAP,runs/cert-soap-products.yaml,162,PRODUCT · PurolatorExpressBoxInternational · FR,POST,devwebservices.purolator.com/EWS/V2/Shipping/ShippingService.asmx,200,711,"2xx, no errors",True,400021521937,
2026-10-06T09:47:04,Development,SOAP,runs/cert-soap-products.yaml,163,PRODUCT · PurolatorExpressBoxInternational9AM,POST,devwebservices.purolator.com/EWS/V2/Shipping/ShippingService.asmx,200,394,"2xx, no errors",False,,"1001108 Invalid Service Id: PurolatorExpressBoxInternational9AM. Valid values are: PurolatorExpress9AM, PurolatorExpress10:30AM, PurolatorExpress, PurolatorExpressEvening, PurolatorExpress12PM, PurolatorExpressEnvelope9AM, PurolatorExpressEnvelope10:30AM, PurolatorExpressEnvelope, PurolatorExpressEnvelopeEvening, PurolatorExpressEnvelope12PM, PurolatorExpressPack9AM, PurolatorExpressPack10:30AM, PurolatorExpressPack, PurolatorExpressPackEvening, PurolatorExpressPack12PM, PurolatorExpressBox9AM, PurolatorExpressBox10:30AM, PurolatorExpressBox, PurolatorExpressBoxEvening, PurolatorExpressBox12PM, PurolatorQuickship, PurolatorGround, PurolatorGroundEvening, PurolatorGround9AM, PurolatorGround10:30AM, PurolatorExpressU.S., PurolatorExpressU.S.9AM, PurolatorExpressU.S.10:30AM, PurolatorExpressU.S.12:00, PurolatorExpressU.S.Envelope9AM, PurolatorExpressU.S.Envelope10:30AM, PurolatorExpressU.S.Envelope12:00, PurolatorExpressEnvelopeU.S., PurolatorExpressPackU.S., PurolatorExpressU.S.Pack9AM, PurolatorExpressU.S.Pack10:30AM, PurolatorExpressU.S.Pack12:00, PurolatorExpressU.S.Box9AM, PurolatorExpressU.S.Box10:30AM, PurolatorExpressU.S.Box12:00, PurolatorExpressBoxU.S., PurolatorGroundU.S., PurolatorExpressInternational, PurolatorExpressInternational9AM, PurolatorExpressInternational10:30AM, PurolatorExpressInternational12:00, PurolatorExpressInternationalEnvelope9AM, PurolatorExpressInternationalEnvelope10:30AM, PurolatorExpressInternationalEnvelope12:00, PurolatorExpressEnvelopeInternational, PurolatorExpressPackInternational, PurolatorExpressInternationalPack9AM, PurolatorExpressInternationalPack10:30AM, PurolatorExpressInternationalPack12:00, PurolatorExpressInternationalBox9AM, PurolatorExpressInternationalBox10:30AM, PurolatorExpressInternationalBox12:00, PurolatorExpressBoxInternational."
2026-10-06T09:47:04,Development,SOAP,runs/cert-soap-products.yaml,164,PRODUCT · PurolatorExpressBoxInternational9AM · FR,POST,devwebservices.purolator.com/EWS/V2/Shipping/ShippingService.asmx,200,291,"2xx, no errors",False,,"1001108 Num&#233;ro de service invalide: PurolatorExpressBoxInternational9AM. Les valeurs valides sont: PurolatorExpress9AM, PurolatorExpress10:30AM, PurolatorExpress, PurolatorExpressEvening, PurolatorExpress12PM, PurolatorExpressEnvelope9AM, PurolatorExpressEnvelope10:30AM, PurolatorExpressEnvelope, PurolatorExpressEnvelopeEvening, PurolatorExpressEnvelope12PM, PurolatorExpressPack9AM, PurolatorExpressPack10:30AM, PurolatorExpressPack, PurolatorExpressPackEvening, PurolatorExpressPack12PM, PurolatorExpressBox9AM, PurolatorExpressBox10:30AM, PurolatorExpressBox, PurolatorExpressBoxEvening, PurolatorExpressBox12PM, PurolatorQuickship, PurolatorGround, PurolatorGroundEvening, PurolatorGround9AM, PurolatorGround10:30AM, PurolatorExpressU.S., PurolatorExpressU.S.9AM, PurolatorExpressU.S.10:30AM, PurolatorExpressU.S.12:00, PurolatorExpressU.S.Envelope9AM, PurolatorExpressU.S.Envelope10:30AM, PurolatorExpressU.S.Envelope12:00, PurolatorExpressEnvelopeU.S., PurolatorExpressPackU.S., PurolatorExpressU.S.Pack9AM, PurolatorExpressU.S.Pack10:30AM, PurolatorExpressU.S.Pack12:00, PurolatorExpressU.S.Box9AM, PurolatorExpressU.S.Box10:30AM, PurolatorExpressU.S.Box12:00, PurolatorExpressBoxU.S., PurolatorGroundU.S., PurolatorExpressInternational, PurolatorExpressInternational9AM, PurolatorExpressInternational10:30AM, PurolatorExpressInternational12:00, PurolatorExpressInternationalEnvelope9AM, PurolatorExpressInternationalEnvelope10:30AM, PurolatorExpressInternationalEnvelope12:00, PurolatorExpressEnvelopeInternational, PurolatorExpressPackInternational, PurolatorExpressInternationalPack9AM, PurolatorExpressInternationalPack10:30AM, PurolatorExpressInternationalPack12:00, PurolatorExpressInternationalBox9AM, PurolatorExpressInternationalBox10:30AM, PurolatorExpressInternationalBox12:00, PurolatorExpressBoxInternational."
2026-10-06T09:47:04,Development,SOAP,runs/cert-soap-products.yaml,165,PRODUCT · PurolatorExpressBoxInternational1030AM,POST,devwebservices.purolator.com/EWS/V2/Shipping/ShippingService.asmx,200,296,"2xx, no errors",False,,"1001108 Invalid Service Id: PurolatorExpressBoxInternational10:30AM. Valid values are: PurolatorExpress9AM, PurolatorExpress10:30AM, PurolatorExpress, PurolatorExpressEvening, PurolatorExpress12PM, PurolatorExpressEnvelope9AM, PurolatorExpressEnvelope10:30AM, PurolatorExpressEnvelope, PurolatorExpressEnvelopeEvening, PurolatorExpressEnvelope12PM, PurolatorExpressPack9AM, PurolatorExpressPack10:30AM, PurolatorExpressPack, PurolatorExpressPackEvening, PurolatorExpressPack12PM, PurolatorExpressBox9AM, PurolatorExpressBox10:30AM, PurolatorExpressBox, PurolatorExpressBoxEvening, PurolatorExpressBox12PM, PurolatorQuickship, PurolatorGround, PurolatorGroundEvening, PurolatorGround9AM, PurolatorGround10:30AM, PurolatorExpressU.S., PurolatorExpressU.S.9AM, PurolatorExpressU.S.10:30AM, PurolatorExpressU.S.12:00, PurolatorExpressU.S.Envelope9AM, PurolatorExpressU.S.Envelope10:30AM, PurolatorExpressU.S.Envelope12:00, PurolatorExpressEnvelopeU.S., PurolatorExpressPackU.S., PurolatorExpressU.S.Pack9AM, PurolatorExpressU.S.Pack10:30AM, PurolatorExpressU.S.Pack12:00, PurolatorExpressU.S.Box9AM, PurolatorExpressU.S.Box10:30AM, PurolatorExpressU.S.Box12:00, PurolatorExpressBoxU.S., PurolatorGroundU.S., PurolatorExpressInternational, PurolatorExpressInternational9AM, PurolatorExpressInternational10:30AM, PurolatorExpressInternational12:00, PurolatorExpressInternationalEnvelope9AM, PurolatorExpressInternationalEnvelope10:30AM, PurolatorExpressInternationalEnvelope12:00, PurolatorExpressEnvelopeInternational, PurolatorExpressPackInternational, PurolatorExpressInternationalPack9AM, PurolatorExpressInternationalPack10:30AM, PurolatorExpressInternationalPack12:00, PurolatorExpressInternationalBox9AM, PurolatorExpressInternationalBox10:30AM, PurolatorExpressInternationalBox12:00, PurolatorExpressBoxInternational."
2026-10-06T09:47:04,Development,SOAP,runs/cert-soap-products.yaml,166,PRODUCT · PurolatorExpressBoxInternational1030AM · FR,POST,devwebservices.purolator.com/EWS/V2/Shipping/ShippingService.asmx,200,426,"2xx, no errors",False,,"1001108 Num&#233;ro de service invalide: PurolatorExpressBoxInternational10:30AM. Les valeurs valides sont: PurolatorExpress9AM, PurolatorExpress10:30AM, PurolatorExpress, PurolatorExpressEvening, PurolatorExpress12PM, PurolatorExpressEnvelope9AM, PurolatorExpressEnvelope10:30AM, PurolatorExpressEnvelope, PurolatorExpressEnvelopeEvening, PurolatorExpressEnvelope12PM, PurolatorExpressPack9AM, PurolatorExpressPack10:30AM, PurolatorExpressPack, PurolatorExpressPackEvening, PurolatorExpressPack12PM, PurolatorExpressBox9AM, PurolatorExpressBox10:30AM, PurolatorExpressBox, PurolatorExpressBoxEvening, PurolatorExpressBox12PM, PurolatorQuickship, PurolatorGround, PurolatorGroundEvening, PurolatorGround9AM, PurolatorGround10:30AM, PurolatorExpressU.S., PurolatorExpressU.S.9AM, PurolatorExpressU.S.10:30AM, PurolatorExpressU.S.12:00, PurolatorExpressU.S.Envelope9AM, PurolatorExpressU.S.Envelope10:30AM, PurolatorExpressU.S.Envelope12:00, PurolatorExpressEnvelopeU.S., PurolatorExpressPackU.S., PurolatorExpressU.S.Pack9AM, PurolatorExpressU.S.Pack10:30AM, PurolatorExpressU.S.Pack12:00, PurolatorExpressU.S.Box9AM, PurolatorExpressU.S.Box10:30AM, PurolatorExpressU.S.Box12:00, PurolatorExpressBoxU.S., PurolatorGroundU.S., PurolatorExpressInternational, PurolatorExpressInternational9AM, PurolatorExpressInternational10:30AM, PurolatorExpressInternational12:00, PurolatorExpressInternationalEnvelope9AM, PurolatorExpressInternationalEnvelope10:30AM, PurolatorExpressInternationalEnvelope12:00, PurolatorExpressEnvelopeInternational, PurolatorExpressPackInternational, PurolatorExpressInternationalPack9AM, PurolatorExpressInternationalPack10:30AM, PurolatorExpressInternationalPack12:00, PurolatorExpressInternationalBox9AM, PurolatorExpressInternationalBox10:30AM, PurolatorExpressInternationalBox12:00, PurolatorExpressBoxInternational."
2026-10-06T09:47:04,Development,SOAP,runs/cert-soap-products.yaml,167,PRODUCT · PurolatorExpressBoxInternational12PM,POST,devwebservices.purolator.com/EWS/V2/Shipping/ShippingService.asmx,200,295,"2xx, no errors",False,,"1001108 Invalid Service Id: PurolatorExpressBoxInternational12PM. Valid values are: PurolatorExpress9AM, PurolatorExpress10:30AM, PurolatorExpress, PurolatorExpressEvening, PurolatorExpress12PM, PurolatorExpressEnvelope9AM, PurolatorExpressEnvelope10:30AM, PurolatorExpressEnvelope, PurolatorExpressEnvelopeEvening, PurolatorExpressEnvelope12PM, PurolatorExpressPack9AM, PurolatorExpressPack10:30AM, PurolatorExpressPack, PurolatorExpressPackEvening, PurolatorExpressPack12PM, PurolatorExpressBox9AM, PurolatorExpressBox10:30AM, PurolatorExpressBox, PurolatorExpressBoxEvening, PurolatorExpressBox12PM, PurolatorQuickship, PurolatorGround, PurolatorGroundEvening, PurolatorGround9AM, PurolatorGround10:30AM, PurolatorExpressU.S., PurolatorExpressU.S.9AM, PurolatorExpressU.S.10:30AM, PurolatorExpressU.S.12:00, PurolatorExpressU.S.Envelope9AM, PurolatorExpressU.S.Envelope10:30AM, PurolatorExpressU.S.Envelope12:00, PurolatorExpressEnvelopeU.S., PurolatorExpressPackU.S., PurolatorExpressU.S.Pack9AM, PurolatorExpressU.S.Pack10:30AM, PurolatorExpressU.S.Pack12:00, PurolatorExpressU.S.Box9AM, PurolatorExpressU.S.Box10:30AM, PurolatorExpressU.S.Box12:00, PurolatorExpressBoxU.S., PurolatorGroundU.S., PurolatorExpressInternational, PurolatorExpressInternational9AM, PurolatorExpressInternational10:30AM, PurolatorExpressInternational12:00, PurolatorExpressInternationalEnvelope9AM, PurolatorExpressInternationalEnvelope10:30AM, PurolatorExpressInternationalEnvelope12:00, PurolatorExpressEnvelopeInternational, PurolatorExpressPackInternational, PurolatorExpressInternationalPack9AM, PurolatorExpressInternationalPack10:30AM, PurolatorExpressInternationalPack12:00, PurolatorExpressInternationalBox9AM, PurolatorExpressInternationalBox10:30AM, PurolatorExpressInternationalBox12:00, PurolatorExpressBoxInternational."
2026-10-06T09:47:04,Development,SOAP,runs/cert-soap-products.yaml,168,PRODUCT · PurolatorExpressBoxInternational12PM · FR,POST,devwebservices.purolator.com/EWS/V2/Shipping/ShippingService.asmx,200,295,"2xx, no errors",False,,"1001108 Num&#233;ro de service invalide: PurolatorExpressBoxInternational12PM. Les valeurs valides sont: PurolatorExpress9AM, PurolatorExpress10:30AM, PurolatorExpress, PurolatorExpressEvening, PurolatorExpress12PM, PurolatorExpressEnvelope9AM, PurolatorExpressEnvelope10:30AM, PurolatorExpressEnvelope, PurolatorExpressEnvelopeEvening, PurolatorExpressEnvelope12PM, PurolatorExpressPack9AM, PurolatorExpressPack10:30AM, PurolatorExpressPack, PurolatorExpressPackEvening, PurolatorExpressPack12PM, PurolatorExpressBox9AM, PurolatorExpressBox10:30AM, PurolatorExpressBox, PurolatorExpressBoxEvening, PurolatorExpressBox12PM, PurolatorQuickship, PurolatorGround, PurolatorGroundEvening, PurolatorGround9AM, PurolatorGround10:30AM, PurolatorExpressU.S., PurolatorExpressU.S.9AM, PurolatorExpressU.S.10:30AM, PurolatorExpressU.S.12:00, PurolatorExpressU.S.Envelope9AM, PurolatorExpressU.S.Envelope10:30AM, PurolatorExpressU.S.Envelope12:00, PurolatorExpressEnvelopeU.S., PurolatorExpressPackU.S., PurolatorExpressU.S.Pack9AM, PurolatorExpressU.S.Pack10:30AM, PurolatorExpressU.S.Pack12:00, PurolatorExpressU.S.Box9AM, PurolatorExpressU.S.Box10:30AM, PurolatorExpressU.S.Box12:00, PurolatorExpressBoxU.S., PurolatorGroundU.S., PurolatorExpressInternational, PurolatorExpressInternational9AM, PurolatorExpressInternational10:30AM, PurolatorExpressInternational12:00, PurolatorExpressInternationalEnvelope9AM, PurolatorExpressInternationalEnvelope10:30AM, PurolatorExpressInternationalEnvelope12:00, PurolatorExpressEnvelopeInternational, PurolatorExpressPackInternational, PurolatorExpressInternationalPack9AM, PurolatorExpressInternationalPack10:30AM, PurolatorExpressInternationalPack12:00, PurolatorExpressInternationalBox9AM, PurolatorExpressInternationalBox10:30AM, PurolatorExpressInternationalBox12:00, PurolatorExpressBoxInternational."
2026-10-06T09:47:04,Development,SOAP,runs/cert-soap-payment.yaml,1,PAY · Sender · PurolatorExpress,POST,devwebservices.purolator.com/EWS/V2/Shipping/ShippingService.asmx,200,789,"2xx, no errors",True,400021522026,
2026-10-06T09:47:04,Development,SOAP,runs/cert-soap-payment.yaml,2,PAY · Sender · PurolatorExpress · FR,POST,devwebservices.purolator.com/EWS/V2/Shipping/ShippingService.asmx,200,665,"2xx, no errors",True,400021522034,
2026-10-06T09:47:04,Development,SOAP,runs/cert-soap-payment.yaml,3,PAY · ThirdParty · PurolatorExpress,POST,devwebservices.purolator.com/EWS/V2/Shipping/ShippingService.asmx,200,970,"2xx, no errors",True,400021522042,
2026-10-06T09:47:04,Development,SOAP,runs/cert-soap-payment.yaml,4,PAY · ThirdParty · PurolatorExpress · FR,POST,devwebservices.purolator.com/EWS/V2/Shipping/ShippingService.asmx,200,638,"2xx, no errors",True,400021522059,
2026-10-06T09:47:04,Development,SOAP,runs/cert-soap-payment.yaml,5,PAY · Receiver · PurolatorExpress,POST,devwebservices.purolator.com/EWS/V2/Shipping/ShippingService.asmx,200,689,"2xx, no errors",True,400021522067,
2026-10-06T09:47:04,Development,SOAP,runs/cert-soap-payment.yaml,6,PAY · Receiver · PurolatorExpress · FR,POST,devwebservices.purolator.com/EWS/V2/Shipping/ShippingService.asmx,200,651,"2xx, no errors",True,400021522489,
2026-10-06T09:47:04,Development,SOAP,runs/cert-soap-payment.yaml,7,PAY · Sender · PurolatorGround,POST,devwebservices.purolator.com/EWS/V2/Shipping/ShippingService.asmx,200,731,"2xx, no errors",True,400021522075,
2026-10-06T09:47:04,Development,SOAP,runs/cert-soap-payment.yaml,8,PAY · Sender · PurolatorGround · FR,POST,devwebservices.purolator.com/EWS/V2/Shipping/ShippingService.asmx,200,639,"2xx, no errors",True,400021522083,
2026-10-06T09:47:04,Development,SOAP,runs/cert-soap-payment.yaml,9,PAY · ThirdParty · PurolatorGround,POST,devwebservices.purolator.com/EWS/V2/Shipping/ShippingService.asmx,200,643,"2xx, no errors",True,400021522091,
2026-10-06T09:47:04,Development,SOAP,runs/cert-soap-payment.yaml,10,PAY · ThirdParty · PurolatorGround · FR,POST,devwebservices.purolator.com/EWS/V2/Shipping/ShippingService.asmx,200,770,"2xx, no errors",True,400021522109,
2026-10-06T09:47:04,Development,SOAP,runs/cert-soap-payment.yaml,11,PAY · Receiver · PurolatorGround,POST,devwebservices.purolator.com/EWS/V2/Shipping/ShippingService.asmx,200,645,"2xx, no errors",True,400021522505,
2026-10-06T09:47:04,Development,SOAP,runs/cert-soap-payment.yaml,12,PAY · Receiver · PurolatorGround · FR,POST,devwebservices.purolator.com/EWS/V2/Shipping/ShippingService.asmx,200,646,"2xx, no errors",True,400021522513,
2026-10-06T09:47:04,Development,SOAP,runs/cert-soap-documents.yaml,1,SHIP · Domestic · Dangerous Goods Declaration,POST,devwebservices.purolator.com/EWS/V2/Shipping/ShippingService.asmx,200,826,"2xx, no errors",True,400021522125,
2026-10-06T09:47:04,Development,SOAP,runs/cert-soap-documents.yaml,2,SHIP · Domestic · Dangerous Goods Declaration · FR,POST,devwebservices.purolator.com/EWS/V2/Shipping/ShippingService.asmx,200,778,"2xx, no errors",True,400021522562,
2026-10-06T09:47:04,Development,SOAP,runs/cert-soap-documents.yaml,3,SHIP · Domestic · Express Cheque,POST,devwebservices.purolator.com/EWS/V2/Shipping/ShippingService.asmx,200,790,"2xx, no errors",True,400021522133,
2026-10-06T09:47:04,Development,SOAP,runs/cert-soap-documents.yaml,4,SHIP · Domestic · Chain of Signature,POST,devwebservices.purolator.com/EWS/V2/Shipping/ShippingService.asmx,200,615,"2xx, no errors",True,400021522158,
2026-10-06T09:47:04,Development,SOAP,runs/cert-soap-documents.yaml,5,SHIP · Domestic · Chain of Signature · FR,POST,devwebservices.purolator.com/EWS/V2/Shipping/ShippingService.asmx,200,884,"2xx, no errors",True,400021522570,
2026-10-06T09:47:04,Development,SOAP,runs/cert-soap-documents.yaml,6,SHIP · Domestic · Express Cheque + Return Label,POST,devwebservices.purolator.com/EWS/V2/Shipping/ShippingService.asmx,200,1699,"2xx, no errors",True,400021523248,
2026-10-06T09:47:04,Development,SOAP,runs/cert-soap-documents.yaml,7,SHIP · Domestic · Express Cheque · FR,POST,devwebservices.purolator.com/EWS/V2/Shipping/ShippingService.asmx,200,840,"2xx, no errors",True,400021522166,
2026-10-06T09:47:04,Development,SOAP,runs/cert-soap-documents.yaml,8,SEED · DOM · ZPL · Thermal · BASE64,POST,devwebservices.purolator.com/EWS/V2/Shipping/ShippingService.asmx,200,624,"2xx, no errors",True,400021522182,
2026-10-06T09:47:04,Development,SOAP,runs/cert-soap-documents.yaml,9,SEED · DOM · ZPL · Thermal · BASE64 · FR,POST,devwebservices.purolator.com/EWS/V2/Shipping/ShippingService.asmx,200,647,"2xx, no errors",True,400021523313,
2026-10-06T09:47:04,Development,SOAP,runs/cert-soap-documents.yaml,10,SEED · DOM · ZPL · Thermal · URL,POST,devwebservices.purolator.com/EWS/V2/Shipping/ShippingService.asmx,200,718,"2xx, no errors",True,400021523321,
2026-10-06T09:47:04,Development,SOAP,runs/cert-soap-documents.yaml,11,SEED · DOM · ZPL · Thermal · URL · FR,POST,devwebservices.purolator.com/EWS/V2/Shipping/ShippingService.asmx,200,878,"2xx, no errors",True,400021523339,
2026-10-06T09:47:04,Development,SOAP,runs/cert-soap-documents.yaml,12,SEED · DOM · ZPL · Thermal · STRING,POST,devwebservices.purolator.com/EWS/V2/Shipping/ShippingService.asmx,200,629,"2xx, no errors",True,400021522588,
2026-10-06T09:47:04,Development,SOAP,runs/cert-soap-documents.yaml,13,SEED · DOM · ZPL · Thermal · STRING · FR,POST,devwebservices.purolator.com/EWS/V2/Shipping/ShippingService.asmx,200,668,"2xx, no errors",True,400021522596,
2026-10-06T09:47:04,Development,SOAP,runs/cert-soap-documents.yaml,14,SEED · DOM · PDF · Laser · BASE64,POST,devwebservices.purolator.com/EWS/V2/Shipping/ShippingService.asmx,200,663,"2xx, no errors",True,400021522604,
2026-10-06T09:47:04,Development,SOAP,runs/cert-soap-documents.yaml,15,SEED · DOM · PDF · Laser · BASE64 · FR,POST,devwebservices.purolator.com/EWS/V2/Shipping/ShippingService.asmx,200,633,"2xx, no errors",True,400021522612,
2026-10-06T09:47:04,Development,SOAP,runs/cert-soap-documents.yaml,16,SEED · DOM · PDF · Laser · URL,POST,devwebservices.purolator.com/EWS/V2/Shipping/ShippingService.asmx,200,642,"2xx, no errors",True,400021522620,
2026-10-06T09:47:04,Development,SOAP,runs/cert-soap-documents.yaml,17,SEED · DOM · PDF · Laser · URL · FR,POST,devwebservices.purolator.com/EWS/V2/Shipping/ShippingService.asmx,200,646,"2xx, no errors",True,400021522638,
2026-10-06T09:47:04,Development,SOAP,runs/cert-soap-documents.yaml,18,SEED · DOM · PDF · Laser · STRING,POST,devwebservices.purolator.com/EWS/V2/Shipping/ShippingService.asmx,200,653,"2xx, no errors",True,400021522646,
2026-10-06T09:47:04,Development,SOAP,runs/cert-soap-documents.yaml,19,SEED · DOM · PDF · Laser · STRING · FR,POST,devwebservices.purolator.com/EWS/V2/Shipping/ShippingService.asmx,200,628,"2xx, no errors",True,400021522653,
2026-10-06T09:47:04,Development,SOAP,runs/cert-soap-documents.yaml,20,SEED · US · ZPL · Thermal · BASE64,POST,devwebservices.purolator.com/EWS/V2/Shipping/ShippingService.asmx,200,577,"2xx, no errors",True,400021522661,
2026-10-06T09:47:04,Development,SOAP,runs/cert-soap-documents.yaml,21,SEED · US · ZPL · Thermal · BASE64 · FR,POST,devwebservices.purolator.com/EWS/V2/Shipping/ShippingService.asmx,200,580,"2xx, no errors",True,400021522679,
2026-10-06T09:47:04,Development,SOAP,runs/cert-soap-documents.yaml,22,SEED · US · ZPL · Thermal · URL,POST,devwebservices.purolator.com/EWS/V2/Shipping/ShippingService.asmx,200,595,"2xx, no errors",True,400021522687,
2026-10-06T09:47:04,Development,SOAP,runs/cert-soap-documents.yaml,23,SEED · US · ZPL · Thermal · URL · FR,POST,devwebservices.purolator.com/EWS/V2/Shipping/ShippingService.asmx,200,572,"2xx, no errors",True,400021522695,
2026-10-06T09:47:04,Development,SOAP,runs/cert-soap-documents.yaml,24,SEED · US · ZPL · Thermal · STRING,POST,devwebservices.purolator.com/EWS/V2/Shipping/ShippingService.asmx,200,606,"2xx, no errors",True,400021522711,
2026-10-06T09:47:04,Development,SOAP,runs/cert-soap-documents.yaml,25,SEED · US · ZPL · Thermal · STRING · FR,POST,devwebservices.purolator.com/EWS/V2/Shipping/ShippingService.asmx,200,624,"2xx, no errors",True,400021522729,
2026-10-06T09:47:04,Development,SOAP,runs/cert-soap-documents.yaml,26,SEED · US · PDF · Laser · BASE64,POST,devwebservices.purolator.com/EWS/V2/Shipping/ShippingService.asmx,200,604,"2xx, no errors",True,400021522737,
2026-10-06T09:47:04,Development,SOAP,runs/cert-soap-documents.yaml,27,SEED · US · PDF · Laser · BASE64 · FR,POST,devwebservices.purolator.com/EWS/V2/Shipping/ShippingService.asmx,200,645,"2xx, no errors",True,400021522745,
2026-10-06T09:47:04,Development,SOAP,runs/cert-soap-documents.yaml,28,SEED · US · PDF · Laser · URL,POST,devwebservices.purolator.com/EWS/V2/Shipping/ShippingService.asmx,200,862,"2xx, no errors",True,400021523347,
2026-10-06T09:47:04,Development,SOAP,runs/cert-soap-documents.yaml,29,SEED · US · PDF · Laser · URL · FR,POST,devwebservices.purolator.com/EWS/V2/Shipping/ShippingService.asmx,200,628,"2xx, no errors",True,400021523354,
2026-10-06T09:47:04,Development,SOAP,runs/cert-soap-documents.yaml,30,SEED · US · PDF · Laser · STRING,POST,devwebservices.purolator.com/EWS/V2/Shipping/ShippingService.asmx,200,604,"2xx, no errors",True,400021522752,
2026-10-06T09:47:04,Development,SOAP,runs/cert-soap-documents.yaml,31,SEED · US · PDF · Laser · STRING · FR,POST,devwebservices.purolator.com/EWS/V2/Shipping/ShippingService.asmx,200,734,"2xx, no errors",True,400021522760,
2026-10-06T09:47:04,Development,SOAP,runs/cert-soap-documents.yaml,32,SEED · INTL · ZPL · Thermal · BASE64,POST,devwebservices.purolator.com/EWS/V2/Shipping/ShippingService.asmx,200,610,"2xx, no errors",True,400021522778,
2026-10-06T09:47:04,Development,SOAP,runs/cert-soap-documents.yaml,33,SEED · INTL · ZPL · Thermal · BASE64 · FR,POST,devwebservices.purolator.com/EWS/V2/Shipping/ShippingService.asmx,200,589,"2xx, no errors",True,400021522786,
2026-10-06T09:47:04,Development,SOAP,runs/cert-soap-documents.yaml,34,SEED · INTL · ZPL · Thermal · URL,POST,devwebservices.purolator.com/EWS/V2/Shipping/ShippingService.asmx,200,591,"2xx, no errors",True,400021522802,
2026-10-06T09:47:04,Development,SOAP,runs/cert-soap-documents.yaml,35,SEED · INTL · ZPL · Thermal · URL · FR,POST,devwebservices.purolator.com/EWS/V2/Shipping/ShippingService.asmx,200,564,"2xx, no errors",True,400021522810,
2026-10-06T09:47:04,Development,SOAP,runs/cert-soap-documents.yaml,36,SEED · INTL · ZPL · Thermal · STRING,POST,devwebservices.purolator.com/EWS/V2/Shipping/ShippingService.asmx,200,565,"2xx, no errors",True,400021522828,
2026-10-06T09:47:04,Development,SOAP,runs/cert-soap-documents.yaml,37,SEED · INTL · ZPL · Thermal · STRING · FR,POST,devwebservices.purolator.com/EWS/V2/Shipping/ShippingService.asmx,200,566,"2xx, no errors",True,400021522836,
2026-10-06T09:47:04,Development,SOAP,runs/cert-soap-documents.yaml,38,SEED · INTL · PDF · Laser · BASE64,POST,devwebservices.purolator.com/EWS/V2/Shipping/ShippingService.asmx,200,576,"2xx, no errors",True,400021522844,
2026-10-06T09:47:04,Development,SOAP,runs/cert-soap-documents.yaml,39,SEED · INTL · PDF · Laser · BASE64 · FR,POST,devwebservices.purolator.com/EWS/V2/Shipping/ShippingService.asmx,200,557,"2xx, no errors",True,400021522851,
2026-10-06T09:47:04,Development,SOAP,runs/cert-soap-documents.yaml,40,SEED · INTL · PDF · Laser · URL,POST,devwebservices.purolator.com/EWS/V2/Shipping/ShippingService.asmx,200,596,"2xx, no errors",True,400021522869,
2026-10-06T09:47:04,Development,SOAP,runs/cert-soap-documents.yaml,41,SEED · INTL · PDF · Laser · URL · FR,POST,devwebservices.purolator.com/EWS/V2/Shipping/ShippingService.asmx,200,600,"2xx, no errors",True,400021522877,
2026-10-06T09:47:04,Development,SOAP,runs/cert-soap-documents.yaml,42,SEED · INTL · PDF · Laser · STRING,POST,devwebservices.purolator.com/EWS/V2/Shipping/ShippingService.asmx,200,722,"2xx, no errors",True,400021522885,
2026-10-06T09:47:04,Development,SOAP,runs/cert-soap-documents.yaml,43,SEED · INTL · PDF · Laser · STRING · FR,POST,devwebservices.purolator.com/EWS/V2/Shipping/ShippingService.asmx,200,618,"2xx, no errors",True,400021522893,
2026-10-06T09:47:04,Development,SOAP,runs/cert-soap-documents.yaml,44,DOC · DOM · DomesticBillOfLadingThermal · ZPL · Thermal · BASE64,POST,devwebservices.purolator.com/EWS/V1/ShippingDocuments/ShippingDocumentsService.asmx,200,250,"2xx, no errors",True,,
2026-10-06T09:47:04,Development,SOAP,runs/cert-soap-documents.yaml,45,DOC · DOM · DomesticBillOfLadingThermal · ZPL · Thermal · BASE64 · FR,POST,devwebservices.purolator.com/EWS/V1/ShippingDocuments/ShippingDocumentsService.asmx,200,235,"2xx, no errors",True,,
2026-10-06T09:47:04,Development,SOAP,runs/cert-soap-documents.yaml,46,DOC · DOM · DomesticBillOfLadingThermal · ZPL · Thermal · URL,POST,devwebservices.purolator.com/EWS/V1/ShippingDocuments/ShippingDocumentsService.asmx,200,238,"2xx, no errors",True,,
2026-10-06T09:47:04,Development,SOAP,runs/cert-soap-documents.yaml,47,DOC · DOM · DomesticBillOfLadingThermal · ZPL · Thermal · URL · FR,POST,devwebservices.purolator.com/EWS/V1/ShippingDocuments/ShippingDocumentsService.asmx,200,275,"2xx, no errors",True,,
2026-10-06T09:47:04,Development,SOAP,runs/cert-soap-documents.yaml,48,DOC · DOM · DomesticBillOfLadingThermal · ZPL · Thermal · STRING,POST,devwebservices.purolator.com/EWS/V1/ShippingDocuments/ShippingDocumentsService.asmx,200,367,"2xx, no errors",True,,
2026-10-06T09:47:04,Development,SOAP,runs/cert-soap-documents.yaml,49,DOC · DOM · DomesticBillOfLadingThermal · ZPL · Thermal · STRING · FR,POST,devwebservices.purolator.com/EWS/V1/ShippingDocuments/ShippingDocumentsService.asmx,200,349,"2xx, no errors",True,,
2026-10-06T09:47:04,Development,SOAP,runs/cert-soap-documents.yaml,50,DOC · DOM · DomesticBillOfLading · PDF · Laser · BASE64,POST,devwebservices.purolator.com/EWS/V1/ShippingDocuments/ShippingDocumentsService.asmx,200,263,"2xx, no errors",True,,
2026-10-06T09:47:04,Development,SOAP,runs/cert-soap-documents.yaml,51,DOC · DOM · DomesticBillOfLading · PDF · Laser · BASE64 · FR,POST,devwebservices.purolator.com/EWS/V1/ShippingDocuments/ShippingDocumentsService.asmx,200,256,"2xx, no errors",True,,
2026-10-06T09:47:04,Development,SOAP,runs/cert-soap-documents.yaml,52,DOC · DOM · DomesticBillOfLading · PDF · Laser · URL,POST,devwebservices.purolator.com/EWS/V1/ShippingDocuments/ShippingDocumentsService.asmx,200,344,"2xx, no errors",True,,
2026-10-06T09:47:04,Development,SOAP,runs/cert-soap-documents.yaml,53,DOC · DOM · DomesticBillOfLading · PDF · Laser · URL · FR,POST,devwebservices.purolator.com/EWS/V1/ShippingDocuments/ShippingDocumentsService.asmx,200,314,"2xx, no errors",True,,
2026-10-06T09:47:04,Development,SOAP,runs/cert-soap-documents.yaml,54,DOC · DOM · DomesticBillOfLading · PDF · Laser · STRING,POST,devwebservices.purolator.com/EWS/V1/ShippingDocuments/ShippingDocumentsService.asmx,200,436,"2xx, no errors",True,,
2026-10-06T09:47:04,Development,SOAP,runs/cert-soap-documents.yaml,55,DOC · DOM · DomesticBillOfLading · PDF · Laser · STRING · FR,POST,devwebservices.purolator.com/EWS/V1/ShippingDocuments/ShippingDocumentsService.asmx,200,330,"2xx, no errors",True,,
2026-10-06T09:47:04,Development,SOAP,runs/cert-soap-documents.yaml,56,DOC · US · InternationalBillOfLadingThermal · ZPL · Thermal · BASE64,POST,devwebservices.purolator.com/EWS/V1/ShippingDocuments/ShippingDocumentsService.asmx,200,268,"2xx, no errors",True,,
2026-10-06T09:47:04,Development,SOAP,runs/cert-soap-documents.yaml,57,DOC · US · InternationalBillOfLadingThermal · ZPL · Thermal · BASE64 · FR,POST,devwebservices.purolator.com/EWS/V1/ShippingDocuments/ShippingDocumentsService.asmx,200,238,"2xx, no errors",True,,
2026-10-06T09:47:04,Development,SOAP,runs/cert-soap-documents.yaml,58,DOC · US · CustomsInvoiceThermal · ZPL · Thermal · BASE64,POST,devwebservices.purolator.com/EWS/V1/ShippingDocuments/ShippingDocumentsService.asmx,200,232,"2xx, no errors",False,,1001181 Unsupport Document Type.
2026-10-06T09:47:04,Development,SOAP,runs/cert-soap-documents.yaml,59,DOC · US · CustomsInvoiceThermal · ZPL · Thermal · BASE64 · FR,POST,devwebservices.purolator.com/EWS/V1/ShippingDocuments/ShippingDocumentsService.asmx,200,237,"2xx, no errors",False,,1001181 Type de document non support&#233;.
2026-10-06T09:47:04,Development,SOAP,runs/cert-soap-documents.yaml,60,DOC · US · InternationalBillOfLadingThermal · ZPL · Thermal · URL,POST,devwebservices.purolator.com/EWS/V1/ShippingDocuments/ShippingDocumentsService.asmx,200,255,"2xx, no errors",True,,
2026-10-06T09:47:04,Development,SOAP,runs/cert-soap-documents.yaml,61,DOC · US · InternationalBillOfLadingThermal · ZPL · Thermal · URL · FR,POST,devwebservices.purolator.com/EWS/V1/ShippingDocuments/ShippingDocumentsService.asmx,200,250,"2xx, no errors",True,,
2026-10-06T09:47:04,Development,SOAP,runs/cert-soap-documents.yaml,62,DOC · US · CustomsInvoiceThermal · ZPL · Thermal · URL,POST,devwebservices.purolator.com/EWS/V1/ShippingDocuments/ShippingDocumentsService.asmx,200,245,"2xx, no errors",False,,1001181 Unsupport Document Type.
2026-10-06T09:47:04,Development,SOAP,runs/cert-soap-documents.yaml,63,DOC · US · CustomsInvoiceThermal · ZPL · Thermal · URL · FR,POST,devwebservices.purolator.com/EWS/V1/ShippingDocuments/ShippingDocumentsService.asmx,200,235,"2xx, no errors",False,,1001181 Type de document non support&#233;.
2026-10-06T09:47:04,Development,SOAP,runs/cert-soap-documents.yaml,64,DOC · US · InternationalBillOfLadingThermal · ZPL · Thermal · STRING,POST,devwebservices.purolator.com/EWS/V1/ShippingDocuments/ShippingDocumentsService.asmx,200,225,"2xx, no errors",True,,
2026-10-06T09:47:04,Development,SOAP,runs/cert-soap-documents.yaml,65,DOC · US · InternationalBillOfLadingThermal · ZPL · Thermal · STRING · FR,POST,devwebservices.purolator.com/EWS/V1/ShippingDocuments/ShippingDocumentsService.asmx,200,343,"2xx, no errors",True,,
2026-10-06T09:47:04,Development,SOAP,runs/cert-soap-documents.yaml,66,DOC · US · CustomsInvoiceThermal · ZPL · Thermal · STRING,POST,devwebservices.purolator.com/EWS/V1/ShippingDocuments/ShippingDocumentsService.asmx,200,377,"2xx, no errors",False,,1001181 Unsupport Document Type.
2026-10-06T09:47:04,Development,SOAP,runs/cert-soap-documents.yaml,67,DOC · US · CustomsInvoiceThermal · ZPL · Thermal · STRING · FR,POST,devwebservices.purolator.com/EWS/V1/ShippingDocuments/ShippingDocumentsService.asmx,200,223,"2xx, no errors",False,,1001181 Type de document non support&#233;.
2026-10-06T09:47:04,Development,SOAP,runs/cert-soap-documents.yaml,68,DOC · US · InternationalBillOfLading · PDF · Laser · BASE64,POST,devwebservices.purolator.com/EWS/V1/ShippingDocuments/ShippingDocumentsService.asmx,200,288,"2xx, no errors",True,,
2026-10-06T09:47:04,Development,SOAP,runs/cert-soap-documents.yaml,69,DOC · US · InternationalBillOfLading · PDF · Laser · BASE64 · FR,POST,devwebservices.purolator.com/EWS/V1/ShippingDocuments/ShippingDocumentsService.asmx,200,247,"2xx, no errors",True,,
2026-10-06T09:47:04,Development,SOAP,runs/cert-soap-documents.yaml,70,DOC · US · CustomsInvoice · PDF · Laser · BASE64,POST,devwebservices.purolator.com/EWS/V1/ShippingDocuments/ShippingDocumentsService.asmx,200,233,"2xx, no errors",False,,1001181 Unsupport Document Type.
2026-10-06T09:47:04,Development,SOAP,runs/cert-soap-documents.yaml,71,DOC · US · CustomsInvoice · PDF · Laser · BASE64 · FR,POST,devwebservices.purolator.com/EWS/V1/ShippingDocuments/ShippingDocumentsService.asmx,200,363,"2xx, no errors",False,,1001181 Type de document non support&#233;.
2026-10-06T09:47:04,Development,SOAP,runs/cert-soap-documents.yaml,72,DOC · US · InternationalBillOfLading · PDF · Laser · URL,POST,devwebservices.purolator.com/EWS/V1/ShippingDocuments/ShippingDocumentsService.asmx,200,313,"2xx, no errors",True,,
2026-10-06T09:47:04,Development,SOAP,runs/cert-soap-documents.yaml,73,DOC · US · InternationalBillOfLading · PDF · Laser · URL · FR,POST,devwebservices.purolator.com/EWS/V1/ShippingDocuments/ShippingDocumentsService.asmx,200,449,"2xx, no errors",True,,
2026-10-06T09:47:04,Development,SOAP,runs/cert-soap-documents.yaml,74,DOC · US · CustomsInvoice · PDF · Laser · URL,POST,devwebservices.purolator.com/EWS/V1/ShippingDocuments/ShippingDocumentsService.asmx,200,234,"2xx, no errors",False,,1001181 Unsupport Document Type.
2026-10-06T09:47:04,Development,SOAP,runs/cert-soap-documents.yaml,75,DOC · US · CustomsInvoice · PDF · Laser · URL · FR,POST,devwebservices.purolator.com/EWS/V1/ShippingDocuments/ShippingDocumentsService.asmx,200,240,"2xx, no errors",False,,1001181 Type de document non support&#233;.
2026-10-06T09:47:04,Development,SOAP,runs/cert-soap-documents.yaml,76,DOC · US · InternationalBillOfLading · PDF · Laser · STRING,POST,devwebservices.purolator.com/EWS/V1/ShippingDocuments/ShippingDocumentsService.asmx,200,440,"2xx, no errors",True,,
2026-10-06T09:47:04,Development,SOAP,runs/cert-soap-documents.yaml,77,DOC · US · InternationalBillOfLading · PDF · Laser · STRING · FR,POST,devwebservices.purolator.com/EWS/V1/ShippingDocuments/ShippingDocumentsService.asmx,200,263,"2xx, no errors",True,,
2026-10-06T09:47:04,Development,SOAP,runs/cert-soap-documents.yaml,78,DOC · US · CustomsInvoice · PDF · Laser · STRING,POST,devwebservices.purolator.com/EWS/V1/ShippingDocuments/ShippingDocumentsService.asmx,200,386,"2xx, no errors",False,,1001181 Unsupport Document Type.
2026-10-06T09:47:04,Development,SOAP,runs/cert-soap-documents.yaml,79,DOC · US · CustomsInvoice · PDF · Laser · STRING · FR,POST,devwebservices.purolator.com/EWS/V1/ShippingDocuments/ShippingDocumentsService.asmx,200,371,"2xx, no errors",False,,1001181 Type de document non support&#233;.
2026-10-06T09:47:04,Development,SOAP,runs/cert-soap-documents.yaml,80,DOC · INTL · InternationalBillOfLadingThermal · ZPL · Thermal · BASE64,POST,devwebservices.purolator.com/EWS/V1/ShippingDocuments/ShippingDocumentsService.asmx,200,234,"2xx, no errors",True,,
2026-10-06T09:47:04,Development,SOAP,runs/cert-soap-documents.yaml,81,DOC · INTL · InternationalBillOfLadingThermal · ZPL · Thermal · BASE64 · FR,POST,devwebservices.purolator.com/EWS/V1/ShippingDocuments/ShippingDocumentsService.asmx,200,235,"2xx, no errors",True,,
2026-10-06T09:47:04,Development,SOAP,runs/cert-soap-documents.yaml,82,DOC · INTL · CustomsInvoiceThermal · ZPL · Thermal · BASE64,POST,devwebservices.purolator.com/EWS/V1/ShippingDocuments/ShippingDocumentsService.asmx,200,231,"2xx, no errors",False,,1001181 Unsupport Document Type.
2026-10-06T09:47:04,Development,SOAP,runs/cert-soap-documents.yaml,83,DOC · INTL · CustomsInvoiceThermal · ZPL · Thermal · BASE64 · FR,POST,devwebservices.purolator.com/EWS/V1/ShippingDocuments/ShippingDocumentsService.asmx,200,265,"2xx, no errors",False,,1001181 Type de document non support&#233;.
2026-10-06T09:47:04,Development,SOAP,runs/cert-soap-documents.yaml,84,DOC · INTL · InternationalBillOfLadingThermal · ZPL · Thermal · URL,POST,devwebservices.purolator.com/EWS/V1/ShippingDocuments/ShippingDocumentsService.asmx,200,248,"2xx, no errors",True,,
2026-10-06T09:47:04,Development,SOAP,runs/cert-soap-documents.yaml,85,DOC · INTL · InternationalBillOfLadingThermal · ZPL · Thermal · URL · FR,POST,devwebservices.purolator.com/EWS/V1/ShippingDocuments/ShippingDocumentsService.asmx,200,401,"2xx, no errors",True,,
2026-10-06T09:47:04,Development,SOAP,runs/cert-soap-documents.yaml,86,DOC · INTL · CustomsInvoiceThermal · ZPL · Thermal · URL,POST,devwebservices.purolator.com/EWS/V1/ShippingDocuments/ShippingDocumentsService.asmx,200,406,"2xx, no errors",False,,1001181 Unsupport Document Type.
2026-10-06T09:47:04,Development,SOAP,runs/cert-soap-documents.yaml,87,DOC · INTL · CustomsInvoiceThermal · ZPL · Thermal · URL · FR,POST,devwebservices.purolator.com/EWS/V1/ShippingDocuments/ShippingDocumentsService.asmx,200,240,"2xx, no errors",False,,1001181 Type de document non support&#233;.
2026-10-06T09:47:04,Development,SOAP,runs/cert-soap-documents.yaml,88,DOC · INTL · InternationalBillOfLadingThermal · ZPL · Thermal · STRING,POST,devwebservices.purolator.com/EWS/V1/ShippingDocuments/ShippingDocumentsService.asmx,200,230,"2xx, no errors",True,,
2026-10-06T09:47:04,Development,SOAP,runs/cert-soap-documents.yaml,89,DOC · INTL · InternationalBillOfLadingThermal · ZPL · Thermal · STRING · FR,POST,devwebservices.purolator.com/EWS/V1/ShippingDocuments/ShippingDocumentsService.asmx,200,254,"2xx, no errors",True,,
2026-10-06T09:47:04,Development,SOAP,runs/cert-soap-documents.yaml,90,DOC · INTL · CustomsInvoiceThermal · ZPL · Thermal · STRING,POST,devwebservices.purolator.com/EWS/V1/ShippingDocuments/ShippingDocumentsService.asmx,200,407,"2xx, no errors",False,,1001181 Unsupport Document Type.
2026-10-06T09:47:04,Development,SOAP,runs/cert-soap-documents.yaml,91,DOC · INTL · CustomsInvoiceThermal · ZPL · Thermal · STRING · FR,POST,devwebservices.purolator.com/EWS/V1/ShippingDocuments/ShippingDocumentsService.asmx,200,366,"2xx, no errors",False,,1001181 Type de document non support&#233;.
2026-10-06T09:47:04,Development,SOAP,runs/cert-soap-documents.yaml,92,DOC · INTL · InternationalBillOfLading · PDF · Laser · BASE64,POST,devwebservices.purolator.com/EWS/V1/ShippingDocuments/ShippingDocumentsService.asmx,200,307,"2xx, no errors",True,,
2026-10-06T09:47:04,Development,SOAP,runs/cert-soap-documents.yaml,93,DOC · INTL · InternationalBillOfLading · PDF · Laser · BASE64 · FR,POST,devwebservices.purolator.com/EWS/V1/ShippingDocuments/ShippingDocumentsService.asmx,200,231,"2xx, no errors",True,,
2026-10-06T09:47:04,Development,SOAP,runs/cert-soap-documents.yaml,94,DOC · INTL · CustomsInvoice · PDF · Laser · BASE64,POST,devwebservices.purolator.com/EWS/V1/ShippingDocuments/ShippingDocumentsService.asmx,200,410,"2xx, no errors",False,,1001181 Unsupport Document Type.
2026-10-06T09:47:04,Development,SOAP,runs/cert-soap-documents.yaml,95,DOC · INTL · CustomsInvoice · PDF · Laser · BASE64 · FR,POST,devwebservices.purolator.com/EWS/V1/ShippingDocuments/ShippingDocumentsService.asmx,200,236,"2xx, no errors",False,,1001181 Type de document non support&#233;.
2026-10-06T09:47:04,Development,SOAP,runs/cert-soap-documents.yaml,96,DOC · INTL · InternationalBillOfLading · PDF · Laser · URL,POST,devwebservices.purolator.com/EWS/V1/ShippingDocuments/ShippingDocumentsService.asmx,200,318,"2xx, no errors",True,,
2026-10-06T09:47:04,Development,SOAP,runs/cert-soap-documents.yaml,97,DOC · INTL · InternationalBillOfLading · PDF · Laser · URL · FR,POST,devwebservices.purolator.com/EWS/V1/ShippingDocuments/ShippingDocumentsService.asmx,200,469,"2xx, no errors",True,,
2026-10-06T09:47:04,Development,SOAP,runs/cert-soap-documents.yaml,98,DOC · INTL · CustomsInvoice · PDF · Laser · URL,POST,devwebservices.purolator.com/EWS/V1/ShippingDocuments/ShippingDocumentsService.asmx,200,228,"2xx, no errors",False,,1001181 Unsupport Document Type.
2026-10-06T09:47:04,Development,SOAP,runs/cert-soap-documents.yaml,99,DOC · INTL · CustomsInvoice · PDF · Laser · URL · FR,POST,devwebservices.purolator.com/EWS/V1/ShippingDocuments/ShippingDocumentsService.asmx,200,260,"2xx, no errors",False,,1001181 Type de document non support&#233;.
2026-10-06T09:47:04,Development,SOAP,runs/cert-soap-documents.yaml,100,DOC · INTL · InternationalBillOfLading · PDF · Laser · STRING,POST,devwebservices.purolator.com/EWS/V1/ShippingDocuments/ShippingDocumentsService.asmx,200,249,"2xx, no errors",True,,
2026-10-06T09:47:04,Development,SOAP,runs/cert-soap-documents.yaml,101,DOC · INTL · InternationalBillOfLading · PDF · Laser · STRING · FR,POST,devwebservices.purolator.com/EWS/V1/ShippingDocuments/ShippingDocumentsService.asmx,200,281,"2xx, no errors",True,,
2026-10-06T09:47:04,Development,SOAP,runs/cert-soap-documents.yaml,102,DOC · INTL · CustomsInvoice · PDF · Laser · STRING,POST,devwebservices.purolator.com/EWS/V1/ShippingDocuments/ShippingDocumentsService.asmx,200,389,"2xx, no errors",False,,1001181 Unsupport Document Type.
2026-10-06T09:47:04,Development,SOAP,runs/cert-soap-documents.yaml,103,DOC · INTL · CustomsInvoice · PDF · Laser · STRING · FR,POST,devwebservices.purolator.com/EWS/V1/ShippingDocuments/ShippingDocumentsService.asmx,200,387,"2xx, no errors",False,,1001181 Type de document non support&#233;.
2026-10-06T09:47:04,Development,SOAP,runs/cert-soap-documents.yaml,104,DOC · OPTION · DangerousGoodsDeclaration,POST,devwebservices.purolator.com/EWS/V1/ShippingDocuments/ShippingDocumentsService.asmx,200,242,"2xx, no errors",False,,1001181 Unsupport Document Type.
2026-10-06T09:47:04,Development,SOAP,runs/cert-soap-documents.yaml,105,DOC · OPTION · DangerousGoodsDeclaration · FR,POST,devwebservices.purolator.com/EWS/V1/ShippingDocuments/ShippingDocumentsService.asmx,200,237,"2xx, no errors",False,,1001157 NIC est requis.
2026-10-06T09:47:04,Development,SOAP,runs/cert-soap-documents.yaml,106,DOC · OPTION · COSBillOfLading,POST,devwebservices.purolator.com/EWS/V1/ShippingDocuments/ShippingDocumentsService.asmx,200,356,"2xx, no errors",True,,
2026-10-06T09:47:04,Development,SOAP,runs/cert-soap-documents.yaml,107,DOC · OPTION · COSBillOfLading · FR,POST,devwebservices.purolator.com/EWS/V1/ShippingDocuments/ShippingDocumentsService.asmx,200,215,"2xx, no errors",False,,1001157 NIC est requis.
2026-10-06T09:47:04,Development,SOAP,runs/cert-soap-documents.yaml,108,DOC · OPTION · ExpressChequeReceipt,POST,devwebservices.purolator.com/EWS/V1/ShippingDocuments/ShippingDocumentsService.asmx,200,315,"2xx, no errors",True,,
2026-10-06T09:47:04,Development,SOAP,runs/cert-soap-documents.yaml,109,DOC · OPTION · ExpressChequeReceipt · FR,POST,devwebservices.purolator.com/EWS/V1/ShippingDocuments/ShippingDocumentsService.asmx,200,446,"2xx, no errors",True,,
2026-10-06T09:47:04,Development,SOAP,runs/cert-soap-documents.yaml,110,DOC · OPTION · ExpressChequeReceiptThermal,POST,devwebservices.purolator.com/EWS/V1/ShippingDocuments/ShippingDocumentsService.asmx,200,343,"2xx, no errors",True,,
2026-10-06T09:47:04,Development,SOAP,runs/cert-soap-documents.yaml,111,DOC · OPTION · ExpressChequeReceiptThermal · FR,POST,devwebservices.purolator.com/EWS/V1/ShippingDocuments/ShippingDocumentsService.asmx,200,248,"2xx, no errors",True,,
2026-10-06T09:47:04,Development,SOAP,runs/cert-soap-consolidation.yaml,1,01 · Express Cheque to client,POST,devwebservices.purolator.com/EWS/V2/Shipping/ShippingService.asmx,200,765,"2xx, no errors",True,400021523396,
2026-10-06T09:47:04,Development,SOAP,runs/cert-soap-consolidation.yaml,2,02 · Express Cheque return,POST,devwebservices.purolator.com/EWS/V2/ReturnsManagement/ReturnsManagementService.asmx,200,674,"2xx, no errors",True,400021523412,
2026-10-06T09:47:04,Development,SOAP,runs/cert-soap-consolidation.yaml,3,03 · Multipiece US Express (4 piece),POST,devwebservices.purolator.com/EWS/V2/Shipping/ShippingService.asmx,200,593,"2xx, no errors",True,400021523420,
2026-10-06T09:47:04,Development,SOAP,runs/cert-soap-consolidation.yaml,4,04 · US Pack,POST,devwebservices.purolator.com/EWS/V2/Shipping/ShippingService.asmx,200,571,"2xx, no errors",True,400021523461,
2026-10-06T09:47:04,Development,SOAP,runs/cert-soap-consolidation.yaml,5,05 · US Box,POST,devwebservices.purolator.com/EWS/V2/Shipping/ShippingService.asmx,200,581,"2xx, no errors",True,400021522935,
2026-10-06T09:47:04,Development,SOAP,runs/cert-soap-consolidation.yaml,6,06 · US Envelope,POST,devwebservices.purolator.com/EWS/V2/Shipping/ShippingService.asmx,200,1812,"2xx, no errors",True,400021522950,
2026-10-06T09:47:04,Development,SOAP,runs/cert-soap-consolidation.yaml,7,07 · Consolidate (first),POST,devwebservices.purolator.com/EWS/V2/Shipping/ShippingService.asmx,200,267,"2xx, no errors",True,,
2026-10-06T09:47:04,Development,SOAP,runs/cert-soap-consolidation.yaml,8,08 · Return,POST,devwebservices.purolator.com/EWS/V2/ReturnsManagement/ReturnsManagementService.asmx,200,743,"2xx, no errors",True,400021522968,
2026-10-06T09:47:04,Development,SOAP,runs/cert-soap-consolidation.yaml,9,09 · Multi domestic,POST,devwebservices.purolator.com/EWS/V2/Shipping/ShippingService.asmx,200,721,"2xx, no errors",True,400021523479,
2026-10-06T09:47:04,Development,SOAP,runs/cert-soap-consolidation.yaml,10,10 · Consolidate (second),POST,devwebservices.purolator.com/EWS/V2/Shipping/ShippingService.asmx,200,295,"2xx, no errors",True,,
